info: MySQL connected successfully {"timestamp":"2026-08-09T08:52:09.266Z"}
info: Resumed 0 active schedules {"timestamp":"2026-08-09T08:52:09.282Z"}
Server running on http://localhost:3000
info: Server started on port 3000 {"timestamp":"2026-08-09T08:52:09.287Z"}
▄▄▄▄▄▄▄▄▄▄▄▄▄▄▄▄▄▄▄▄▄▄▄▄▄▄▄▄▄▄▄▄▄▄▄▄▄▄▄▄▄▄▄▄▄▄▄▄▄▄▄▄▄▄▄▄▄▄▄
█ ▄▄▄▄▄ █ ▄▀▄▀█▀ █▄█▀ ▄   █  ▀ ▄█  █▀ █ █▄ ▄▀▄▀▄ ██ ▄▄▄▄▄ █
█ █   █ █  ▀ █ ▄▄ █▄██▄ ▄▄▀█▄ ██▄▄▀▄██▄ █  ▄▄▄ ▄ ██ █   █ █
█ █▄▄▄█ █▀█▀█▀ ▄▀██▀▀█▀█▀   ▄▄▄ ▀▄▀▀▀ █▄ ▄▀▄▀█▄▀▄██ █▄▄▄█ █
█▄▄▄▄▄▄▄█▄█▄█▄▀ ▀ ▀▄▀ ▀ ▀▄█ █▄█ ▀▄█▄█ ▀▄▀▄█▄▀ █ █ █▄▄▄▄▄▄▄█
█  ██ ▄▄██▄▄▀ █▄█▄▀▄▀▀▄▀▀▀▀▄ ▄  ▄ ▄█▀ █▀▄█▀▀▀ ▀▄ ▀█▀▄▀▄ ▄▄█
█▄   ██▄▄▀██ ▄▄ ▄█▄█▀▀▀█▄▄▀█  ▄▀▀█ ███▀▄ ▀▄▄▄▀█  ▀▄█▀▄▄▄ ▀█
█▄ █ ▀▄▄▄▀▀▀▄▀▀▀▄▄▀ ▄ ▄▄▄▀▄  █▀█▀ █▄  ▄▀ ▀▀▀█▄▀█▄▀█▀▄██   █
█▄ ▄▀ ▀▄▀▀ ▀ ▄▀█▄▀▄▀  █▄ ▀▄▄   █ ██▀▄█▀█▄▄ █    ▄█▀ ▀███▄██
██▄ ▀ █▄▀ ██ ██ ▀▄  ▀▀▄▀  ▀▀▄ ▄▀▀ ▄█ ▄█▀█▀▀▀  █▄ ▀▀▀▄▀  ▄██
█▄▄  ▄▄▄▀█ ▀▀ ▀█▄▀ ▀▄▄▀ █▄ █▀█▀▄▄▀█▀▄█▀█ ▄█▄█ ██▀█ ▄  █▄▄▀█
███ ▄▄█▄ ▄▀█▄▀▄ ▀▀ ▄▀ ▄▀▀▄▄▄▄▀  █  █  █ ▄▀█ █ ▀█▄▀█▀▄▀▄▀▄▄█
█▄█▀ ▄▄▄▀  ▄██ ▀▄██▀▄█ █▄ ▀ █▄▄▀████▀██▀▄▄█ ▀▀▄▀█ ▀██▀▄▄▀▀█
█ █▄▄  ▄ ▀  ▄▄█▀▀▄▄▄ ▀▀▀ ▀▄ ▄▀█ ▀███ ▄▄▀ █▀ ▀▄▀▄ ▀▄  ██▀▀██
█▀ ▀█ ▄▄▄  ▀ ▀▄██▀▀  ▀▄ ▄▄▄ ▄▄▄   █▀  █ ▄▄███████ ▄▄▄ ▄█ ▀█
█ █▀▄ █▄█ ▀▄▄██▄▀█▄▀ ▀▀█ ▀▄ █▄█ ▄ ▀▄  ▄▀▄▀▀▀▀ ▀▄█ █▄█ ▄▄▄██
█ ▀▀ ▄ ▄  ▀█▀█▄▄▀█▄▄▄█▄▀███▄  ▄  ▀▄▄ ▀  ▄ ▀██▄▄ ▄    ▄▄█ ▀█
█▀▀ ▄  ▄   █  ▀▀▄▄▄▄▀▀▄▀ ▀ █▀█▀ ▀▄▄█▄▄█▀ █  █▄ ▄██▀▄▀▄▀▀▀██
██  ▀ ▀▄██▀▄▄█ ▀█ ▄▀▀▄███▄▀▄▄█▄█ ▀ █▄█ ▀     ▄▀ █▄▄▀ ▀▄▄ ██
█▄▄█▀█▀▄▄█    █▄▄█  ▄▄ █▄ ▀▄▄█▀▀▀▄▀▄ ▄█▀▄▀▀ ▀▄▄▄▀▀▀ ▀█▀ ▀██
█▀█▄ ▀▄▄▄▄██▄▀▄▀▀ ▄ ▀  ▀▀██ ▀ █▀▀█▀ ▀▄█▀▀▀▀ ▀█▀▀▄▀ █▄█▄▄▄▄█
██▀▄█▄ ▄ ▀▄▄█▄█▄ ▄▄ ▀▀▄▀ ▀ ▄▄▄█▄▄ ▄█▄ ▄ ▄▀▄ █  ▄█ ▄ ▀█ ▀ ▄█
█▄▄▀▀▄▀▄▀▀█▄█ ▀ ▄ ▄█ ▄▀█ ▄█▀▀▀█▀▀▀▄ ▄▄▀▄▄▄▀▄▄▀█▀█▄▄▀  █████
█▀▄▄▄█▄▄█▄  █▀▀ █▄▀ ▄ ▄▄   █▀▄ ▄█ ▀▄▄▄▀▀ ▀ ▀▀▄ ██▀█▄▄▄█▄▀▄█
█ ▀ ▀▀▄▄ █▀▀ ▀▄ ▀ ▀▀ ▄▄█▀▀▄ █▀▀█▀▀▄▄▄▄▄▄▀▄ █▄  ▀ ▀ ▀▄█▄▄▀▀█
███████▄█ ▄██▄▄▀▀█  ▄  █▀▀▄ ▄▄▄  ▄▀█▄ ▀  █  ▄ ▀▄█ ▄▄▄ ▀▄  █
█ ▄▄▄▄▄ █▀  █▄▀▄ ▀▄█▀█▀ ▀▄█ █▄█  ▀ ▄▀▀▄  ▄▄▄ ▄▄ █ █▄█  ▄ ██
█ █   █ █▄ █  ▀▀▀▀ ▄▀  █▀▄█▄▄▄ ▄█▄▀█▄▄▄▀▄▀█ ▀  █ ▄▄▄ ▄▄▀ ▀█
█ █▄▄▄█ █▀▄▀▀█ ▀▄█ ▀▄█▀▀▄ ▀▀▀▄▄ ▄████▀ ▄ ██▄▄█   ▀ ██ █████
█▄▄▄▄▄▄▄█▄▄▄▄▄▄▄█▄▄▄██▄█▄██▄█▄█▄███▄▄▄█▄▄██▄█▄▄███▄█▄████▄█

▄▄▄▄▄▄▄▄▄▄▄▄▄▄▄▄▄▄▄▄▄▄▄▄▄▄▄▄▄▄▄▄▄▄▄▄▄▄▄▄▄▄▄▄▄▄▄▄▄▄▄▄▄▄▄▄▄▄▄
█ ▄▄▄▄▄ █▀▀▀▄▀▀█▀█▄█▀█▀ █▄ ██▀ ▄ ██▀██▄█▀▄▄  ▄▄▄ ██ ▄▄▄▄▄ █
█ █   █ █▀ ▄█  ▄██ ▀▄█▄█▀▀▀█▄█  █▄▀▀  ▄ ███▀ ▄ ▄ ██ █   █ █
█ █▄▄▄█ █▀▄█▄▄█▀▄██▀▄ ▄█▀ █ ▄▄▄ ▀ ▄▀   ▀██▀▄█ ▀▀▄██ █▄▄▄█ █
█▄▄▄▄▄▄▄█▄▀▄▀▄▀ ▀▄█ ▀ ▀▄█ █ █▄█ ▀▄█ ▀▄▀▄▀ ▀ ▀ █▄▀▄█▄▄▄▄▄▄▄█
█ ▄   ▀▄▄ █ ▀▀ ▀ ▄▀▄▄▄▀▀▀▀ ▄▄▄  ▀█▀█▀  ▄▀█▀▀▄█▄▄ ▀ █ █▄▀ ▀█
█▀   ▀ ▄▀▄▀  ▄▄ ▄ ▀ ▀▀▀ ▀▀ █▄█▀▄▀█    █  ▄█▀▄▀▀▀███▄▄ ▀▀ ▀█
█▄█  ▀▄▄  ▄ ▄▀▄▄▀▄▀ ▀█▀▄▄▀ ▄█▀▀█▄█ ▄  ▀▄█▀▄  ▀█▄█▀ ▄ █▀ ███
█▀  ▀█▄▄▀  ▄█▀▀█▄▄█▀  ▀▀█▄▄▄▀▄▀▄ ██▄█ ▄█ █▄▀      ▀ ▀▀ ▀▄██
█▄██▄ █▄▄█ █ █ █▄▄▄ ▀▄▀▀▀ ▄▄▀  ▀▄█▀▄  ▀▄█▀  ▄▀ █ ▀▄▄▀▀ ▀█▄█
██▄▀ ██▄▀█ ▄▄█▀█▀██▄▀█▀█▄  █▀ █ ▄██▄█ ▀▄█▀▀ ▄▀█ ▄ ▄  █ ▀▄▀█
█▀▀█▀█▀▄█▀▄█ █▀█▄▀ ▄▄█▀▀▀▄▀▀▀▀  ▄███   █▀██ ▄▀▄█▄▀██▀▀▄▀ ▀█
█▀█▀ █ ▄█▄    ▀▄▄  ▄▄█  ▀█▀ █▀▀▄▄██ █ █▀▄  █▀▀▄▄ █ ▄█ ▀▀▀▀█
█  ▀▀█▀▄▀▀ ▀█▄ ▄▄▄▄▄█▄▄▀ ▀█▀▀▀█ ▄  █ ▄▀▄██▀ ▄▀▄▄▀▀▀█▄██▀▄ █
█▄ ▀█ ▄▄▄  ▄▄▀▄ █▄▄█ ▀▄█▀▀▀ ▄▄▄   █▄███▄▄▀  ██▀▄▀ ▄▄▄ ▀  ▀█
█   ▀ █▄█ ▄█▄█▀▀▄█▄▀█▄▄█ ▀█ █▄█ ▀█▄▄  ▀▄▀▀▀ ▄██▄█ █▄█ ▄▀▀ █
█▀▀▄  ▄▄  ▀ ▄ ▄▄▀ ▄▄▄██▄  ▄  ▄ ▄ ▀▄ ▀▄▀▄ ██ ▀  █ ▄▄▄ ▄█▀ ▀█
███▄▀  ▄ ▄██  ▄▄█▄▄▄▄▄▀█ ▀█  ▄▀ ▄▀▀█   ▄█▀▄ ▀▀▄▄█ ▄▀█▄ ▀▄ █
█▄█▄██▄▄ █▀▀▀  ▀▀ ▀▄▄██  ▄▀▄█ ▀ ▄▀  ██▀▀▀█▄██▀▀▄ ▀▄▀▀▄▀▀ ▀█
█▀█ ▄█▀▄▀ █ █▀ ▀▀█  ▀▀██▄ ▄▀▀█▀▀▄█▄▄▄  ▄▀▀▀  █▀▄▀▀▄█▄█▀ ▄ █
█▄█▄ ▄▀▄▄▄█▀ ▄▀▄▀█▀█▀  ▄▄ █ ▀█▄ ▀▄▀██▀█▀ ▄▄█▀█▀▄▀▄ █▄ ▀▀▄▄█
██▄▀ █ ▄█▄▄▀█ ▄▀█▄▄ ▄▄▀▀ ▀█▀▀▄█▄▀█▀█▄ ▀█▀▀▄  ██▄█  █▄█▄▀█▀█
█▀▄▀▀ ▀▄▀▀ ▀▀██▄▄█▀  ▄▀ █▀█▀▀▄ ▄▀▀▄▀▀▀█ ▄▀ █▄▀█  ▀▄▀ █  ███
█▀▀▄  ▄▄█▄█▀█▀██ ▄▀ ▀█▀▄  ▄█▄▄ ▄ █▀█▄▄ ██▀▀▀▄▀ █▀▄▀▄█▄▀ ▄▀█
█ ▀ ▀▀▄▄▄ ▀▄█▄▄ ▀█ ▀ ▄ ▄▄▄█ █▄▄ ▀▀▄ █▀▀████  ▄ ▄▄▄▄█▀ ▀ ▀▀█
███████▄█▀▀██▄▀▄▄█▄ ▄▄▀█▀▀▀ ▄▄▄ █▀▄█ ▄▄▄██ ▀ ▀ ▄█ ▄▄▄ ▀▄█▀█
█ ▄▄▄▄▄ █▄ █ ▀▀▄▄█▀ █ ▀██▀█ █▄█ ▄█ ▀ ▄▄       ▄▄▄ █▄█ █▀ ██
█ █   █ █ ███ ▄▄▄▀ ▄▄███▀▄   ▄ ▄ ▀▄██▄▀▄▀▀█ ▀▀██ ▄    ▄▀█▄█
█ █▄▄▄█ █  ▀▀▄▄▀▄ █▄▄█▀▄▀█▀▀▀▀▀██▄█ ▀▄ ▄▀  ▀▄▄ ██▄ █▀▀  ███
█▄▄▄▄▄▄▄█▄█▄█▄▄█▄▄▄▄▄▄██▄█▄█▄▄█▄▄▄▄▄▄▄▄████▄▄██████▄▄▄██▄██

▄▄▄▄▄▄▄▄▄▄▄▄▄▄▄▄▄▄▄▄▄▄▄▄▄▄▄▄▄▄▄▄▄▄▄▄▄▄▄▄▄▄▄▄▄▄▄▄▄▄▄▄▄▄▄▄▄▄▄
█ ▄▄▄▄▄ █▀ ▄ █▀▄ ▄▀▀▄▄ █ ▄ ▄▄▄▄  ▄ ▄▀▄    █ ▄ █▄ ██ ▄▄▄▄▄ █
█ █   █ █▄▀█▄▄▄▄▄███▀▄█▄▄▄███▄█▄█▄  ▄▄  ▄▄ █▀▄▀▄ ██ █   █ █
█ █▄▄▄█ █ ▀▀ █ ▄████▀███▀▄  ▄▄▄ ▄▄█▀ ▄█▄ █▀ ▀▀ ▀▄██ █▄▄▄█ █
█▄▄▄▄▄▄▄█ █▄▀ ▀ ▀ ▀▄▀ ▀ ▀▄█ █▄█ ▀▄█▄█ ▀▄▀▄█▄▀ █ █ █▄▄▄▄▄▄▄█
█▄ ▀ ██▄▄▀  ▄█▄▀▀█▄  ▄  ▄█ ▄▄▄▄▄██ ▄▄▄▄▄ ▄▄█ ███▄██▄▄ ▀▄▄▀█
████▀  ▄█▄██▄▀▀██ ▀▄▄▄  ▀█▀ ▀█▀ ▄ █▄ ▄ █▀▄█▀▀▄▄▀▄▀▀ █▄▀██▄█
█ █  ▄ ▄ ▄   █▄█ ▀█▄▀▄ ▀ █ █  █▀▄▄▀▀▄▄▀█▄▄▄█  ▄▀▀█ █ ▄▀ █▄█
█ ▀▄▀▄▀▄█ ▀█ █████▀▄▄ ▄    ▄ ▄▄▄▄█ █▄▄▀ █ █▄  █ ███ ▀ █▄ ██
█ ▀██ █▄▀ ▀█ ▀█ █▄▀ ▄ █▀ █▀▀   █▀  ▄▄ ▄ ▄█ ██ ▄█ █▀▀ ▀▀▄ ██
█▄  ▀▄▀▄▀▄▀▀ ▀▀▄▄▀▀ ▀   ▀▄ ▄ █▀▄▄ ▄▀▀ ▀█▀▀██▄ ██ ▄ █▀ ▄█  █
██▄█ ██▄▀▀█▄▄▄███ █  █  ▄ █▀  █▄▄▀▄▄█▄▄█   ▄ ██▄▀██▄  ▀█▄ █
██ ▄▀█▄▄▄█▀▄▄▄█▄█   ▀ ▀ ▀▀▄█▄▀▀ ▀▀▄ █▄ ▄▄▀ ▀▄▄█▄ ▀▀▄  ▀█▄▄█
█▄    █▄██▄▄ ▄▄▀█▀  ███▄▄██  ▄▀▄▄▀▀ ▄ ▀█▄ █▄▄ █▀▀█ ▄▀▄▀█▄▀█
█ ▄▀▄ ▄▄▄ ▀▄  ▀▀▄█▀▀▄▀█▄▄█▀ ▄▄▄ ▄  █ ▀█▄█ ▀▄▀█▄█▀ ▄▄▄  ▄▄▀█
█▄█▄▀ █▄█ ▀▄▄▀ ▀██▄█ ▀██ █  █▄█ ▄ ▄▄ ▄█  ▀▀█▀ █▄▀ █▄█ ▄▀▄██
█ ▄█   ▄▄  █ ▄▄█ █▄ ▄▄  ▄▄▄▄  ▄   █▄█ █▄▀ ▀ ▀█▄    ▄ ▄▀█  █
██ ▀█▀█▄ ▀▄▄█▄ ▄ █▀▄██ ▄█▄▀  █▄▄ ▀ ▄█ ▄▄▄ ▄█ ▀██ ▄ ▀ ███  █
█▄██▀█▄▄█▀ ▀▀▄█▄  ▀ ▄▀▄ █ ▄▀▀ ▀▄▀ ▀ ▀ █▄▄▀▄ █▄▀█ █▀▄▄▄▀██▄█
██ ▀█ █▄▀▀▄█ ▀    ▄▄▀ ▄  ▄▄   ▀█▄ █▀ ▄ █▀ █▄ ▄ ▀██▄▄█ █▄▄▀█
█ ▀▄▀█▄▄ ▄▀█▀▄█▀ ▄▄▀█ ▀█▀▄▀  ▄█▄██ ▄▀▄▀▀▀█▀▀▄▄ █▄ ▄██▀▄█ ▄█
█▀▀▄▀▄▀▄ ▀█ ▄█▄█▄▄▄▄▀▀ ▀ █ ▄ ▄█ ▄  █▄▄▄  ▀▄▄█ ▄▄█▄  ██ █ ▄█
██▄  █ ▄▀ █▀▀▄▀▄█ █▄ █ █▀█▀  ▀▄ ▀ ▀ ███▀█▄▄█▄  ▀▄█▄▄▀ ▀▄█▄█
███ █▀█▄█▄██ ██ ▀█▄▄██ ██▄  ███ ▄█▄▄▀ ██▄ ▄▄ ▀▄█   ██▄██ ▀█
█ ▀ ▀▀▄▄ █ ▄█ ▀█ █  █▀▀▄▄  ▀▄▄▄▄▄▄█ ▀▀ █▄█▀███▄██▀█▄▀  █▄▄█
███████▄█   ▀ ▀██  ▄ █  █▄▀ ▄▄▄ █ █   ▀█▄ ▀▄▄▄▄ █ ▄▄▄ ▄ █ █
█ ▄▄▄▄▄ █▄▀▄███▄█▄▄▄█▄ ▄█▀▀ █▄█  █▀ ██▀ ▄ ██ ▀██▀ █▄█  ████
█ █   █ █▀▄█▄▄▀▀█▀  ▀ ▄█▀ █▄▄▄  ▀▄██  ▄▀███▄▀ ▄█▀ ▄▄▄ ▄█▀ █
█ █▄▄▄█ █▀█▀▀ █ ██▀ ▄▄ ▀█▀▀   █▀█▄▄█▄  █▀▄▄███▀ ▀  ▄ ▄▄▄█▄█
█▄▄▄▄▄▄▄█▄▄█▄▄█████▄▄▄▄▄██▄██▄▄▄▄▄███▄▄█▄▄▄▄▄█▄▄▄██▄▄▄▄█▄██

▄▄▄▄▄▄▄▄▄▄▄▄▄▄▄▄▄▄▄▄▄▄▄▄▄▄▄▄▄▄▄▄▄▄▄▄▄▄▄▄▄▄▄▄▄▄▄▄▄▄▄▄▄▄▄▄▄▄▄
█ ▄▄▄▄▄ █ ▄▀▄▀█▀▀█▄█▀▄█ █▄█  ▀ ▄█ ▄██ █ ▄▄▄ █ ▀▄ ██ ▄▄▄▄▄ █
█ █   █ █  ▀ █ ▄█▀█▄█▄▄ ██▀█▄ ██▀█▀▄▄█▄ ▄▀ ▄▀▄ ▄ ██ █   █ █
█ █▄▄▄█ █▀▀█▄▀ ▄▀██▀▀█▀█▀   ▄▄▄ █ ▀▀ ▀█▄▀ ▀▄▀▀▄▀▄██ █▄▄▄█ █
█▄▄▄▄▄▄▄█▄█ ▀ ▀ ▀ ▀▄▀ ▀ ▀▄█ █▄█ ▀▄█▄█ ▀▄▀▄█▄▀ █ █ █▄▄▄▄▄▄▄█
█  ██ ▄▄██▄▀▀▀█▄█▄▀▄▀▀▄▀▀▀▀▄ ▄  ▄ ▄█▀ █▀▄█▀▀▀ ▀▄ ▀█▀ ▀▄ ▄▄█
█▄   ▄▄▄██▀▀  ▄ ▄█▄█▀▀▀█▄▄█▄ ▄▄▀▀█▄████  ▀ ▄▄▀█ ▄▄██▀▄▄▄ ▀█
█▄ ▄▄▀▄▄█▀██▄▀▀▀▄▄▀ ▄ ▄▄▄▀█▀ █▀█▀ ▀█  ▄  ▀  █▄ ▄▄▀█▀ ██   █
█▀█▀▄ ▀▄   ▀ ▄▀█▄▀ ▄  ▄█ ▀▄▄▀ ▄█ █ ▀▄▀▄ ▄ ██  ▀▀▀█▀ ▀▄██▄██
█▀▀█▀ █▄▀ ██ ██ ▀█  ▄▀▄▀  ▀▀▄ ▀▀▀ ▄██▄▄  █  █ █▄ ▀▀▀▄▀ ▀▄██
█▀▀██  ▄▀█ ▀▀ ▀█▀▄ ▀▀█▀ █  █▀█▀▄ ▀█▀ ▀▀▄ ▀▄▄▀▀██▀█ ▄  █▄ ▀█
█▀█ ▄█ ▄ ▄▀█ ▄▄ ▀▀ ▄▀ ▄▀▀▄▄▄▄▀  ▄  █▄ █ ▄▀█ ▄ ▀█▄▀  ▄▀▄▀▄██
█▄█▀ ██▄█ ▀▄██ █▄██▀▄█ █▄ ▀ █▄▄▀████▀██▀███  ▀▄▀█ ▄▄██▄▄▀▀█
█ █▄▄ ▀▄▀▄ ▄█▄  ▀▄▄▄ ▀▀▀ ▀ ▄▄▀█ ▀███ ▄▄▀ █▀ ▀▄▀▄  ▄▀▄▀█▀▀██
█▀ ▀█ ▄▄▄ ▄▄█▀ ██▀▀  ▀▄ ▄▄█ ▄▄▄   ██  █▄▄▄▀████▀▀ ▄▄▄ ▄█ ▀█
█ █▀  █▄█ ▄ ▄█▀▀▀█▄▀ ▀▀█ ▀▄ █▄█ ▄ ▀█  ▄ ▄▀▄▀▀ ▀▄█ █▄█ ▄ ▄██
█▄█▄▀  ▄▄▄▀█▀█▄▄▀█ █▄█████▄▄  ▄  ▀█▄▄▀██▄▄ ▄█  ▄  ▄▄▄ █▄ ▀█
███▀   ▄▄█ █  ▀▀ █ ▄▀▀█▀▀  █ █▀ ▀▄▄█ ▄ ▀█▀ ▀▀  ██▀▀▄▀▄  ▀██
█▄█ █ ▀▄██▀▄▄█ ▀█▀▄▀▀███▀▀▀▄▀█▄█▄█ ██ ▀  ▄▀▀ ▀▀▀█▄▄▀ ▀▄▄█▀█
█▀ █▀█▀▄▄█  ▀██▄▄█  ▄▄ █▄ ▀▄▄█▀▀█ ▀▄█▄█▀▄█▀   ▄▄▀▀▀ ▀█▀  ▄█
█▀█▄ ▀▄▄▄▄▀  ██ ▀ ▄ ▀  ▀▀██ ▀ ▀▀▀█▀ ▀██▀▀▀▀ ▀▄▀▀▄▀ █▄█▄▄▄▄█
██▀▄█▄▄▄ ▀ ▄▀▀ ▀ ▄▄ ▀▀▄▀ ▀ ▄▄▄█▄▄ ▄█▄ ▄ ▄▀▄ █  ▄█ █▄▀█ ▀ ▄█
█▄▄▀▀▀█▄▀▀  ▄▄ ▀▄ ▄█ ▄▀█ ▄▀▀▀▀█▀▀▀▄ ▄▄█ ▄▄█ ▄▀▀▀▀▀ █  ▄████
█▀▄▄▄██▄█▀███▀█▀█▄▀ ▄ ▄▄  ▀█▀▄ ▄█ ▀█▄▄▄▀ ▀▄▀▀▄ ▄▀██  ▄ ▀▀▄█
█ ▀ ▀▀▄▄▄█▀▀ ▀▄ ▀ ▄▄ ▄▄█▀▀▄▀█▀▀█▀▀▄█   ▀█▄▀ ▄  █▄▄ ▀ ▄██▀▀█
███████▄▄ ▄██▄▄▀▄▄  ▄  █▄▀▄ ▄▄▄  ▄▀█  █▀▀█  █▄▀█▀ ▄▄▄ ▀▄  █
█ ▄▄▄▄▄ █▀  █▄▀▄▀▄▄█▄▄▀  ██ █▄█ ▄█ ▄▄▀█▀ ▀█████▀▀ █▄█  ▄▄██
█ █   █ █▄ ██▄▀▀▀▀ ▄▀  █▀▄█▄▄▄ ▄█▄▀██ ▄▀ ██ ▀  █▀▄▄▄▄ ▄▀▀ █
█ █▄▄▄█ █▀▀▄  ▄▀▄█ ▀▄█▀▀▄ ▀▀▀▄▄ █▄██▄▀ ▄ ▄█▄▄▄   ▀ █▀▄█████
█▄▄▄▄▄▄▄█▄██▄████▄▄▄██▄█▄██▄▄██▄███▄▄▄█▄▄██▄█▄▄███▄██████▄█

▄▄▄▄▄▄▄▄▄▄▄▄▄▄▄▄▄▄▄▄▄▄▄▄▄▄▄▄▄▄▄▄▄▄▄▄▄▄▄▄▄▄▄▄▄▄▄▄▄▄▄▄▄▄▄▄▄▄▄
█ ▄▄▄▄▄ █▀▀▀▄▀▀██▀██ █▀▀▄  ██▀ ▄ █▄▀█▄▄█▀ ▄  ▄▄▄ ██ ▄▄▄▄▄ █
█ █   █ █▀ ▄█▄ ▄▄█ ▀█▄▄█▀ ▀█▄█   █▀▀█▀▄ ▄▄█▀▀▄ ▄ ██ █   █ █
█ █▄▄▄█ █▀ █▀██▀▄██▀▄ ▄█▀ █ ▄▄▄  ▄▄▀█▀ ▀█ ▀▄█▄▀▀▄██ █▄▄▄█ █
█▄▄▄▄▄▄▄█▄▀▄▀ ▀ ▀▄█ ▀ ▀▄█ █ █▄█ ▀▄█ ▀▄▀▄▀ ▀ ▀ █▄▀▄█▄▄▄▄▄▄▄█
█ ▄  ▄▀▄▄▄▄██  ▀ ▄▀▄▄▄▀▀▀▀  ▄▄  ▀█▀█▀  ▄▀█▀▀▄█▄▄▄▀ █ ▀▄▀ ▀█
█▀     ▄█▄▀█▄▀▄ ▄ ▀ ▀▀▀ ▀▀█▄ █▀▄▀█    ▀  ▄██▄▀▀▀▀ ███ ▀▀ ▀█
█▄██▀▀▄▄▀▀█▀▄▀▄▄▀▄▀ ▀█▀▄▄▀ ▄▀▀▀█▄█▀▄  ▀▄█▀█▀ ▀██   ▄▀▀▀▄███
█▀█ ██▄▄   ▄█▀▀█▄▄█▀  ▄▀█▄▄▄ █▀  █▀▄█▄██ █ ▀▄▄ ▄██▀ ▀  ▀▄██
█  █▄ █▄▄█ █ █ █▄█  ▄▄█▀  ▄▄▀ █ ▄█ █ ▄█▄██▀  █▀▄ ▀▄▄▀▀ ▀█▄█
█▄▄█ ██▄▀█ ▄▄█▀████▄▀█▀█   █▀ ▄▀ ██▄ █ ▄▀▀▀▀▄██ ▄  ▄ █ ▀▄▀█
█▄ █▀▄▀▄█▀▄█  ▀█▄▀ ▄▄█▀▀▀▄▀▀▀▀   ▀██▀▄ █▀▀█  ▀▄█▄▀▀█▀▀▄▀▀ █
█▀█▀ ▀ ▄█▄ ▀  █ ▄  ▄▄█  ▀█▀ █▀▀▄█▄█ █ █▀█  █ ▀▄▄ █  ▀▄▀▀▀▀█
█  ▀▀▀▀▄▀ █ ▀▀▀█▄▄▄▄█▄▄▀ ▀▀█▀▀█ ▄  █ ▄▀▄██▀ ▄▀▄▄ ▀▀▄█▀█▀▄ █
█▄ ▀█ ▄▄▄ ▄█▄▄▄▄█▄▄█ ▀▄█▀▀  ▄▄▄   █▄███▄▄▀▄ ██▀ ▄ ▄▄▄ ▀  ▀█
█   █ █▄█  ▀▄█ ▄▄█▄▀█▄▄█ ▀█ █▄█ ▀█▄█   █▀▀▀▀▄█▄▄█ █▄█ ▀▀▀ █
█▀▄ ▀▄ ▄  ▀ ▄ ▄▄▀ █▀▄█    ▄  ▄ ▄ ▀▄ █ █▄▄▀█▀█▄██▀▄  ▄▄   ▀█
█▀▀█▄  ▄ ███  ▄▄▄█ ▄▄▄█▀  █ █▄▀ ▄▀▀█▄▄ ▄ ▀ ▀ ███▀ ▄▀▄█▀▀  █
█▄ █ █▄▄▀█▀▀▀  ▀ ▀▀▄▀▀█ ██▀▄ ▀▀ ▄▀  █ ▀  █▄██ ▀█ ▀▄▀▀ ▀▀ ██
█ ▄ ▄█▀▄▀ █ █  ▀▀█  ▀▀██▄ ▄▀▀█ ▄ ▀▄▄▄▄ ▄██▀ ▄█▀▄▀▀▄█▄█▀ █ █
█▄█▄ ▄▀▄▄▄ ▄ ▄█▄▀█▀█▀  ▄▄ █ ▀█▀▄ ▄▀██▀█▀▀█▄█▀█▀▄▀▄ █▄ ▀▀▄▄█
██▄▀ ██▄█▄▄█  ▄▄█▄▄ ▄▄▀▀ ▀█▀▀▄█▄▀█▀█▄ ▀█▀▀▄  ██▄█ █ ▄█▄▀█▀█
█▀▄▀▀▄▄▄▀▀▄█▄▄▄█▄█▀  ▄▀ █▀▀▀▀▄ ▄▀▀ █▀▀█ ▄▀ ▀▄▀█▄ ▄ █ █▀▀███
█▀▀▀▄▀▀▄  █▄█▀▀█ ▄▀ ▀█▀▄  ██▄▄ ▄ ███▄▄▀▄█▀▀▀▄▀███▀█▄█▄█▄▄▀█
█ ▀ ▀▀▄▄▄▄▀▄█▄▄ ▀█▄  ▄ ▄▄▄█▄█▄▄ ▀▀▄ ▀██▄██▄█▄▄███▄▀▀██▀ ▀▀█
███████▄▄ ▀██▄▀▄▀▄ ▄▀█▀█ ▀▀ ▄▄▄ █▀▄█▄▄▀▄▀▀  ▄█▄▄█ ▄▄▄ ▀██▀█
█ ▄▄▄▄▄ █▄ █ ▀▀▄▄▄▀ ▄█▀█▀ █ █▄█ ▄▀ ▀▀▀▄▀   ▀ ▄▄▄▄ █▄█ █▀▄██
█ █   █ █ ███▄▄▄▄▀ ▄▄███▀▄  ▄  ▄█▀▄█▄ ▀▄█▀█ ▄▀██▀▄    ▄▀▄▄█
█ █▄▄▄█ █    █ ▀▄ █▄▄█▀▄▀█▀▀ ▀▀█▄▄█  █ ▄▀▀ ▀▄█ ██▄ ██▀  ███
█▄▄▄▄▄▄▄█▄▄██▄██▄▄▄▄▄▄██▄█▄████▄▄▄▄▄▄▄▄████▄▄██████▄████▄██

▄▄▄▄▄▄▄▄▄▄▄▄▄▄▄▄▄▄▄▄▄▄▄▄▄▄▄▄▄▄▄▄▄▄▄▄▄▄▄▄▄▄▄▄▄▄▄▄▄▄▄▄▄▄▄▄▄▄▄
█ ▄▄▄▄▄ █▀▀▀▄▀ █▀▀█▄ █ ▀▄▄ ██▀ ▄ ███ █ █▀▀▄▄█▄▄▄ ██ ▄▄▄▄▄ █
█ █   █ █▀ ▄█▄ ▄▄█ ▀██▄█▀▀▀█▄█  ▀▄▀▀█▀▄ ▄██▀▀▄ ▄ ██ █   █ █
█ █▄▄▄█ █▀▄██▀█▀▄██▀▄ ▄█▀ █ ▄▄▄ ▄█▄▀█▄ ▀ █▀▄ ▄▀▀▄██ █▄▄▄█ █
█▄▄▄▄▄▄▄█▄█▄▀▄▀ ▀▄█ ▀ ▀▄█ █ █▄█ ▀▄█ ▀▄▀▄▀ ▀ ▀ █▄▀▄█▄▄▄▄▄▄▄█
█ ▄   █▄   █ ▄ ▀ ▄▀▄▄▄▀▀▀▀▄▄▄▄  ▀█▀█▀  ▄▀█▀▀▄█▄▄▀  █ █▄▀ ▀█
█▀   ▀ ▄██ ██▄▄ ▄ ▀ ▀▀▀ ▀▀ █▄▀▀▄▀█    █▄ ▄██▄▀▀▀ ▀▄▄ ▀▀▀ ▀█
█▄██▄▀▄▄█▄▀█▄▀▄▄▀▄▀ ▀█▀▄▄▀▀█▀▀▀█▄█▀▄  ▀▄█▀▀  ▀██▀▀ ▄█▀█ ███
███ ▀█▄▄ ▀ ▄█▀▀█▄▄▀█  ▀██▄▄▄▀▄█  █▀▄█▄▀█ ▀ █  ▄▄▀▀▀ ▀▀ ▀▄██
█▀█ ▀ █▄▄█ █ █ ███ ▄ ▄██▀ ▄▄▀ ▀▀▄█▀█▀▄▀███▀▀▄███ ▀▄▄▀▀  █▄█
█▀▀ ▄█▀▄▀█ ▄▄█▀██ █▄▄█▀█▄▀ █▀ ▄ ▄██▄█▄▀██▀▀ ▀ █ ▄    █ ▀▄▀█
█▀██▀ ▄▄█▀▄██ ▀█▄▀ ▄▄█▀▀▀▄▀▀▀▀   ███   █ ██ ██▄█▄▀█▄▀▀▄▀ ▀█
█▀█▀ ▄▄▄▀   ▄█▄▀▄  ▄▄█  ▀█▀ █▀▀▄███ ▄ █▀▄  █ ▀▄▄ █▄ █ ▀▀▀▀█
█  ▀▀ ▄▄██ ▀▀▀▀ ▄▄▄▄█▄▄▀ ▀▀▀▀▀█ ▄  █ ▄▀▄██▀ ▄▀▄▄  ██▄██▀▄ █
█▄ ▀█ ▄▄▄ ▄▀ █▄▀█▄▄█ ▀▄█▀▀  ▄▄▄   ▀▄███▄▄▀▄▄██▀▄▀ ▄▄▄ ▀  ▀█
█   █ █▄█ ▀▀▄█▀█▄█▄▀█▄▄█ ▀▀ █▄█ ▀███   █▀▀  ▄███▄ █▄█ █ ▀ █
█▀▄█▀  ▄▄▄▀ ▄ ▄▄▀ █▄▄█▄▀  ▄  ▄ ▄ ▀█ █▄▀ ▄█  ▀  █▄▄   ▄█▀ ▀█
█▀▄█▄  ▄ ▄██  ▄▄▄▄▄▄ ▄▀█▀ █ ▄▄▀ ▄▀▀█▄  ▄▀▀▀▀█▀█▄▀█▄▀▀▄ ▀▄ █
██ ▄██▄▄█▄▀▀▀  ▀██▀▄ ▄█ ▄▀▀▄ █▀  █  ▀   ▀▄▄▄▄▀▀█▀▀▄▀█▄▀▀ ██
█▀█ ▄█▀▄▀ █ █▀ ▀▀█  ▀▀██▄ ▄▀▀███ █▄▄▄▄ ▄▀█▀ ▄▀▀▄▀▀▄█▄█▀ ▄▀█
█▄█▄ ▄▀▄▄▄▄█▀ ▀▄▀█▀█▀  ▄▄ █ ▀█   █▀█▄▀█▀ █▄█ █▀▄▀▄ █▄ ▀▀▄▄█
██▄▀ ▀▄▄█▄▄▀▄ ▄██▄▄ ▄▄▀▀ ▀█▀▀▄█▄▀█▀█▄ ▀█▀▀▄  ██▄█  ▀▄█▄▀█▀█
█▀▄▀▀▀▀▄▀▀██  ▄ ▄█▀  ▄▀ █▀█▀▀▄ ▄▀▀ █▀▀▀ ▄▀▄▀▄▀█▄ ▀ ▀ █ ▀███
█▀▀ ██ ▄  █▀█▀█▀ ▄▀ ▀█▀▄  █▄▄▄ ▄ ███▄▄▀██▀ ▀▄▀█▄██▄█▄██ ▄▀█
█ ▀ ▀▀▄▄ █▀▄█▄▄ ▀█▄█ ▄ ▀▄▄█▄█▄▄ ▀▀▄ ▀▀██▀▀█    ▄█▄ █▄█▀▀▀▀█
███████▄█▀▀██▄▀▄█▄ ▄▀███▀ ▀ ▄▄▄ █▀▄█ ▄▄█▀▀   ▀█▄█ ▄▄▄ ▀▄█▀█
█ ▄▄▄▄▄ █▄ █ ▀▀▄██▀ ▀▄▀██▀█ █▄█ ▄█ ▀▄▀█ ▄▀   ▀██  █▄█ █▀ ██
█ █   █ █ ██▀▄▄▄▄▀ ▄▄███▀▄  ▄  ▄ ▀▄█ ▄▀▄ ▀█ ▀███▀▄  ▄▄▄▀███
█ █▄▄▄█ █ ▄██  ▀▄ █▄▄█▀▄▀█▀▀▀▀▀█▄██  █ ▄▀  ▀▄▄ ██▄ ██▀  ███
█▄▄▄▄▄▄▄█▄▄██▄██▄▄▄▄▄▄██▄█▄█▄██▄▄▄▄▄▄▄▄████▄▄██████▄▄▄██▄██

▄▄▄▄▄▄▄▄▄▄▄▄▄▄▄▄▄▄▄▄▄▄▄▄▄▄▄▄▄▄▄▄▄▄▄▄▄▄▄▄▄▄▄▄▄▄▄▄▄▄▄▄▄▄▄▄▄▄▄
█ ▄▄▄▄▄ █▀ ▄ █▀▄  ▀▀▄▄ ▄ ▄ ▄▄▄▄  ▄ ▄█▄   █ ▄▀▄█▄ ██ ▄▄▄▄▄ █
█ █   █ █▄▀█▄ ▄▄▄▄██ ██▄▄████▄█▄▀▄  ▄▄  ██ █▄▄▀▄ ██ █   █ █
█ █▄▄▄█ █ █▀█  ▄████▀███▀▄  ▄▄▄ ▀▄█▀▄▄█▄▀█▀ █▀ ▀▄██ █▄▄▄█ █
█▄▄▄▄▄▄▄█ ▀ ▀▄▀ ▀ ▀▄▀ ▀ ▀▄█ █▄█ ▀▄█▄█ ▀▄▀▄█▄▀ █ █ █▄▄▄▄▄▄▄█
█▄ ▀ ▀▀▄▄█    ▄▀▀█▄  ▄  ▄█▄ ▄▄▄▄██ ▄▄▄▄▄ ▄▄█ ████▄█▄▄▄▀▄▄▀█
████▀▀▀▄█▄  ▀▀▀██ ▀▄▄▄  ▀█▄ ▀█▀ ▄ █  ▄ ▀▀▄▀█▀▄▄█▀█  ▄▀▀██▄█
█ ██▄▄ ▄ █ ▀ █▄█ ▀█▄▀▄ ▀ █▀▄  █▀▄▄▄ ▄▄▀█▄▄▄█  █ ██ █  ▀ █▄█
█ █▀▀▄▀▄▄ ▀█ ██████▀▄ ▄▄   ▄ ▄▄ ▄███▄ ▀█▀▄ █▄ ▄▄█▀█    ▄ ██
█ ▀▄█ █▄▀ ▀█ ▀█ █▄▄▄▀▀ ▀ █▀▀   █▀  ▄  ▀▀▄▀ ▄█▄▄▄ █▀▀ ▀ █ ▀█
█ █ ▀ ▀▄▀▄▀▀ ▀▀▄  ▀ ▄▄  ▄█ ▄ █▀▄  ▄▀▀  █▄▀█▄█ █▄ ▄▄▀▀ ▄█▄▄█
█  █ ▀▀▄▀▀█▄█▄███ █  █  ▄ █▀  █▄ █▄▄▀▄▄█▄▄ ▄ ▀█▄▀███  ▀██▀█
██ ▄▀▀▄▄▄█  ▄▄▄▀█   ▀ ▀ ▀▀▄█▄▀▀ ▀ ▄ ██ ▄▄▀ ▀▄██▄ ▀▀▄▄ ▀█▄▄█
█▄   ▀ ▄▄ ▀█ ▀▀▄█▀  ███▄▄█▀▄ ▄▀▄▄▀▀ ▄ ▀█▄ █▄▄ █▀██▀▄▀▄▀█▄▀█
█ ▄▀▄ ▄▄▄ █▀▀▄██▄█▀▀▄▀█▄▄█  ▄▄▄ ▄ ▄█ ▀▀ █ ▀ ▀█ ▀█ ▄▄▄ ▄▄▄▀█
█▄█ ▀ █▄█  ▄▄▀▄███▄█ ▀██ █▄ █▄█ ▄ █▄ ▄▄  ▀ ▄▀ ▄█▄ █▄█  ▄▄██
█▀▀ ▀  ▄   █ ▄▄█ █▀▀▄▄█▄▄▄▄   ▄   █▄▀ █▀▀ █ █▀▀ █▄   ▄█▄  █
██ █▀▀█▄▄▄▄▄█▄ ▄▄█▀▄▄██ ▄▄▀ ▄█▄▄ ▀ ▄█ ██  ▀▄ ▀██▄▀ ▀██▄▄▄ █
██ █ █▄▄▀█ ▀▀▄█▄▀▄▀ ▄ ▄ █ ▄▀▀ ▀▄▀ ▀  █▄█▄█▄▀ ▄▀▄▀█▀▄▀ ▀█▄ █
██▀▀█ █▄▀▀▄█▄▄    ▄▄▀ ▄  ▄▄   █  ▄█▀▄▄ █ ▄█▄ ▄ ▀██▄▄█ █▄█ █
█ ▀▄▀█▄▄ ▄▀      ▄▄▀█ ▀█▀▄▀  ▄▀ ▄█ ▄▀▄▀▀▀█▀▀▄█ █▄ ▄██▀▄█ ▄█
█▀▀▄▀▀▄▄ ▀ ██▄▀ ▄▄▄▄▀▀ ▀ █ ▄ ▄█ ▄  █▄▄▄  ▀▄▄█ ▄▄█▄█ ██▄▀ ▄█
██▄  ▄▀▄▀ █  █  █ █▄ █ █▀█▀  ▀▄ ▀ ▀ █████▄▄▀▄ ▄▀    ▀ █▄█▄█
████▄▀ ▄▄██▄ █▄▀▀█▄▄██ ██▄▀████ ▄█ █▀ █▄▄ ▄█ ▀██ ▀█▀██▄▀ ▀█
█ ▀ ▀▀▄▄▄  ▄█ ▀█ █▀▀█▀▄▀▄ ▀▀▄▄▄▄▄▄▄ █▀▄▀▄████▀█▀▀█▀▄▀▄ █▄▄█
███████▄▄▀  ▀ ▀██ ▄ ▄██▄█▄▀ ▄▄▄ █ █ ▀▄ █▄▄▄▄ ▄█▀█ ▄▄▄ █ ▀ █
█ ▄▄▄▄▄ █▄▀▄███▄▄▄▄▄▄█ ▄▄█▀ █▄█ ▄▀▀ ▄▀ ▀▀ ██▄ █▄▀ █▄█  █▄▀█
█ █   █ █▀▄█ ▄▀▀█▀  ▀ ▄█▀ █▄▄▄  ▀ ██ ▄▄▀ ▀█▄▄ ▄█▀ ▄▄  ▄█ ▀█
█ █▄▄▄█ █▀▄▄ █▀▀██▀ ▄▄ ▀█▀▀ ▄ █▀██▄██  █▀█▄██▄▀ ▀  ▄ ▄▄▄█▄█
█▄▄▄▄▄▄▄█▄███▄▄▄███▄▄▄▄▄██▄█▄█▄▄▄▄███▄▄█▄▄▄▄▄█▄▄▄██▄██▄█▄██

▄▄▄▄▄▄▄▄▄▄▄▄▄▄▄▄▄▄▄▄▄▄▄▄▄▄▄▄▄▄▄▄▄▄▄▄▄▄▄▄▄▄▄▄▄▄▄▄▄▄▄▄▄▄▄▄▄▄▄
█ ▄▄▄▄▄ █▀▀▀▄▀▀████▄ ▀ ▀ ▄ ██▀ ▄ ████▀█▀ ▀▄▄█ ▄▄ ██ ▄▄▄▄▄ █
█ █   █ █▀ ▄█▄ ▄▄█ ▀▄▄▄█▀ ▀█▄█  ▀▄▀▀ ▀▄ ▄▄█▀▀▄ ▄ ██ █   █ █
█ █▄▄▄█ █▀ █ ██▀▄██▀▄ ▄█▀ █ ▄▄▄  █▄▀█▀ ▀█▄▀▄▄▄▀▀▄██ █▄▄▄█ █
█▄▄▄▄▄▄▄█▄█▄█▄▀ ▀▄█ ▀ ▀▄█ █ █▄█ ▀▄█ ▀▄▀▄▀ ▀ ▀ █▄▀▄█▄▄▄▄▄▄▄█
█ ▄  ▄█▄ ▄█ █  ▀ ▄▀▄▄▄▀▀▀▀▄ ▄▄  ▀█▀█▀  ▄▀█▀▀▄█▄▄ ▀ █▄█▄▀ ▀█
█▀    ▀▄▄▀▀ █▄▄ ▄ ▀ ▀▀▀ ▀▀▀▄ █▀▄▀█    ▀▄ ▄▀█▄▀██ ▄▄█▄ ▀▀ ▀█
█▄██▀▀▄▄▄█ ▀▄▀▄▄▀▄▀ ▀█▀▄▄▀ ▄▀▀▀█▄███  ▀▄█▀   ▀█▄▀  ▄▄█▀▄███
█▀██▀█▄▄   ▄█▀▀█▄▄    ▄██▄▄▄▀▄▀▄ █  █▄▄  █▄▀   ▄█ ▀ ▀ █ ▄██
█▀ ▄█ █▄▄█ █ █ █▀▄▄▄▀███ ▀▄▄▀ █ ▄█▀█ ▄ ▄▀▀ ▀ ██▄ ▀▄▄▀▀ ▀█ █
█▀█ ▄▀█▄▀█ ▄▄█▀█ ▄█▄▄ ▀█▄█ █▀ ▄▀ ██▄▀▄ █ ▀ ▀███ ▄ ▄▄ █ ▀ ██
██ █▀▄ ▄█▀▄███▀█▄▀ ▄▄█▀▀▀▄▀▀▀▀   ▀██▀  █▀▀█  █▄█▄▀▀█▀▀▄▀ ▀█
█▀█▀ ▀ ▄█ ▄▄████▄  ▄▄█  ▀█▀ █▀▀▄███ ▄ █▀▄▀ █  ▄▄ █▀█▀▄▀▀▀▀█
█  ▀▀▀ ▄▄ █   █▀▄▄▄▄█▄▄▀ ▀█▀▀▀█ ▄  █ ▄▀▄██▀ ▄▀▄▄▀  ▄█▀█▀▄ █
█▄ ▀█ ▄▄▄ ▀██▄▀▀█▄▄█ ▀▄█▀▀▀ ▄▄▄   ▀▄██▀▄▄▀  ██▀▄  ▄▄▄ ▀  ▀█
█     █▄█ █ ▄██▀▄█▄▀█▄▄█ ▀▀ █▄█ ▀██▄  ▀█▀▀ ▀▄█▀█▀ █▄█ ▀ ▀ █
█▀▀▀  ▄▄  ▀ ▄ ▄▄▀ ▀█▄█ ▀  █▄ ▄ ▄ ▀█▀▀  █▄▀ ▀█ ▀▄  ▄▄▄▄▀  ▀█
██ ▄█  ▄████  ▄▄▄▄  ▀█▀▀█▀█ ▄█▀ ▄▀▀█▄▄▀▄█▀▄▀ ▀█▄▀█▄▀▄█  ▄▄█
█▀▄ ▀█▄▄ ▄▀▀▀  ▀█ ▀▄█ █ ▄ ▀▄▀█▀  █  ▀ ▀▀▄▀▄█▄▄▀▄ ▀▄▀ ▀▀▀ ▀█
██▀ ▄█▀▄▀ █  █ ▀▀█  ▀▀██▄ ▄▀▀█▀  █▄▄▄▄ ▄ █▀  █▀▄▀▀▄█▄█▀ ▄ █
█▄█▄ ▄▀▄▄▄▄█   █▀█▀█▀  ▄▄ █ ▀█▀▄ █▀█▄▀█▀▀█▄█▀▄▀▄▀▄ █▄ ▀▀▄▄█
██▄▀  ▄▄█▄ ▄██ ▄█▄▄ ▄▄▀▀ ▀█▀▀▄█▄▀█▀█▄ ▀█▀▀▄  ██▄█ ▀█▄█ ▀█▀█
█▀▄▀▀█ ▄▀▀▄▄ █ ▀▄█▀  ▄▀ █▀█▀▀▄ ▄▀▀ █▀▀█▄▄▀ ▀▄▀█▄ ▄▄▀ █ ▀███
█▀▀ ▄█▀▄ ██▀█▀▄  ▄▀ ▀█▀▄  ▄▀▄▄ ▄ ██▄▄▄ ██▀█▀▄▀██▀ █ ███▄▄▀█
█ ▀ ▀▀▄▄█▀▀▄█▄▄ ▀█▄  ▄▀█▄▄▄▄█▄▄ ▀▀█▀▀█  ▀█ ▀▄  █▄▄▄██▄  ▀▀█
███████▄█ ▀██▄▀▄▄█▀▄ █▄▀▀ ▀ ▄▄▄ █▀▄█ ▄ ██▀▀ ▄▀██▀ ▄▄▄  ▄███
█ ▄▄▄▄▄ █▄ █ ▀▀▄▀▀▀ ▀█▀████ █▄█  ▀ ▀█▀█ ▄█  ▀▀▄▄▀ █▄█ █▀ ██
█ █   █ █ ██ █▄▄▄▀ ▄▄███▀▄  ▄▄ ▄ █▄█ ▄▀▄███ ▄▀██▀▄  ▄ ▄▀▄▄█
█ █▄▄▄█ █ █▀ ▄▄█▄ █▄▄█▀▄▀█▀▀▀█▀████ ▀▄ ▄   ▀█▄ ██▄ █▀▀  ███
█▄▄▄▄▄▄▄█▄█▄███▄▄▄▄▄▄▄██▄█▄█▄██▄▄▄▄▄▄▄▄████▄▄██████▄▄███▄██

▄▄▄▄▄▄▄▄▄▄▄▄▄▄▄▄▄▄▄▄▄▄▄▄▄▄▄▄▄▄▄▄▄▄▄▄▄▄▄▄▄▄▄▄▄▄▄▄▄▄▄▄▄▄▄▄▄▄▄
█ ▄▄▄▄▄ █▀ ▄ █▀█  ▀ ▄▄▀█▄▄ ▄▄▄▄  ▄  ▀██ ▀▀█ █▄█▄ ██ ▄▄▄▄▄ █
█ █   █ █▄▀█▄▄▄▄▄▄██ ▄█▄▄▄███▄█▄▄█  ▀█  ▄▄ ██▄▀▄ ██ █   █ █
█ █▄▄▄█ █ ▀█▀  ▄████▀███▀▄  ▄▄▄ ███▀▄██▄▀█▀ ▄▀ ▀▄██ █▄▄▄█ █
█▄▄▄▄▄▄▄█ ▀ ▀▄▀ ▀ ▀▄▀ ▀ ▀▄█ █▄█ ▀▄█▄█ ▀▄▀▄█▄▀ █ █ █▄▄▄▄▄▄▄█
█▄ ▀ ▀█▄ ▀▄ ▄█▄▀▀█▄  ▄  ▄█▄ ▄▄▄▄██ ▄▄▄▄▄ ▄▄█ ███▄▄█▄  ▀▄▄▀█
████▀▀ ▄█▄▄▄█▀▀██ ▀▄▄▄  ▀██▀▀▀▀ ▄ ▀▄ ▄ ▀▀▄██▀▄▄█▄▀   █▀██▄█
█ █  ▄ ▄█ ▄▄ █▄█ ▀█▄▀▄ ▀ █▀█▀▄█▀▄▄▄ ▄▄▀█▄▄██  █▀▄█ █▄ ▀ █▄█
██  █▄▀▄█▀▀█ █████▀▄▄ ▀▀   ▄ ▄  ▄██▄  █▀█▄▄▄▄ █▀ ▄█ ▀  █ ██
█▀ ▄▄ █▄▀ ▀█ ▀█ ▄█▀ ▄ ▄█▀▄▀▀   ▄▀  █▄▄█▀ █▄▄█▄▄▄ █▀▀ ▀▀█▄▀█
█ ▀ ▄▄▀▄▀▄▀▀ ▀▀▄ ▀▀ █   ▄▄ ▄ █▀▄▄ ▄▀ █▀▄▄▄▄█▀ ▄█ ▄▄▀▀ ▄█ ▄█
████ ▀ ▄▀▀█▄ ▀███ █  █  ▄ █▀  █▄█▀▄▄▀▄▄██▄ ▄ ██▄▀█▄█  ▀██▀█
██ ▄▀█▄▄▄▀▄▄█▄▀▄█   ▀ ▀ ▀▀▄█▄▀▀  ▀▄ ██ ▄▄▀ ▀▄██▄ ▀▄█▄▄▀█▄▄█
█▄   ██▄ ▄  █▀  █▀  ███▄▄█▀▄ ▄▀▄▄▀▀ ▄ ▀█▄ █▄▄ █▀███▄  ▀█▄▀█
█ ▄▀▄ ▄▄▄ ▀    ▄▄█▀▀▄▀█▄▄█  ▄▄▄ ▄  ▀ ▀█ █ █ ▀█ ▀  ▄▄▄ ▄▄▄▀█
█▄█▄▄ █▄█ ▀▄▄▀▀ ██▄█ ▀██ █▄ █▄█ ▄ ██ ▄▄▀ ▀██▀ ▄▄▄ █▄█   ▄██
██▄▄▀▄▄▄▄▄ █ ▄▄█ █▄ ▄▄▀▄▄▄█   ▄   █▄▀▄█▀▀ ▄█▀█  ▄     ▄█  █
█ ▄▀▀▀█▄▀▄▄▄█▄ ▄▄██ ▄██ ██▀  █▄▄ ▀ ▄▀▄▄▄▄  ▄ ▀▄█   ▀█▄█▄▄▄█
██▄█▄█▄▄█  ▀▀▄█▄▀ ▀ █▀▄  █▄▀█ ▀▄▀▄▀ ▀█▄█ ▀▄▀▄ ▀█ █▀▄▄ ▀██▄█
██▄▀█ █▄▀▀▄█▄█    ▄▄▀ ▄  ▄▄   █▄▄ █▀▄▄ █ ▄█▄▄▄ ▀██▄▄█ █▄▄ █
█ ▀▄▀█▄▄ ▄▀▀█ ▄  ▄▄▀█ ▀█▀▄▀  ▄▀▄██ ▄ ▄▀▀▀█▀▀▄▄ █▄ ▄██▀▄█ ▄█
█▀▀▄▀█▀▄ ▀ ▀█▀▀▄▄▄▄▄▀▀ ▀ █ ▄ ▄█ ▄  █▄▄▄  ▀▄▄█ ▄▄█▄ ▀██▄▀ ▄█
██▄   ▀▄▀ █▄▀▀███ █▄ █ █▀██  ▀▄ ▀ ▀▄███▀█▄▄█▄ ▄▀ ▀▄▄▀  ▄█▄█
████  ▄▄█▄█▄ █▄▀▀█▄▄██ ██▄ ▄███ ▄█▄█▀ █▄▄ ▄█ ▀██ ██▄ █▄█ ▀█
█ ▀ ▀▀▄▄▀▀ ▄█ ▀█ ██ █▀█▄▄ ▀▄▄▄▄▄▄▄▄▀▀▀ █▄▀▄▀▀▀█ ▄ █▄ █ █▄▄█
███████▄█▀  ▀ ▀█▄   ▄█   █▀ ▄▄▄ █ █ ▀▄▀█▀▄█▄  █ █ ▄▄▄ ▄ █ █
█ ▄▄▄▄▄ █▄▀▄███▄ ▀▄▄▄▀ ▄  ▀ █▄█  █▀ █  ▀▀ ▄█  ██  █▄█  █▄▀█
█ █   █ █▀▄█▀▄▀▀█▀  ▀ ▄█▀ █▄ ▄  █ ██▀▄▄▀▄██▄▀▄▄█▀ ▄▄  ▄█▀ █
█ █▄▄▄█ █▀ █▄▀▄███▀ ▄▄ ▀█▀▀ ▄▄█▀██▄█▄▀ █ ▄▄█▄▄▀ ▀  ▄▄▄▄▄█▄█
█▄▄▄▄▄▄▄█▄█▄█▄█▄███▄▄▄▄▄██▄█▄▄▄▄▄▄███▄▄█▄▄▄▄▄█▄▄▄██▄▄█▄█▄██

▄▄▄▄▄▄▄▄▄▄▄▄▄▄▄▄▄▄▄▄▄▄▄▄▄▄▄▄▄▄▄▄▄▄▄▄▄▄▄▄▄▄▄▄▄▄▄▄▄▄▄▄▄▄▄▄▄▄▄
█ ▄▄▄▄▄ █▀▀▀▄▀▀▄█▀██ █▀▀   ██▀ ▄ █▄▀█▄ ▀▀▀▄   ▄▄ ██ ▄▄▄▄▄ █
█ █   █ █▀ ▄█▄ ▄▄▄ ▀▄▄▄█▀ ▀█▄█   ▄▀▀▄▀▄ ███▀▀█ ▄ ██ █   █ █
█ █▄▄▄█ █▀ █  █▀▄██▀▄ ▄█▀ █ ▄▄▄ ▄▄▄▀▀  ▀▄▄▀▄▄▄▀▀▄██ █▄▄▄█ █
█▄▄▄▄▄▄▄█▄▀ ▀▄▀ ▀▄█ ▀ ▀▄█ █ █▄█ ▀▄█ ▀▄▀▄▀ ▀ ▀ █▄▀▄█▄▄▄▄▄▄▄█
█ ▄   ▀▄▄▄▄█ █ ▀ ▄▀▄▄▄▀▀▀▀▄▄▄▄  ▀█▀█▀  ▄▀█▀▀▄█▄▄ ▀ █ ▀▄▀ ▀█
█▀    ▀▄▄▀█ █▄▄ ▄ ▀ ▀▀▀ ▀▀▀▄ ▀▀▄▀█ ▄  ▀▄ ▄██▄▀█▀ ▀█▄▄▄▀▀ ▀█
█▄█▄█▀▄▄ ▄▄▄▄▀▄▄▀▄▀ ▀█▀▄▄▀ █▀▀▀█▄█▄▄   ██▀▀  ▀██▀  ▄▀█▀ ███
██  ▄█▄▄   ▄█▀▀█▄▄▄▀  ▄▀█▄▄▄▀█▀  █▀█▀▄▄▀▄▀██▄▄▀▀▄ ▀ ▀▀  ▄██
█▄▀██ █▄▄█ █ █ █ ▄▄ ▀▄▀█  ▄▄▀ ▀ ▄█ █▀▄▀█▄▀▀▀▄▀▄▄ ▀▄▄▀▀ ▀█▄█
██ ▄██▀▄▀█ ▄▄█▀█▀██▄█▄▀█▀█ █▀ ▄  ▀█▄█  ▄█▀▀▀█ █ ▄ ▄▄ █ ▀▄██
█▀██▀  ▄█▀▄█  ▀█▄▀ ▄▄█▀▀▀▄▀▀▀▀  ▀▀██▄  █▀▀█ ▄▀▄█▄▀▄▄▀▀▄▀▀ █
█▀█▀  ▄▄█▄█ ▀▄ ▄▄  ▄▄█  ▀█▀ █▀▀▄▄██ █▀█▀▄  █▀ ▄▄ █ ▄▀ ▀▀▀▀█
█  ▀▀ ▀▄    ▄█  ▄▄▄▄█▄▄▀ ▀██▀▀█ ▄  █ ▄▀▄██▀ ▄▀▄▄▄▀ █▀██▀▄ █
█▄ ▀█ ▄▄▄  █▄ ███▄▄█ ▀▄█▀▀▀ ▄▄▄   ▀ ███▄▄▀ ▄███▄█ ▄▄▄ ▀  ▀█
█  ▀▄ █▄█  ▀▄█▄▀▄█▄▀█▄▄█ ▀▀ █▄█ ▀█▄█   █▀▀█▀▄██▄▄ █▄█  ▀▀ █
█▀███▄▄▄▄▄▀ ▄ ▄▄▀  █▄█    ▄▄ ▄ ▄ ▀█ █▄▀█ █ ▀█▄▀ ▀▄▄      ▀█
███▄▄  ▄█▄██  ▄▄▀▄▄  █▀█▀▀█ ▀▄▀ ▄▀▀█▄▄█▄▀█   ▀▄█▀ ▄▀▄█ ▀  █
█ ▀ ▄█▄▄  ▀▀▀  ▀▄▄▀▄ ▀█  █▀▄▀▀▀ ▄█  █▄   ▀█▄▄▄▀█▀▀▄▀█▄▀▀▀██
█▀█ ▄█▀▄▀ █ ▀  ▀▀█  ▀▀██▄ ▄▀▀█▀  █▄▄ ▄ ▄▀█▀  █▀▄▀▀▄█▄█▀ ▄▀█
█▄█▄ ▄▀▄▄▄ ▄▄   ▀█▀█▀  ▄▄ █ ▀█  ▀█▀██ █▀▀█▄█▀█▀▄▀▄ █▄ ▀▀▄▄█
██▄▀ ▀█▄█▄▄ ▀▀ ▄█▄▄ ▄▄▀▀ ▀█▀▀▄█▄▀█▀█▄ ▀█▀▀▄  ██▄█ ▀▄▄█▄██▀█
█▀▄▀▀█▄▄▀▀▄▄█▄█▄▄█▀  ▄▀ █▀█▀▀▄ ▄▀▀▄█▀▀▀▄▄▀ ▀▄▀▀  ▀▄▀ █▄ ███
█▀▀ ███▄▄▄ ██▀▄  ▄▀ ▀█▀▄  ▄█▄▄ ▄ ███▄▄███▀▀ ▄▀▄██▀▄▄▄▄ ▀▄▀█
█ ▀ ▀▀▄▄█▄▀▄█▄▄ ▀█ ▄ ▄▀ ▄▄█▄█▄▄ ▀▀█▀█▀▄▄█▀▀█▄▄▀▄▄█ ▀▄█▀ ▀▀█
███████▄▄▀▀██▄▀▄▀▄▄▄▀█▀█▀▀▀ ▄▄▄ █▀▄█   ▄ ▀▀  █▄██ ▄▄▄ ▀█▀▀█
█ ▄▄▄▄▄ █▄ █ ▀▀▄▀█▀ ▄ ▀██▄█ █▄█  █ ▀▀▀▄ █▀  █ ██▄ █▄█ █▀ ██
█ █   █ █ ███ ▄▄▄▀ ▄▄███▀▄   ▄ ▄ █▄█▄ ▀▄▀▀█ ▄███ ▄    ▄▀█▄█
█ █▄▄▄█ █ ▄▀▄█▄ ▄ █▄▄█▀▄▀█▀▀█▀▀█▄██ ▀▄ ▄ ▀ ▀█▄ ██▄ ██▀  ███
█▄▄▄▄▄▄▄█▄█▄▄██▄▄▄▄▄▄▄██▄█▄█▄██▄▄▄▄▄▄▄▄████▄▄██████▄▄███▄██

▄▄▄▄▄▄▄▄▄▄▄▄▄▄▄▄▄▄▄▄▄▄▄▄▄▄▄▄▄▄▄▄▄▄▄▄▄▄▄▄▄▄▄▄▄▄▄▄▄▄▄▄▄▄▄▄▄▄▄
█ ▄▄▄▄▄ █▀ ▄ █▀▄  ▀▀   █▀  ▄▄▄▄  ▄ ▄▀▀▄▄▀█   ██▄ ██ ▄▄▄▄▄ █
█ █   █ █▄▀█▄▄▄▄████ ██▄█▄███▄█▄█▄  ▄▄  █▄ █ ▄▀▄ ██ █   █ █
█ █▄▄▄█ █ ▀▀▄▄ ▄████▀███▀▄  ▄▄▄ █▄█▀▀▄█▄▄▄▀    ▀▄██ █▄▄▄█ █
█▄▄▄▄▄▄▄█ ▀▄█ ▀ ▀ ▀▄▀ ▀ ▀▄█ █▄█ ▀▄█▄█ ▀▄▀▄█▄▀ █ █ █▄▄▄▄▄▄▄█
█▄ ▀ ▀█▄ █▄▀▀▀▄▀▀█▄  ▄  ▄█ ▄▄▄▄▄██ ▄▄▄▄▄ ▄▄█ ███▄██▄▄▄▀▄▄▀█
████▀▀▀▄ ▀ ██▄▀██ ▀▄▄▄  ▀█▀ █▀▀ ▄ █  ▄ ▀▀▄▀█▀▄▄▀▄    █▀██▄█
█ █ ▀▄ ▄▄ ▀▀ █▄█ ▀█▄▀▄ ▀ █ █  █▀▄▄▄ ▄▄▀█▄▄▄▄  █▀██ █▄ ▀ █▄█
█▄█▄ ▄▀▄█▀▀█ █████▀█▄ █▄   ▄▀█  ▄█ ▄  ▀ █▄▄█▄ ▄█▀▄█ ▀ █▄ ██
█  ▄▄ █▄▀ ▀█ ▀█ █▄▄ ▀▀ █ █▀▀  ▄█▀  ▄▄▄▄▀ ▀ █▄▄█▄ █▀▀ ▀▀▄ ▀█
█▀█▄▄ █▄▀▄▀▀ ▀▀▄▀ ▀ ▄   ▀█ ▄ █ █▄ ▄▀▀█▀▄██▄▄▀ ██ ▄ ▀▀ ▄█▄▄█
█ ▀█ ▄▄▄▀▀█▄ ████ █  █  ▄ █▀  █▄▄█▄▄▀▄▄██▄ ▄▄▀█▄▀█▄▄  ▀█▄ █
██ ▄▀█▀▄▄▀ ▄██▄▄█   ▀ ▀ ▀▀▄█▄▀▀  ▀▄ █▄ ▄█▀ ▀███▄ ▀ ▀▄▄▀█▄▄█
█▄    █▄ █▄█ █ ▀█▀  ███▄▄██▄ ▄▀▄▄▀▀ ▄ ▀█▄ █▄▄ █▀██ ▄  ▀█▄▀█
█ ▄▀▄ ▄▄▄  ██  █▄█▀▀▄▀█▄▄█  ▄▄▄ ▄ ▄█ ▀▀ █ ▀ ▀█ █▀ ▄▄▄ ▄▄▄▀█
█▄██▀ █▄█ █ ▄▀▀███▄█ ▀██ █▄ █▄█ ▄ ██ ▄▄  ▀▀▄▀ ▄█▄ █▄█ ▄▄▄██
██▀▄▀ ▄▄   █ ▄▄█ █▄▄▄▄█ ▄▄▄▄  ▄   ███ █▄█▄▄▄▀███▀   ▄▄ █  █
██▀▀ ▀█▄▀▀▄▄█▄ ▄▄██▄█▄▄▄▀█▀ █▄▄▄ ▀ ▄▀▄▄▄▄▄▄█▄███▄▄ ▀▄▄██  █
██ █ █▄▄▀█ ▀▀▄█▄ ▀▀ ▄▀▄ ▄ ▄▀█ ▀▄█▄▀   ▄█▄██ ▀  █ █▀▄▀▄▀█▀ █
█▄▄▀█ █▄▀▀▄██▄    ▄▄▀ ▄  ▄▄     ▄ █▀█  █ ▄█▄ ▄ ▀██▄▄█ █▄▄ █
█ ▀▄▀█▄▄ ▄▀▄▄▄▀▄ ▄▄▀█ ▀█▀▄▀  ▄▀▄█▄ ▄▀▄▀▀ ▄▀▀▄▄ █▄ ▄██▀▄█ ▄█
█▀▀▄▀██▄ ▀▀█ ▄ ▀▄▄▄▄▀▀ ▀ █ ▄ ▄█ ▄  █▄▄▄  ▀▄▄█ ▄▄█▄ ▄██ █ ▄█
██▄  ▄▄▄▀ ▄▀ █▄ █ █▄ █ █▀█▀  ▀▄ ▀ █▄██▀██▄ ▀▄  ▀▄   ▀ ▄██▄█
████▄▄█▄ █ ▀ ██▄▀█▄▄██ ██▄ ▀███ ▄█ █▀ ▄█▄ █▄ ▀▄▄ █▄▀██ ▄ ▀█
█ ▀ ▀▀▄▄▀▄ ▄█ ▀█ █▄▄█▀▄▀▄ ▀█▄▄▄▄▄▄█ ██  ▄█▄▀██  ▄ █▄▀ ▀█▄▄█
███████▄█   ▀ ▀██▀▄▄ ▄▄▄▄▄▀ ▄▄▄ █ █ ▄ ▀█▄▄█▄▀   █ ▄▄▄ █▀█ █
█ ▄▄▄▄▄ █▄▀▄███▄██▄▄▄█ ▄▀▄▀ █▄█ ▄█▀     ▄ █▄ ▀▄█  █▄█  █▄▀█
█ █   █ █▀▄█▄▄▀▀█▀  ▀ ▄█▀ █▄ ▄  █▄██▄▄▄▀▄██▄▀ ▄█▀ ▄▄▄ ▄█  █
█ █▄▄▄█ █▀▀▀█▀▀▄██▀ ▄▄ ▀█▀▀ ▄▄█▀██▄█▄▀ █ ▄▄██▄▀ ▀  ▄▀▄▄▄█▄█
█▄▄▄▄▄▄▄█▄███▄█▄███▄▄▄▄▄██▄███▄▄▄▄███▄▄█▄▄▄▄▄█▄▄▄██▄█▄▄█▄██

▄▄▄▄▄▄▄▄▄▄▄▄▄▄▄▄▄▄▄▄▄▄▄▄▄▄▄▄▄▄▄▄▄▄▄▄▄▄▄▄▄▄▄▄▄▄▄▄▄▄▄▄▄▄▄▄▄▄▄
█ ▄▄▄▄▄ █ ▄▀▄▀▄▀█▀▄█▄▄▄▀  █  ▀ ▄█ ▄█▄ █▄ ▄▄ ▄ ▀▄ ██ ▄▄▄▄▄ █
█ █   █ █  ▀ █ ▄▄▀█▄█▄▄ ▄█▀█▄ ██ ▄▀▄▄▄▄ █  ▄▀█ ▄ ██ █   █ █
█ █▄▄▄█ █▀███▄ ▄▀██▀▀█▀█▀   ▄▄▄ ▀ ▀▀▀▀█▄▀█▀▄  ▄▀▄██ █▄▄▄█ █
█▄▄▄▄▄▄▄█▄▀ ▀ ▀ ▀ ▀▄▀ ▀ ▀▄█ █▄█ ▀▄█▄█ ▀▄▀▄█▄▀ █ █ █▄▄▄▄▄▄▄█
█  ██▄▄▄▀██  ▀█▄█▄▀▄▀▀▄▀▀▀█  ▄  ▄ ▄█▀ █▀▄█▀▀▀ ▀▄ ▀▀▀▄▀▄ ▄▄█
█▄   ██▄█ ▀ █▀▄ ▄█▄█▀▀▀█▄▄▀▄▄▄▄▀▀█▄▀██▀▄ ▀▄ ▄▀█▄▄▄▄▄▄█▄▄ ▀█
█▄ █▀▀▄▄▀  █▄▀▀▀▄▄▀ ▄ ▄▄▄▀▄  ▀▀█▀ ▀▄  ▄  ▀ ▀█▄ █▀▀█▀█▀█   █
█▄██▀ ▀▄ ▀ ▀ ▄▀█▄▀ ▀  ▄▄ ▀▄▄ ▀▄█ █▀█▄▀██▄▄▀▄  ▀▄ █▀ ▀▄▀█▄██
█▀▄ █ █▄▀ ██ ██ ▀█ ▄▄ ▀▀▀ ▀▀▄ ▀ ▀ ▄█▄▄▄  ▀█▀ ▄ █ ▀▀▀▄▀ ▀ ██
█ █ ▄ ▄▄▀█ ▀▀ ▀█▀  ▀██▀ ▀  █▀█ █▄▀█▀   ▄█▀█▄ ▀▄▄▀█ ▄  █▄ ▀█
█▄█ ▄▄▄▄ ▄▀█▀ ▄ ▀▀ ▄▀ ▄▀▀▄▄▄▄▀  ▀  █  █  ██ █▄▀█▄▀█▀▄▀▄▀▄▄█
█▄█▀ ▀▄▄▀▄  █▀▀ ▄██▀▄█ █▄ ▀ █▄▄▀████ ██▀▄▄█  ▀▄▀█ ██▀█▄▄▀▀█
█ █▄▄▄ ▄▀ ██  █▀▀▄▄▄ ▀▀▀ ▀ ▄▄▀█ ▀███ ▄▄▀ █▀ ▀▄▀▄▀ ▄  ██▀▀██
█▀ ▀█ ▄▄▄ █▄▀█▀██▀▀  ▀▄ ▄▄  ▄▄▄   ▀▀  ▀ ▄▄▀███▀██ ▄▄▄  █ ▀█
█ █▄  █▄█ ██▄█▄▄▀█▄▀ ▀▀█ ▀▄ █▄█ ▄ ▀█  █▀▄▀▀▀▀  █▀ █▄█ ▄▀▄██
█ ▀▄▀  ▄▄ ▀█▀█▄▄▀█▄▄▄█ ▄███   ▄  ▀▄█▄█▄█ ▄ █▀  ██▄  ▄ ▄█ ▀█
█▀▀▄▄  ▄▄▄ █  ▀▀▄▄▄ █ ▀▀█▀ █▀▄▀ ▀▄▄█▄▄█  ▀  ▀ ▀▄▀█▀▄▄▄▀ ▀██
█ ███ ▀▄▄█▀▄▄█ ▀█ ▄▀▀ ███ ▀▄▀▄▄█ ▀ █ ▀▀ ██ ▀▄█  ▄▄▄▀▀▀▄▄▄▀█
██▀█▀█▀▄▄█  ▀▄█▄▄█  ▄▄ █▄ ▀▄▄█▄█▄▄▀▄  █▀ ▀▀ ▀ ▄▄▀▀▀ ▀█▀  ██
█▀█▄ ▀▄▄▄▄▄▀█ ▄ ▀ ▄ ▀  ▀▀██ ▀ ▀▀ █▀  ▄█▀▀ ▀ ▀▄▀▀▄▀ █▄█▄▄▄▄█
██▀▄█▄ ▄ ▀█ █ ▄  ▄▄ ▀▀▄▀ ▀ ▄▄▄█▄▄ ▄█▄ ▄ ▄▀▄ █  ▄█ █▄▀█▄█ ▄█
█▄▄▀▀█ ▄▀▀ ▄▄ ▀▄▄ ▄█ ▄▀█ ▄█▀▀▀█▀▀▀▄▄▄▄█ ▄▄▀ ▄▀▀▀██ ▀  █████
█▀▄    ▄▀██ █▀▀ █▄▀ ▄ ▄▄  ▀▄▀▄ ▄█  ▄▄▄█  ▀▀▀▀▄▀▄▀  ▄▀█▀ ▀▄█
█ ▀ ▀▀▄▄ █▀▀ ▀▄ ▀ ▄▀ ▄ ▀▀▀█ █▀▀█▀▀▄█▄▄▀ ▀ ▄▀  ▄▄█▄ ▀ ▀▀▄▀▀█
███████▄█▀▄██▄▄▀ ▄▄ ▄▀▀▀▀▀▄ ▄▄▄  ▄▀█▄ █▀ ▀▀  ▄ ▄▀ ▄▄▄  █▄ █
█ ▄▄▄▄▄ █▀  █▄▀▄█ ▄██▄▀ ███ █▄█  ▀ ▄ ▀▄▀█▄██ █▄▀▀ █▄█  ▄ ▀█
█ █   █ █▄ █ █▀▀▀▀ ▄▀  █▀▄█▄   ▄▀▄▀█ ▄▄▀ ▀█ █  █▀▄▄▄ ▄▄▀▀▀█
█ █▄▄▄█ █▀██▀  █▄█ ▀▄█▀▀▄ ▀▀█▄▄ ▄▄██▄▀ ▄ ▄█▄▄▄   ▀ ██ █████
█▄▄▄▄▄▄▄█▄█▄▄▄▄██▄▄▄██▄█▄██▄▄▄█▄███▄▄▄█▄▄██▄█▄▄███▄██▄███▄█

▄▄▄▄▄▄▄▄▄▄▄▄▄▄▄▄▄▄▄▄▄▄▄▄▄▄▄▄▄▄▄▄▄▄▄▄▄▄▄▄▄▄▄▄▄▄▄▄▄▄▄▄▄▄▄▄▄▄▄
█ ▄▄▄▄▄ █▀▀▀▄▀ ▄▀▀▄█ ▀ ▀   ██▀ ▄ █▀▀▄ ▄█ ▄▄▄ █▄▄ ██ ▄▄▄▄▄ █
█ █   █ █▀ ▄█  ▄▄▄ ▀▄█▄█▀ ▀█▄█   █▀▀▄▀▄ █▄█▀ █ ▄ ██ █   █ █
█ █▄▄▄█ █▀ █▀▄█▀▄██▀▄ ▄█▀ █ ▄▄▄  ▀▄▀▀█ ▀██▀▄█ ▀▀▄██ █▄▄▄█ █
█▄▄▄▄▄▄▄█▄█ ▀ ▀ ▀▄█ ▀ ▀▄█ █ █▄█ ▀▄█ ▀▄▀▄▀ ▀ ▀ █▄▀▄█▄▄▄▄▄▄▄█
█ ▄   █▄ ▄█▄█▄ ▀ ▄▀▄▄▄▀▀▀▀▄ ▄▄  ▀█▀█▀  ▄▀█▀▀▄█▄▄ ▀ █ ▀▄▀ ▀█
█▀    ▀▄▄ ████▄ ▄ ▀ ▀▀▀ ▀▀▀▄▄█▀▄▀█▄▄  █▄ ▄██▄▀▀█▀▄██ ▄▀▀ ▀█
█▄███▀▄▄▄▀ ▄▄▀▄▄▀▄▀ ▀█▀▄▄▀▀█▀█▀█▄███   ██▀█  ▀▀█ ▀ ▄███▄███
█▀  ▄█▄▄ ▀ ▄█▀▀█▄▄▀▀   ▄█▄▄▄ ▄█▄ █▄██ █ ▄▀▄█  ▀▄█▄▀  ▀▀▀▄██
█ ██▀ █▄▄█ █ █ ███▄▄▀▄▀▀▀▀▄▄▀ ▀▀▄█▀▄ ▄▄█▄▀ ▀ █▀▄ ▀▄▄▀▀▀▀▀▄█
█ ▀▀█▀▀▄▀█ ▄▄█▀█▀▀█▄█▄▀█▄▄ █▀ █▀▄▀█▄▄  ▄   ▀█▀█ ▄  ▄ █ ▀ ▀█
█▀▀█▀▄ ▄█▀▄█▄ ▀█▄▀ ▄▄█▀▀▀▄▀▀▀▀   ███ ▄ █▀██  ▀▄█▄▀▀▄▀▀▄▀▀▀█
█▀█▀  ▀▄█▄▄█▀ █ ▄  ▄▄█  ▀█▀ █▀▀▄█▄█ █ █▀█▀ █ ▀▄▄ █ ██ ▀▀▀▀█
█  ▀▀▄ ▄▄▄▄█   █▄▄▄▄█▄▄▀ ▀▀█▀▀█ ▄  █ ▄▀▄██▀ ▄▀▄▄▀▀ █▀██▀▄ █
█▄ ▀█ ▄▄▄  ▄▀▄█▀█▄▄█ ▀▄█▀▀█ ▄▄▄   ▀ ██▀ ▄▀▄▄██▀▄  ▄▄▄ ▀  ▀█
█  ▄▄ █▄█  █▄█▀▄▄█▄▀█▄▄█ ▀▀ █▄█ ▀█▄█  ██▀▀▄ ▄█▄█▀ █▄█  █▀ █
██ ▀▄▄ ▄  ▀ ▄ ▄▄▀ ▀▀▄█▀   █▄ ▄ ▄ ▀█ ▀ █▄ █ ▀▀▄▄█▄▄ ▄ ▄▄  ▀█
█▀▀██  ▄█▀██  ▄▄▄▄▀▄ ▄▀▀  █ █▄▀ ▄▀▀█   ▄██▀ ▄▀██▀ ▄▀▀▄ ▀ ▄█
██▄▀▀█▄▄█▀▀▀▀  ▀ ▀▀▄█ █ ▄▄▀▄▀█▀ ▄█  █ ▀ ▄▄▄█▄█▀█▀▀▄▀▀▀▀▀ ██
█▀  ▄█▀▄▀ █ ▀▀ ▀▀█  ▀▀██▄ ▄▀▀█ ▄▄█▄▄ ▄ ▄▀▀▀  █▀▄▀▀▄█▄█▀ █▀█
█▄█▄ ▄▀▄▄▄▀ ██ ▀▀█▀█▀  ▄▄ █ ▀█▄▄ █▀█▄ █▀ █▄█ █▀▄▀▄ █▄ ▀▀▄▄█
██▄▀ ▄ ▄█▄ ▀▄█▄ █▄▄ ▄▄▀▀ ▀█▀▀▄█▄▀█▀█▄ ▀█▀▀▄  ██▄█ ▄▀▄█▄██▀█
█▀▄▀▀█▄▄▀▀▄▀▄ ▀ ▄█▀  ▄▀ █▀▀▀▀▄ ▄▀▀ █▀▀█ ▄▀ ▀▄▀▀  ▄▄▀ █▄ ███
█▀▀██▀█▄▄█▄██▀█▀ ▄▀ ▀█▀▄  ▄▀▄▄ ▄ ███▄▄ ▄█▀█ ▄▀▄▄▀  ███ ▀▄▀█
█ ▀ ▀▀▄▄▄█▀▄█▄▄ ▀█   ▄██▄▄█ █▄▄ ▀▀▄▀▀█▀ ▀▀ ▀▄▄▀ ▀█ ▀▄█ ▀▀▀█
███████▄▄▀▀██▄▀▄▄█▄  █▀█▄▀▀ ▄▄▄ █▀▄█▀▄ ▄█▀▀▀▄█▄██ ▄▄▄  ▄▀▀█
█ ▄▄▄▄▄ █▄ █ ▀▀▄█▄▀ █▄▀█▄▀█ █▄█  ▀ ▀▀▄█▀█ ▀ ▀▄▄█▀ █▄█ █▀███
█ █   █ █ ██▀▀▄▄▄▀ ▄▄███▀▄  ▄▄ ▄▀█▄█ ▄▀▄███ ▄███ ▄  ▄▄▄▀▄██
█ █▄▄▄█ █ ▀▄██▄▀▄ █▄▄█▀▄▀█▀▀██▀██▄█  █ ▄ ▀ ▀██ ██▄ ██▀  ███
█▄▄▄▄▄▄▄█▄▄█▄▄▄▄▄▄▄▄▄▄██▄█▄█▄██▄▄▄▄▄▄▄▄████▄▄██████▄▄███▄██

▄▄▄▄▄▄▄▄▄▄▄▄▄▄▄▄▄▄▄▄▄▄▄▄▄▄▄▄▄▄▄▄▄▄▄▄▄▄▄▄▄▄▄▄▄▄▄▄▄▄▄▄▄▄▄▄▄▄▄
█ ▄▄▄▄▄ █▀▀▀▄▀▀▄▀▀██▄█     ██▀ ▄ █▄▀▀ ▄▀ ▄  █▀▄▄ ██ ▄▄▄▄▄ █
█ █   █ █▀ ▄█  ▄█▄ ▀█▄▄█▀▀▀█▄█  ▀█▀▀▀▀▄ █▄█▀▀▄ ▄ ██ █   █ █
█ █▄▄▄█ █▀ ▀▄▄█▀▄██▀▄ ▄█▀ █ ▄▄▄   ▄▀   ▀▀▀▀▄▀█▀▀▄██ █▄▄▄█ █
█▄▄▄▄▄▄▄█▄█▄█▄▀ ▀▄█ ▀ ▀▄█ █ █▄█ ▀▄█ ▀▄▀▄▀ ▀ ▀ █▄▀▄█▄▄▄▄▄▄▄█
█ ▄  ▄▀▄▄▄▄█▄▀ ▀ ▄▀▄▄▄▀▀▀▀ ▄▄▄  ▀█▀█▀  ▄▀█▀▀▄█▄▄   █▄▀▄▀ ▀█
█▀   ▀ ▄    ██▄ ▄ ▀ ▀▀▀ ▀▀▀█▄█▀▄▀█ ▄  █▄ ▄▀█▄▀██▀▀▄█ ▀▀▀ ▀█
█▄█▀▀▀▄▄▀█▀█▄▀▄▄▀▄▀ ▀█▀▄▄▀▀█▀█▀█▄█▄▄  ▀██▀▀▀ ▀█▄   ▄▀█▀ ███
█▀▄ ▄█▄▄▀  ▄█▀▀█▄▄▄▄  ▄ █▄▄▄▀▄▀▄ █ ▄▀ ▄▄▄█ ▀    ▀█▀  ▀█ ▄██
█ ▄▄█ █▄▄█ █ █ █▄▄   ▄▀▀▄▀▄▄▀ █▀▄█ █▄ ▄▄██  █▀ ▄ ▀▄▄▀▀▀▀▀▄█
█▀▄  ██▄▀█ ▄▄█▀█▄ █▄▄▄▀██  █▀ ▄▀▄▀█▄▀█ ▄ ▄ ▀▀▄█ ▄    █ ▀ ▀█
█▀██▀▀▄▄█▀▄██▄▀█▄▀ ▄▄█▀▀▀▄▀▀▀▀   ███ ▄ ██▀█ ▄█▄█▄▀ █▀▀▄▀  █
█▀█▀ ▄▄▄▀▄ █▄██ ▄  ▄▄█  ▀█▀ █▀▀▄▄▄█ ▄ █▀▄▀ █▀ ▄▄ █▀█▀▄▀▀▀▀█
█  ▀▀▀▄▄ █   █ ▄▄▄▄▄█▄▄▀ ▀▀█▀▀█ ▄  █ ▄▀▄██▀ ▄▀▄▄ ▀ █▀▀█▀▄ █
█▄ ▀█ ▄▄▄ █  █▀▀█▄▄█ ▀▄█▀▀█ ▄▄▄   █▄██▀▄▄▀  ██▀▄█ ▄▄▄ █  ▀█
█   ▀ █▄█ █▀▄█▀ ▄█▄▀█▄▄█ ▀▀ █▄█ ▀█▀█  ▀▄▀▀▀▀▄█▀▄▀ █▄█ ▀█▀ █
███▄▄  ▄  ▀ ▄ ▄▄▀ ▀▀▄█▀   ▄  ▄ ▄ ▀█ ▀ ██ ██ █▄▀▄▀▄  ▄▄ ▀ ▀█
█  ▀█  ▄▀███  ▄▄▄█   █▀█▄▀█ ▄▄▀ ▄▀▀█  ▀▄▀▀█ ▄█▄▄▀▄▄▀▀▄  ▄ █
██▀█▀█▄▄▀█▀▀▀  ▀██▀▄█▀█  ▀▀▄  ▀ ▄▀  █▄▀  ▀▄███▀▄ ▀▄▀▀▄▀▀▀▀█
██  ▄█▀▄▀ █ ▄▄ ▀▀█  ▀▀██▄ ▄▀▀██▀ █▄▄ ▄ ▄█▀▀  █▀▄▀▀▄█▄█▀ █ █
█▄█▄ ▄▀▄▄▄▀ ▀▀▄ ▀█▀█▀  ▄▄ █ ▀█  ▀▄▀█▄ █▀▀█▄█ █▀▄▀▄ █▄ ▀▀▄▄█
██▄▀  █▄█▄ ▄█ ▄ █▄▄ ▄▄▀▀ ▀█▀▀▄█▄▀█▀█▄ ▀█▀▀▄  ██▄█  ▀▄█▄██▀█
█▀▄▀▀▄▀▄▀▀▄▄█ ▀ ▄█▀  ▄▀ █▀▀▀▀▄ ▄▀▀ █▀▀▀ ▄▀▄▀▄▀█▄ ▀ ▀ █ ▀███
█▀▀▄▀▄ ▄▀  ▄█▀█▀ ▄▀ ▀█▀▄  ▄█▄▄ ▄ ███▄▄▀▄█▀  ▄▀█▄█  █▄▄▀ ▄▀█
█ ▀ ▀▀▄▄▄█▀▄█▄▄ ▀█ ▄ ▄▄▀▄▄▄▀█▄▄ ▀▀█▀▀█▄ ██▀▀  ▀ ▀▄▀▀█ ▀ ▀▀█
███████▄█▀▀██▄▀▄▄▄▄ ▀███▄▀▀ ▄▄▄ █▀▄█▀ ▀▄▀▀█ ▀▀ █▀ ▄▄▄ ▀████
█ ▄▄▄▄▄ █▄ █ ▀▀▄▄▀▀  ▄▀██ █ █▄█  ▀ ▀▀██▀ █ ▀ ▀█▄█ █▄█ █▀ ▀█
█ █   █ █ ██▀▄▄▄▄▀ ▄▄███▀▄     ▄▀▀▄█  ▀▄▀██ ▄▀██ ▄  ▄ ▄▀▄▄█
█ █▄▄▄█ █ ▀▄ ▄ ▄▄ █▄▄█▀▄▀█▀▀▀▀▀████ ▀▄ ▄▀▀ ▀██ ██▄ █ ▀  ███
█▄▄▄▄▄▄▄█▄▄██▄██▄▄▄▄▄▄██▄█▄█▄██▄▄▄▄▄▄▄▄████▄▄██████▄█▄██▄██

▄▄▄▄▄▄▄▄▄▄▄▄▄▄▄▄▄▄▄▄▄▄▄▄▄▄▄▄▄▄▄▄▄▄▄▄▄▄▄▄▄▄▄▄▄▄▄▄▄▄▄▄▄▄▄▄▄▄▄
█ ▄▄▄▄▄ █▄█▀ █▀ ▀█▀▀▀██ ▄▄ ▀▀▀▄  ▀██▀▀ █▀██ █▀ ▄ ██ ▄▄▄▄▄ █
█ █   █ █ ▀███▀▄▄█  ▄██▄ ▀ ██▄ ▀ ▄  █ █  ██ █▄▀▄ ██ █   █ █
█ █▄▄▄█ █▄█▀▀█▀ ▀▀▄▄ ▀▀▀ █▀ ▄▄▄ ▀▄▀█ ▀▄ ▄▀ ▀  ▄▀▄██ █▄▄▄█ █
█▄▄▄▄▄▄▄█▄█ ▀▄▀▄█▄▀▄▀▄█▄▀▄█ █▄█ ▀ ▀ █ ▀ █ █▄▀▄▀▄█ █▄▄▄▄▄▄▄█
█ ▄  ▀█▄█▄ ▄▀▀▀▀▀█▀██▄  ▀ ▀▄▄▄   █ ▄▀▀▀▄ ▄▀ ████▀▀ ██▄▄ ▀ █
█▄▄▀██▀▄█ █▄▄  ▀▀▄ ██ ▄▄ ▄██▀█ ▀█▄▀▄▀████ ▄▄  ▄█ █▀█▄▀ ▄▄ █
█ ██▄▀ ▄▀▄▀█ █▄ █▄█▄▀▀█▄ █ ▀███▀▄▀█▄▄▄ ▀▀▀█▄ █▀█ █  █▀█ █▀█
██ ▀█▄▄▄▀ ▀██  ███ ▄▀ ▄▄███▄ ▄▀▀▀█▄██▀█▄▀  ▀▀▄▀▄▄█   ▀▀ ███
██▄▀▀▄▄▄ ▄█▀▀ ▄▄▀▀███▄▄█ █ █▄▄▀█ ▄▄▀▀██▄▄█ █ ▄▀ ▀▄ █▄█ ▄▀██
█▀▄▀▄▀█▄▀▀▄▄ ▀▀▀▀█▀ █ ██▄▄ ▀█  █ ▀▀▄▀▄▀   ▄███ ▀ ▄ ▄▄█▄█ ▀█
█▀▀█  ▀▄▄▀█▄   ██  ███  ▀█ ▀   ▀█▀▄▄▄▀▀██ █▀▀██▄▄  ▄  ▄  ▀█
█▄▀ ██▀▄▀█▄▀ ██▄▀▄▀▀ ▄█▄  █▀ █ ▀▀▄ ▄▄█▀ ▀█▀ ▄▀▀ ▀ ▄ ▄  ▄█ █
█▄ ███ ▄▄ ▀▀▄▀█  ▄  █  ▀▄██▀█▀▀▄▄▄▄█▄ ▀ ▀██▄▄█ ▄▄▄█▀▀█▀█▄▄█
██▀▀▄ ▄▄▄ ▄▀ ▄ ▄▄█▄▄▀▀█▄▀ ▄ ▄▄▄ ▀ ▄██▄▄▄█ ▄▀▄█▄█  ▄▄▄ ▀▀▀▀█
██▄ ▀ █▄█  ██  ▀▀▀█▄▀█▀▀▀▄▀ █▄█ █▄▀ ▀█ █▄█ █ ▄▀ ▄ █▄█ ▄▀█▀█
█▀███  ▄▄▄█  ▄▄ █  ▄▄▀█▄▄▄▄▄▄▄▄  █▀▀█ ▄ ▄▀█▄▀ ▀█▄▄ ▄▄▄▄▄ ██
█▀▀▄▀▀ ▄▄▄▄▄ ▀█▄▄▄▄▀▀▄  ▄ ▄ ▄█▀▀█▀ ▄▄▀▀▄ ▄ ▀▀█▄██ █▀█▄  █▄█
█▀█▄ ▀█▄ █▄█ █▄ ▄  ▀ ▀ ▄▀▄██▀▀ █ ▄█▄  ▄ ███ ▀ █▀ ▄  █▄ ▄▄▄█
█▄▄▄ ██▄▀▄▀ ▄▄ ███▄▄▀█▀█ ▄▄███▀ ▄▀ ▄█▄  █▀█▄ ██▄██▄▀ ██▄█▄█
██▄▄▀█▀▄█▄▀█▄█▀▀ ▄▀▄  ▀█▄▀▄  ▄ ▀▀▄ ▄█▀▄▀▀▄▄▄▀█ █▀█▀██▀▀ █▄█
█   █  ▄▀█▄▄▀█▀   ██ █▄█▀▄▀ ▄ ▄▀█▄▄▀███▄▄███▄▄  ▄█▄ ▀▀▀ ▀ █
██▄██▀ ▄▀█▄▀▄▀ ▄ ██▄  █ ▀████▄▄ ▀█▄████  ▀▄█▄█▀▄ ▀▄▀▄█▄██▀█
█   ▀▀█▄▀▄▀██ ▄ ▀█▀▀ █ █ ▀▄▄██ █▀█ █▄██▄▄  ▀█▀▄█▀█▄▄█▄███▀█
█ ▀ ▀▀▄▄▄▀▄ ▄▀ ▀▄▀▄▄▄████▀ ▀  ███ ▀▄▄▄ █ █▄▀▄▀▄▄  █ ▄▀ ▄█ █
███████▄█ ██▀ ▀ █▄  ▀ ▀▀█▄▀ ▄▄▄ ██ █▄ ▀ ▀▀█▄▀█ ██ ▄▄▄ █ ▀▀█
█ ▄▄▄▄▄ ██▀▄   ▄▄▄▀▀▀█ ▄█▄▄ █▄█ ██▀ ▀▄▄ █▀▀   █▄▄ █▄█ █ ███
█ █   █ █▀ ▀█▀ █▀█▀▀ ▄ ▀ ▀▄     ▄ ▀▀▀███▀▀▄█   ▀  ▄ ▄ █▄▀██
█ █▄▄▄█ █ ▀▄ █▀▀  ▀ ▄▀█▄█▀▀█▀██▀█ ▀ ▄   █▀▄██ ▄█▀  ▀▀▀▄▄█▀█
█▄▄▄▄▄▄▄█▄███▄▄▄██▄██▄▄▄▄▄██▄▄███▄██▄███▄▄████▄▄█▄▄▄█▄█▄███

▄▄▄▄▄▄▄▄▄▄▄▄▄▄▄▄▄▄▄▄▄▄▄▄▄▄▄▄▄▄▄▄▄▄▄▄▄▄▄▄▄▄▄▄▄▄▄▄▄▄▄▄▄▄▄▄▄▄▄
█ ▄▄▄▄▄ █ ▄▀▄▀▄▀ ▀█▄█ █▀▄ █  ▀ ▄█ ▀▀█▄▄▄█▀▄ ▀▄▀▄ ██ ▄▄▄▄▄ █
█ █   █ █  ▀▄█ ▄▄ █▄▄█▄ ▄█▀█▄ ██ ▄▀▄▄▄▄ █  ▄█▄ ▄ ██ █   █ █
█ █▄▄▄█ █▀▀█▀▀ ▄▀██▀▀█▀█▀   ▄▄▄ ▄▀▀▀█ █▄▀▀▀▄▀▄▄▀▄██ █▄▄▄█ █
█▄▄▄▄▄▄▄█▄▀▄▀ ▀ ▀ ▀▄▀ ▀ ▀▄█ █▄█ ▀▄█▄█ ▀▄▀▄█▄▀ █ █ █▄▄▄▄▄▄▄█
█  ██ ▄▄█▀▀ █ █▄█▄▀▄▀▀▄▀▀▀█  ▄  ▄ ▄█▀ █▀▄█▀▀▀ ▀▄▄▀█▀ ▀▄ ▄▄█
█▄   █▄▄█▄█▀▀▀▄ ▄█▄█▀▀▀█▄▄▀▄▄ ▄▀▀█ ▀███▄ ▀▄ ▄▀█ ▄▄▄▄▄▄▄▄ ▀█
█▄   ▀▄▄▄▄▀█▄▀▀▀▄▄▀ ▄ ▄▄▄▀▄▀ ▀▀█▀  █  ▀▀ ▀ ▀█▄▀▄▀ █▀ ██   █
█ ▄ █ ▀▄▀▀ ▀ ▄▀█▄▀▀█  ▀▄ ▀▄▄▀▀ █ █▀ ▄▀▄▄▄     ▄▀▄▄▀  ██▄▄██
█ ▄▀  █▄▀ ██ ██  █▄ █▀▄▀ ▀▀▀▄   ▀ ██▄▄  ▄▀▀ ▀▄ █ ▀▀▀▄▀ ▀▄██
█ █▀▀ ▄▄▀█ ▀▀ ▀█▄  ▀ ▄▀ ▀  █▀█▀█ ▀█▀▄▀ ▄▀▀██▀▄▄█▀█▄▄  █▄███
█ ▀ ▄ ▄▄ ▄▀█ ▀▄ ▀▀ ▄▀ ▄▀▀▄▄▄▄▀  ▄  █  █ ▄██ ▀▄▀█▄▀█▀▄▀▄▀███
█▄█▀ ▀▀▄█ ▀▀▄▀ █▄██▀▄█ █▄ ▀ █▄▄▀█▄██▀██▀▄▄█ ▀▀▄▀█  ███▄▄▀▀█
█ █▄▄▄▄▄▀▀  ▄██▀▀▄▄▄ ▀▀▀ ▀▄▄▄▀█ ▀███ ▄▄▀ █▀ ▀▄▀▄▀▀▄ ▀▀█▀▀██
█▀ ▀█ ▄▄▄  ▀▄██ █▀▀  ▀▄ ▄▄▄ ▄▄▄   ▀▀  █ ▄▄█▀█████ ▄▄▄ ▄█ ▀█
█ █ ▄ █▄█ ▀█▄█▀▄▀█▄▀ ▀▀█ ▀  █▄█ ▄  █    ▄▀█ ▀  ▄  █▄█ ▄█▄██
█▄▀▀▀ ▄▄ ▄▀█▀█▄▄▀█▀▀▄█▄███▄   ▄  ▀██ █ ▄ ▄ ▄▀ ██▄ ▄ ▄ ▄█ ▀█
█▀▀▄▄  ▄ ▄ █  ▀▀▀█▄▄▄  ██▀ █▀█▀ ▀▄▄█  ▄▀ █  ▀ █▄█ ▀▄ ▄▀▀▀▀█
█▄▀██ ▀▄▄█▀▄▄█ ▀▀▀▄▀ ▄██▄▀▀▄██▄█ ▀ █▄ ▀ █  ▀█▄ ▀▄▄▄▀██▄▄▄▀█
█ ▄█▀█▀▄▄█   ██▄▄█  ▄▄ █▄ ▀▄▄██▄ ▄▀▄█ █▀ █▀ █ ▄▄▀▀▀ ▀█▀  ██
█▀█▄ ▀▄▄▄▄████▀▄▀ ▄ ▀  ▀▀██ ▀ ▀▀ █▀  ▄█▀▀ ▀ ▀▄▀▀▄▀ █▄█▄▄▄▄█
██▀▄█ █▄ ▀▄█ ▀▄▀ ▄▄ ▀▀▄▀ ▀ ▄▄▄█▄▄ ▄█▄ ▄ ▄▀▄ █  ▄█ ▀▄▀█▄█ ▄█
█▄▄▀▀▀▀▄▀▀██▄ █ ▄ ▄█ ▄▀█ ▄█▀▀▀█▀▀▀▄ ▄▄▀▄▄▄█ ▄▀█▀▀▀ ▀   ████
█▀▄▀█▄█▄▄▀ ▄█▀ ██▄▀ ▄ ▄▄  ▀ ▀▄ ▄█  ▄▄▄▀  ▀ ▀▀▄ █▀▀▀█▄▄█▀▀▄█
█ ▀ ▀▀▄▄█▀▀▀ ▀▄ ▀ █  ▄▄ ▀▀█ █▀▀█▀▀█▄▄  ▄█ █▀▄ ▀▄█▄█▀▄ ▄▄▀▀█
███████▄█▀▄██▄▄▀▀█▄▄▀▀▀▀▀▀▄ ▄▄▄  ▄▀█▀▄█  █▄ █  ▄▀ ▄▄▄ ▀▄▄▄█
█ ▄▄▄▄▄ █▀  █▄▀▄█ ▄█ ▄▀ ▀▀█ █▄█  ▀ ▄█▀▄▀▄▄█▄█▀▄ █ █▄█  ▄▄██
█ █   █ █▄ █▄█▀▀▀▀ ▄▀  █▀▄█▄▄  ▄▀▄▀█  ▄▀▀██ █  █▀▄▄▄▄▄▄▀▀ █
█ █▄▄▄█ █▀ ▀█▄ █▄█ ▀▄█▀▀▄ ▀▀▀ ▄ █▄██▄▀ ▄▀▄█▄██   ▀ ██▄█████
█▄▄▄▄▄▄▄█▄▄███▄▄█▄▄▄██▄█▄██▄▄▄█▄███▄▄▄█▄▄██▄█▄▄███▄█▄▄███▄█

▄▄▄▄▄▄▄▄▄▄▄▄▄▄▄▄▄▄▄▄▄▄▄▄▄▄▄▄▄▄▄▄▄▄▄▄▄▄▄▄▄▄▄▄▄▄▄▄▄▄▄▄▄▄▄▄▄▄▄
█ ▄▄▄▄▄ █▄█▀ █▀▀██ ▀▄██ ▄▄ ▀▀▀▄  ▀▀█▀▄▄██▄▄ █▀ ▄ ██ ▄▄▄▄▄ █
█ █   █ █ ▀██▀▀▄▄▄  ███▄▀▀ ██▄ ▀ ▄   ▀█ ███ █▄▀▄ ██ █   █ █
█ █▄▄▄█ █▄█▀ ▄▀ ▀▀▄▄ ▀▀▀ █▀ ▄▄▄ ██▀██▀▄    ▀  ▄▀▄██ █▄▄▄█ █
█▄▄▄▄▄▄▄█▄▀▄█▄▀▄█▄▀▄▀▄█▄▀▄█ █▄█ ▀ ▀ █ ▀ █ █▄▀▄▀▄█ █▄▄▄▄▄▄▄█
█ ▄  ▀▀▄▀ ▄█▄▀▀▀▀█▀██▄  ▀ █▄▄▄   █ ▄▀▀▀▄ ▄▀ ████▀  ██ ▄ ▀ █
█▄▄▀██ ▄█▄ ▄▄▀ ▀▀▄ ██ ▄▄ ▄ ▄██ ▀█▄▀ ▀██▀█ ▄▄  ▄██▀▀█▀▀ ▄▄ █
█ █▄▀▀ ▄ ▄▄█ █▄ █▄█▄▀▀█▄ █  ▀▀█▀▄▀▀█▄▄▀ ▀▀▄█ █ █ █  ▀▀▀ █▀█
█▀▀█▄▄▄▄  ▀██  ███ ▀▀ ▀▄███▄▀███▀█ ▀▀█▄▀█ ▀ ▀ ██ ▄  ▀ ▀ ███
█▄▀ ▀▄▄▄ ▄█▀▀ ▄▄ ▀█▀▄█ ▀▀▄ █▄▄██ ▄▄▀ █▀█▀█▀█▀  ▀▀▄ █▄█ ▄███
██▄█ ▀▀▄▀▀▄▄ ▀▀▀▄▀▀ ▀▀██▀▄ ▀█  █▄▀▀▄▄█▀ ▄▀▄▄ ▄   ▄  ▄█▄█ ██
█▄▀█ ▄█▄▄▀█▄█▀ ██  ███  ▀█ ▀   ▀█▀▄▄▄█▀█  █▀███▄▄ ▀█  ▄ ▀▀█
█▄▀ ██▄▄▀▀▀ ▄▀█▄▀▄▀▀ ▄█▄  █▀ █ ▀ ▄ ▄██▀  █▀ █▀▀ ▀ █    ▄█ █
█▄ ██▀ ▄▀█▀ ███▄ ▄  █  ▀▄██▀█▀▀▄▄▄▄█▄ ▀ ▀██▄▄█ ▄▄█▀▀▀▀▀█▄▄█
██▀▀▄ ▄▄▄  █▀  ▄▄█▄▄▀▀█▄▀   ▄▄▄ ▀  ▀█▄  █ ▄▀▄█▄█▀ ▄▄▄ ▀▀▀▀█
██▄▀▄ █▄█   █ █▀▀▀█▄▀█▀▀▀▄█ █▄█ █▄ ▀▀█▄█▄█▀█ ▄ ▀  █▄█ ▄▄█▀█
██ ▄▄  ▄ ▄█  ▄▄ █ █ ▄▀██▄▄█ ▄▄▄  █▀ ▀ ██ ▀▀██▄█▀█ ▄▄▄▄▄█ ██
███▄▀▀ ▄▄█▄▄ ▀█▄█▄▀██▄ ▄▄ ▄ █▄▀▀█▀ ▄ ▀▀▄  █▀▀▀██▀▀█▀▄█▀ ▀ █
██▀▄ ▀█▄ █▄█ █▄ ██ ▀█▄ ▄ ▄██▀  █▄▄█▄ ▀█ ███ ▀ ▄▀▀▄  █▄ ▄█ █
██▀▄ ██▄▀▄▀ █▄ ███▄▄▀█▀█ ▄▄███▀▄▄█ ▄▄   █▀█▄▄▀█▄██▄▀ ██▄█▄█
██▄▄▀█▀▄█▄▄▄ ▀█  ▄▀▄  ▀█▄▀▄  ▄▄▀▀█ ▄▄▀▄▀ █▄▄ █ █▀█▀██▀▀ █▄█
█   █▀ ▄▀██ ▄  █  ██ █▄█▀▄▀ ▄ ▄▀█▄▄▀███▄▄███▄▄  ▄█▄▄▀▀▀ ▀ █
██▄██▄█▄▀█ ████  ██▄  █ ▀████▄▄ ▀█▄▀██▀  ▀▄▀▄█▀▄▄ ▀█▄████▀█
█    ▄▀▄▀▄ ▀█ ▄█▀█▀▀ █ █ ▀▄▀██ █▀███▄█▀▄▄ ▀ █▀▄▄█ █▄ ██▀█▀█
█ ▀ ▀▀▄▄ █▄ ▄▀ ▀▄▀██▄█▄▀█▀ ▀  ███ ▀▄ ▄▄ ▄▀▀█▄▀▀▀▀▀▄  ▀ ▄█ █
███████▄█ ██▀ ▀ ▀█▄▄  ▀█▄█▀ ▄▄▄ ██ █    █▀▄▄ █▀█▀ ▄▄▄ ▄ ███
█ ▄▄▄▄▄ ██▀▄   ▄  ▀▀▀█ ▄█▀▄ █▄█ █▀▀ ▀▄▄  █▀   ███ █▄█ █  ██
█ █   █ █▀ ▀ ▀ █▀█▀▀ ▄ ▀ ▀▄ ▄▄  ▄▄▀▀ ▀██▄█▄██  ▀  ▄   █▄▀▄█
█ █▄▄▄█ █ ▀███▄█  ▀ ▄▀█▄█▀▀█▀██▀▄▀▀ ▄   ▄▀▄█▄ ▄█▀  ▀█▀▄▄█▀█
█▄▄▄▄▄▄▄█▄█▄██▄███▄██▄▄▄▄▄██▄████▄██▄███▄▄████▄▄█▄▄▄▄▄█▄███

▄▄▄▄▄▄▄▄▄▄▄▄▄▄▄▄▄▄▄▄▄▄▄▄▄▄▄▄▄▄▄▄▄▄▄▄▄▄▄▄▄▄▄▄▄▄▄▄▄▄▄▄▄▄▄▄▄▄▄
█ ▄▄▄▄▄ █▀▀▀▄▀▀▄██▄▄▄█ ▀▄  ██▀ ▄ █▀▀ ▀▄▀▀▄▄ █ ▄▄ ██ ▄▄▄▄▄ █
█ █   █ █▀ ▄▀  ▄▄▄ ▀▄▄▄█  ▀█▄█   ▄▀▀▀▀▄ ▀▄█▀▀▄ ▄ ██ █   █ █
█ █▄▄▄█ █▀ █▄ █▀▄██▀▄ ▄█▀ █ ▄▄▄ ▀█▄▀▄▀ ▀▀▀▀▄  ▀▀▄██ █▄▄▄█ █
█▄▄▄▄▄▄▄█▄█ █▄▀ ▀▄█ ▀ ▀▄█ █ █▄█ ▀▄█ ▀▄▀▄▀ ▀ ▀ █▄▀▄█▄▄▄▄▄▄▄█
█ ▄  ▄▀▄  ▄█▄▀ ▀ ▄▀▄▄▄▀▀▀▀▄ ▄▄  ▀█▀█▀  ▄▀█▀▀▄█▄▄▀▀ █ ▀▄▀ ▀█
█▀   ▀▀▄ ▄▀▄█▀▄ ▄ ▀ ▀▀▀ ▀▀▄▄ ▀▀▄▀█▄   █▄ ▄▀█▄▀████▄█▄ ▀▀ ▀█
█▄██▀▀▄▄▀█▀█▄▀▄▄▀▄▀ ▀█▀▄▄▀ ▄▀█▀█▄██▄  ▀▄█▀   ▀▄█▀  ▄ ▀▀ ███
█▀ ▄ █▄▄▀  ▄█▀▀█▄▄▀▀   ▄█▄▄▄▀█▀  █▄█▀ ▀▀▄█▄█▄▄ ▄█▄▀ ▀▀█▀▄██
██▄▄█ █▄▄█ █ █ █▀▄▄ ▀█▀█▄▀▄▄▀ ▄▀▄█▀▄ ▄▀███▀ ▄███ ▀▄▄▀▀ ▀▀ █
█▄▄▄▄▀▀▄▀█ ▄▄█▀█▄ █▄  ▀█   █▀ ▄▀▄▀█▄▄ ▀█    ▄▀▄▀▄ ▄▄ █ ▀███
█▄▀█▀▀▀▄█▀▄██▀▀█▄▀ ▄▄█▀▀▀▄▀▀▀▀  ▄▀██ ▄ ██▀█ ▀█▄█▄▀▀▄▀▀▄▀ ▀█
█▀█▀ ▄█▄█ ▄ ▄▀ █▄  ▄▄█  ▀█▀ █▀▀▄███ ▄▀█▀█▀ █ ▀▄▄ █▀██ ▀▀▀▀█
█  ▀▀ █▄▀▀▀    ▀▄▄▄▄█▄▄▀ ▀▀█▀▀█ ▄  █ ▄▀▄██▀ ▄▀▄▄▀▀ ▄▀██▀▄ █
█▄ ▀█ ▄▄▄ █▀  ▄▀█▄▄█ ▀▄█▀▀▄ ▄▄▄   ▀▄██▀ ▄▀▄ ██▀ ▀ ▄▄▄ ▀  ▀█
█     █▄█ ▀▀▄█ █▄█▄▀█▄▄█ ▀▀ █▄█ ▀█ ▄   █▀▀ ▀▄███▄ █▄█ █▄▀ █
██ ▄ ▄▄▄ ▄▀ ▄ ▄▄▀ ▀█▄█▀▀  █▄ ▄ ▄ ▀█ █ ▄█▄▀  ▀▄▀▀▀▄    ▄  ▀█
█▄█ ▄  ▄█▄██  ▄▄▄█▄ ▀▄██  █ ▀▄▀ ▄▀▀█▄▄█▄▀▀ ▀ ▀███▄▄▀▄█ ▀  █
█▄█  █▄▄▄▄▀▀▀  ▀█ ▀▄▄▄█ █ ▀▄▀ ▀ ▄█  █   ▀███▀▄▀▄▀▀▄▀▄ ▀▀ ██
█ ▀ ▄█▀▄▀ █  █ ▀▀█  ▀▀██▄ ▄▀▀█ ▄▄█▄▄▄  ▄█▀▀ ▄█▀▄▀▀▄█▄█▀ ▄▀█
█▄█▄ ▄▀▄▄▄▄ ▀▀▄ ▀█▀█▀  ▄▄ █ ▀█▄▄ █▀█▄ █▀▀▄▄█ ▄▀▄▀▄ █▄ ▀▀▄▄█
██▄▀ ▀▀▄█▄▀██▀▀▀█▄▄ ▄▄▀▀ ▀█▀▀▄█▄▀█▀█▄ ▀█▀▀▄  ██▄█  █▄█▄▀█▀█
█▀▄▀▀▀▀▄▀▀█▀▀██▀▄█▀  ▄▀ █▀▀▀▀▄ ▄▀▀ ▀▀▀█ ▄▀▄█▄▀▀  ▀ ▀ █▀▀███
█▀▀▄▄▄█▄▀▄▀██▀▀▄ ▄▀ ▀█▀▄  ██▄▄ ▄ ███▄▄ ██▀▀ ▄▀▄███ █▄▄▄▀▄▀█
█ ▀ ▀▀▄▄▄▄▀▄█▄▄ ▀█ ▄ ▄▄█▄▄█ █▄▄ ▀▀▄ ▀█▄█▀▀▀▀▄▄▀███ █ ▀▀ ▀▀█
███████▄█▀▀██▄▀▄▄▄▄ ▀█▀▀▄▀▀ ▄▄▄ █▀▄█   ██▀▀  ██▄█ ▄▄▄ ▀▄█▀█
█ ▄▄▄▄▄ █▄ █ ▀▀▄▀▀▀ ▀▀▀██ █ █▄█  ▀ ▀ ██  ▄▀ █▀▄▄▀ █▄█ █▀▄▀█
█ █   █ █ ███ ▄▄▄▀ ▄▄███▀▄     ▄▀▀▄█  ▀▄▀██ ▄▀██▀▄    ▄▀█▄█
█ █▄▄▄█ █  █ █▀█▄ █▄▄█▀▄▀█▀▀██▀██▄█  ▄ ▄▀  ▀██ ██▄ ███  ███
█▄▄▄▄▄▄▄█▄█▄▄█▄▄▄▄▄▄▄▄██▄█▄████▄▄▄▄▄▄▄▄████▄▄██████▄▄███▄██

▄▄▄▄▄▄▄▄▄▄▄▄▄▄▄▄▄▄▄▄▄▄▄▄▄▄▄▄▄▄▄▄▄▄▄▄▄▄▄▄▄▄▄▄▄▄▄▄▄▄▄▄▄▄▄▄▄▄▄
█ ▄▄▄▄▄ █▄█▀ █  ▀▀▀▀ ▀▄ ▄▄ ▀▀▀▄  ▀▀██▀ ▀ ▄█ ▄▀ ▄ ██ ▄▄▄▄▄ █
█ █   █ █ ▀█▀▀▀▄▄▄  ███▄ ▀ ██▄ ▀▄▄    █  ██ █▄▀▄ ██ █   █ █
█ █▄▄▄█ █▄▀█▄▀▀ ▀▀▄▄ ▀▀▀ █▀ ▄▄▄ ▀▄▀█▀▄▄ ▀▀ ▀█ ▄▀▄██ █▄▄▄█ █
█▄▄▄▄▄▄▄█▄▀ █▄▀▄█▄▀▄▀▄█▄▀▄█ █▄█ ▀ ▀ █ ▀ █ █▄▀▄▀▄█ █▄▄▄▄▄▄▄█
█ ▄  ██▄▀▄█▀▀█▀▀▀█▀██▄  ▀ ▀▄▄▄   █ ▄▀▀▀▄ ▄▀ ████▀  ██ ▄ ▀ █
█▄▄▀██▀▄ ▄▀ █  ▀▀▄ ██ ▄▄ ▄▄▄▀▀ ▀█▄█▄▀█▀▀█ ▄▄  ▄█▄▄ █ ▀ ▄▄ █
█ ██ ▀ ▄█▄▀  █▄ █▄█▄▀▀█▄ █ ▀▀▀█▀▄▀▀█▄▄ ▀▀▀ █ █ █▄▄  █▀▀▄█▀█
█▄ ▀▀▄▄▄▀▀▀██  ███ ▄▀ ▄▀███▄▀███▀█▄▄██▄ █▄▄ █▄▄     ▀ ▀▀███
█▄▄█▀▄▄▄ ▄█▀▀ ▄▄ ▀██ █▄▀ █ █▄▄▀▄ ▄▄▀▀▀█▄▄▀ █▄   ▀▄ █▄█ ██▀█
█▀▄ ▀█▀▄▀▀▄▄ ▀▀▀█ ▀  ▀██▀█ ▀█ ▀█ ▀▀▄█ ▀ ▀▀█▄█▀   ▄▄ ▄█▄█▄▀█
██ █  █▄▄▀█▄▀█ ██  ███  ▀█ ▀   ▀██▄▄█▀▀█▀ █▀▀▀█▄▄  █  ▄ ▀▀█
█▄▀ █ ▄▄███▀ ▄▄▀▀▄▀▀ ▄█▄  █▀ █ ▀▀▄ ▄██▀  ▄▀ ▄▀▀ ▀ ▄▄   ▄█ █
█▄ ███ ▄▄▄▄▄▄█▄▀ ▄  █  ▀▄████▀▀▄▄▄▄█▄ ▀ ▀██▄▄█ ▄▄██ ▀█▀█▄▄█
██▀▀▄ ▄▄▄ ▀▀▄█ ▀▄█▄▄▀▀█▄▀ █ ▄▄▄ ▀ ▄██▄  █ ▄█▄█ █▄ ▄▄▄ █▀▀▀█
██▄█▀ █▄█ ▀██  ▀▀▀█▄▀█▀▀▀▄█ █▄█ █▄ ▀▀█▄▄▄█▀█ ▄▀ █ █▄█ █ █▀█
█ ▄▄ ▄ ▄  █  ▄▄ █ █▀▄▀█ ▄▄█▄▄▄▄  █▀▀█▄█▄ ▀██▀▄██▄▄ ▄▄▄▄█ ██
█▀██▀▀ ▄  ▄▄ ▀█▄██▄█ ▄█   ▄ █▄▀▀█▀ ▄ ▀ ▄▀▄ ▀ █▄▄▀██▀▄▄ ▀▀ █
█   █▀█▄▀█▄█ █▄ ▀▄ ▀▄▀ ▄█▀██▀  █▄ █▄▄██▀▄▄█ ▀▀▄ ▀▄  █  ▄  █
█ ▀▄ ██▄▀▄▀    ███▄▄▀█▀█ ▄▄███ ▀▀█ ▄▄▄  ▀▀█▄▄██▄██▄▀ ██▄▄██
██▄▄▀█▀▄█▄█▀▀▀ ▄ ▄▀▄  ▀█▄▀▄  ▄▄▀▀█ ▄▄ ▄▀▀█▄▄ ▄ █▀█▀██▀▀ █▄█
█   █▄█▄▀█ ███ █  ██ █▄█▀▄▀ ▄ ▄▀█▄▄▀███▄▄███▄▄  ▄█▄▄▀▀█▄▀ █
██▄██ ▀▄▀█▀▀▀ ▄▀ ██▄  █ ▀████▄▄ ▀█▄▀██▀▄ ▀▄█▄█▀▄▄█ ▀▄█ ██▀█
█  ▄▀▄█▄▀ ▀██ ▄█▀█▀▀ █ █ ▀█▀██ █▀█▀▄▄█▄█▄  ▀█▀█▄▀█ ▀▄▄  █▀█
█ ▀ ▀▀▄▄▀▄▄ ▄▀ ▀▄▀█▀▄█▀▀█▀ █  ███  ▄▄  ▀▄███ █   ▀▄▄▄▄█▄█ █
███████▄█ ██▀ ▀  ▄ ▄█ ▀▀██▀ ▄▄▄ ██ █ ▄ ▀▀▀▄▄▄▀ ██ ▄▄▄ █▀▀▀█
█ ▄▄▄▄▄ ██▀▄   ▄▀ ▀▀▄█ ▄ ▄▄ █▄█ ▀▀▀ █▄▄▀ ▀▀ ▄ ▄▄▀ █▄█ █ ▀██
█ █   █ █▀ ▀█▀ █▀█▀▀ ▄ ▀ ▀▄     █▄▀▀█████▀▄█ ▄ ▀  ▄ ▄ █▄▀██
█ █▄▄▄█ █ █▄▀▀▄▀  ▀ ▄▀█▄█▀▀████▀█ ▀ █   ▄ ▄██ ▄█▀  ▀██▄▄█▀█
█▄▄▄▄▄▄▄█▄██▄▄▄▄██▄██▄▄▄▄▄███████▄██▄███▄▄████▄▄█▄▄▄▄▄█▄███

▄▄▄▄▄▄▄▄▄▄▄▄▄▄▄▄▄▄▄▄▄▄▄▄▄▄▄▄▄▄▄▄▄▄▄▄▄▄▄▄▄▄▄▄▄▄▄▄▄▄▄▄▄▄▄▄▄▄▄
█ ▄▄▄▄▄ █▀▀▀▄▀▀█▀███▄█     ██▀ ▄ █▀█▄▀▄▀█▄▀▄█ ▄▄ ██ ▄▄▄▄▄ █
█ █   █ █▀ ▄▀▄ ▄▄▄ ▀▄█▄█▀▀▀█▄█  ▀▄▀▀▄▀▄ ▄▄█▀▄▄ ▄ ██ █   █ █
█ █▄▄▄█ █▀ ▀█▀█▀▄██▀▄ ▄█▀ █ ▄▄▄ █▄▄▀▄█ ▀  ▀▄▀█▀▀▄██ █▄▄▄█ █
█▄▄▄▄▄▄▄█▄█ █ ▀ ▀▄█ ▀ ▀▄█ █ █▄█ ▀▄█ ▀▄▀▄▀ ▀ ▀ █▄▀▄█▄▄▄▄▄▄▄█
█ ▄   █▄▄▄ █▀  ▀ ▄▀▄▄▄▀▀▀▀ ▄▄▄  ▀█▀█▀  ▄▀█▀▀▄█▄▄▀▀ █ █▄▀ ▀█
█▀   ▀▀▄ ▀█▄█▄▄ ▄ ▀ ▀▀▀ ▀▀▀▄ █▀▄▀█ ▄  ▀▄ ▄██▄▀██▀▀██▀█▀▀ ▀█
█▄███▀▄▄█ ▄ ▄▀▄▄▀▄▀ ▀█▀▄▄▀▀▄██▀█▄█▄█  ▀▄█▀   ▀█▄▄▀ ▄▀██▄███
█▀▄▄▄█▄▄   ▄█▀▀█▄▄    █▀█▄▄▄▀█▀  ██▄█▄▀█ █▀▀▄   ▀ ▀   █▀▄██
█ ▀▀█ █▄▄█ █ █ ███▄▄▀█▀▀▀▀▄▄▀ ▀ ▄█▀█▄▄ ████▀ ▀▄▄ ▀▄▄▀▀ ▀█ █
█  ▀▄▀█▄▀█ ▄▄█▀█▀▀█▄▄▄▀██▄ █▀ █▀▄██▄█  ██▀ ▀█ ▄ ▄    █ ▀ ▀█
█▀ █▀▀ ▄█▀▄██▄▀█▄▀ ▄▄█▀▀▀▄▀▀▀▀  ▄▀██ ▄ ████  ▀▄█▄▀ ▄▀▀▄▀▀▀█
█▀█▀  ▄▄█▄▀▄▄   ▄  ▄▄█  ▀█▀ █▀▀▄▄██ █▀█▀▄  █ ▀▄▄ █▀▀█▄▀▀▀▀█
█  ▀▀ ▄▄▄▀█ ▄ ▄▀▄▄▄▄█▄▄▀ ▀▀▀▀▀█ ▄  █ ▄▀▄██▀ ▄▀▄▄▀  █▀██▀▄ █
█▄ ▀█ ▄▄▄ ▄█▄▄█▀█▄▄█ ▀▄█▀▀█ ▄▄▄   █▄██▀ ▄▀ ▄██▀   ▄▄▄ ▀  ▀█
█  ▄  █▄█ ▀▀▄█▄▀▄█▄▀█▄▄█ ▀▀ █▄█ ▀██▄  █▄▀▀▀▀▄██▄█ █▄█ ▀ ▀ █
█▄▀▄ ▄ ▄▄ ▀ ▄ ▄▄▀  ▀▄█▄█  █▄ ▄ ▄ ▀▄ █  ▄ ██▀█ ▄▀ ▄ ▄ ▄ ▀ ▀█
█▀▀ █  ▄ ▄██  ▄▄▀▄▄ ▄▄▄▀ ▀█ █▄▀ ▄▀▀█   ████ ██▄▄▀█▄▀▀▄▀   █
█▄ ▀██▄▄█▀▀▀▀  ▀▄█▀▄▀▄█ ▄▀▀▄▄▄▀  ▀  █▄ ▀▀█▄██  █ ▀▄▀██▀▀ ▀█
█ ▀ ▄█▀▄▀ █ ▄▀ ▀▀█  ▀▀██▄ ▄▀▀██▀▀█▄▄▀▄ ▄█▀▀ ▄▀▀▄▀▀▄█▄█▀ ▄▀█
█▄█▄ ▄▀▄▄▄  ▄ ▀▀▀█▀█▀  ▄▄ █ ▀█▄▄▀█▀█▄ █▀ █▄█ █▀▄▀▄ █▄ ▀▀▄▄█
██▄▀   ▄█▄ ▄▄ ▄▄█▄▄ ▄▄▀▀ ▀█▀▀▄█▄▀█▀█▄ ▀█▀▀▄  ██▄█ ▄ ▄█ ██▀█
█▀▄▀▀█ ▄▀▀█▄▀█ ▀▄█▀  ▄▀ █▀█▀▀▄ ▄▀▀▄█▀▀█▄▄▀ █▄▀█  ▀▀▀ █▀ ███
█▀▀███ ▄▀▄ ██▀ █ ▄▀ ▀█▀▄  ▄▄▄▄ ▄ ██▄▄▄ ██▀▀▀▄▀█▄▀█▀▄█▄▄▀▄▀█
█ ▀ ▀▀▄▄▄ ▀▄█▄▄ ▀█ ▀ ▄ ▄▄▄▄ █▄▄ ▀▀█▀██ ▄▀▀▄   █ ▀ ▄▀█▄▀▀▀▀█
███████▄█▀▀██▄▀▄▄█  ▀█▄▀  ▀ ▄▄▄ █▀▄█ ▄▀▄▀█▀▀▀█▄██ ▄▄▄ ▀▄█▀█
█ ▄▄▄▄▄ █▄ █ ▀▀▄  ▀  █▀█▀▀█ █▄█  █ ▀  ▄▀█▀▀ ▀▄▄██ █▄█ █▀ ▀█
█ █   █ █ ██▀▀▄▄▄▀ ▄▄███▀▄  ▄  ▄ █▄█▄▄▀▄▄██  ▀██▀▄  ▄ ▄▀███
█ █▄▄▄█ █  ▄▀██ ▄ █▄▄█▀▄▀█▀▀▀▀▀██▄█ ▀█ ▄   ▀▄█ ██▄ █ █  ███
█▄▄▄▄▄▄▄█▄█▄▄█▄█▄▄▄▄▄▄██▄█▄████▄▄▄▄▄▄▄▄████▄▄██████▄████▄██

▄▄▄▄▄▄▄▄▄▄▄▄▄▄▄▄▄▄▄▄▄▄▄▄▄▄▄▄▄▄▄▄▄▄▄▄▄▄▄▄▄▄▄▄▄▄▄▄▄▄▄▄▄▄▄▄▄▄▄
█ ▄▄▄▄▄ █▀▀▀▄▀▀▄▀██▄ ▀▀ ▀  ██▀ ▄ █▀█▄▀▄▀▀█ ▄▄█▄▄ ██ ▄▄▄▄▄ █
█ █   █ █▀ ▄▀▄ ▄██ ▀▄█▄█▀▀▀█▄█  ▀█▀▀  ▄ ▄▄█▀▄▄ ▄ ██ █   █ █
█ █▄▄▄█ █▀▄▀▄▄█▀▄██▀▄ ▄█▀ █ ▄▄▄ ▄▄▄▀██ ▀ ▀▀▄▀▄▀▀▄██ █▄▄▄█ █
█▄▄▄▄▄▄▄█▄█▄█ ▀ ▀▄█ ▀ ▀▄█ █ █▄█ ▀▄█ ▀▄▀▄▀ ▀ ▀ █▄▀▄█▄▄▄▄▄▄▄█
█ ▄   █▄▄▄█ ▀▀ ▀ ▄▀▄▄▄▀▀▀▀ ▄▄▄  ▀█▀█▀  ▄▀█▀▀▄█▄▄ ▀▄█ █▄▀ ▀█
█▀   ▀▀▄█▀▀▄██▄ ▄ ▀ ▀▀▀ ▀▀█▄ █▀▄▀█ ▄  █▄ ▄██▄▀▀▀  █▄█▀▀▀ ▀█
█▄█▀█▀▄▄▄ ▀▀▄▀▄▄▀▄▀ ▀█▀▄▄▀ ▄▀▀▀█▄█▄█   ██▀▀  ▀▄█▀▀ ▄▀█▀▄███
█▄▀▀██▄▄▀  ▄█▀▀█▄▄▀▀   ██▄▄▄ █▀  ██▀▀▄ ▀ █▀ ▄▄ ▀▀ ▀ ▀▀▀▀▄██
█ ▄▄▀ █▄▄█ █ █ ███ ▄▀▄▀▀▄▀▄▄▀   ▄█▀██ ▄▄▀█  ▄█▀█ ▀▄▄▀▀  █ █
██▄▀ █▀▄▀█ ▄▄█▀█  █▄  ▀██▄ █▀ █ ▄▀█▄██ ▄ ▄▀ █▄▄ ▄  ▄ █ ▀▄▀█
██▄█▀▄▄▄█▀▄█▀ ▀█▄▀ ▄▄█▀▀▀▄▀▀▀▀  ▄███   ████ ▄▀▄█▄▀▄▄▀▀▄▀▀ █
█▀█▀  ▄▄█ ▄▄ ▀▀▀▄  ▄▄█  ▀█▀ █▀▀▄███ █▀█▀▄  █  ▄▄ █▄ █ ▀▀▀▀█
█  ▀▀▀█▄▄▄▄▄▄ ▀▀▄▄▄▄█▄▄▀ ▀██▀▀█ ▄  █ ▄▀▄██▀ ▄▀▄▄   ▄▀▀█▀▄ █
█▄ ▀█ ▄▄▄  ▄  ▄ █▄▄█ ▀▄█▀▀▄ ▄▄▄   ▀▄███ ▄▀  ███ █ ▄▄▄ ▀  ▀█
█  █▀ █▄█ ██▄█▄█▄█▄▀█▄▄█ ▀▀ █▄█ ▀█▄█  ▀▄▀▀▀ ▄█▀█▀ █▄█ █▄▀ █
█ ▄█▄▄▄▄ ▄▀ ▄ ▄▄▀ ▀ ▄██   █▄ ▄ ▄ ▀█ ▀ █ ▄▀▄▄▀ █ █▄▄▄▄ ▀▀ ▀█
█▄▄▀▀  ▄▄███  ▄▄▄█ ▄▀▄█▀  █ █▄▀ ▄▀▀█ ▄▀█ █  ▀▀▀▄██▄▀▄█▀▀▄▄█
█ ▄▀ █▄▄ ▄▀▀▀  ▀█▄▀▄▄▀█ ██▀▄▄█▀  █  ▀▄▀ ▀███▄█ ▄▀▀▄▀▄▀▀▀ ██
██▀ ▄█▀▄▀ █ ██ ▀▀█  ▀▀██▄ ▄▀▀█▄ ▄█▄▄▀▄ ▄█▀▀  █▀▄▀▀▄█▄█▀ █ █
█▄█▄ ▄▀▄▄▄ ▀█   ▀█▀█▀  ▄▄ █ ▀█ ▄ █▀█▄ █▀▀█▄█ █▀▄▀▄ █▄ ▀▀▄▄█
██▄▀  █▄█▄█▄  ▀▀█▄▄ ▄▄▀▀ ▀█▀▀▄█▄▀█▀█▄ ▀█▀▀▄  ██▄█ ▀▀▄█▄██▀█
█▀▄▀▀█▄▄▀▀█▀▄█▀ ▄█▀  ▄▀ █▀█▀▀▄ ▄▀▀ █▀▀█ ▄▀ ▀▄▀▀▄ ▀ █ █ ▀███
█▀▀█▀ █▄▄▀ ▄█▀▄▄ ▄▀ ▀█▀▄  █ ▄▄ ▄ █ ▄▄▄ ▄█▀▀▀▄▀▄▄▀ ▀▄▄▄██▄▀█
█ ▀ ▀▀▄▄█▄▀▄█▄▄ ▀█▀▀ ▄██▄▄█▄█▄▄ ▀▀▄ ▀█▀██▀▀▄ ▄▀ █▄ ▀▄█ ▀▀▀█
███████▄▄ ▀██▄▀▄▄▄▄  ▄▀█ ▀▀ ▄▄▄ █▀▄█ ▄▀▄ ▀   ▀█▄█ ▄▄▄ ▀▄▀▀█
█ ▄▄▄▄▄ █▄ █ ▀▀▄▄█▀ ▄▀▀█▄▄█ █▄█  ▀ ▀█ ▄▀▀▀▀▀█▀▄██ █▄█ █▀█▀█
█ █   █ █ ████▄▄▄▀ ▄▄███▀▄  ▄  ▄ ▀▄█▄▄▀▄▀██ ▄▀██▀▄   ▄▄▀███
█ █▄▄▄█ █ ▀▄███ ▄ █▄▄█▀▄▀█▀▀▀▀▀██▄█ ▀█ ▄▀▀ ▀█▄ ██▄ ██▀  ███
█▄▄▄▄▄▄▄█▄▄▄█▄█▄▄▄▄▄▄▄██▄█▄████▄▄▄▄▄▄▄▄████▄▄██████▄▄▄██▄██

▄▄▄▄▄▄▄▄▄▄▄▄▄▄▄▄▄▄▄▄▄▄▄▄▄▄▄▄▄▄▄▄▄▄▄▄▄▄▄▄▄▄▄▄▄▄▄▄▄▄▄▄▄▄▄▄▄▄▄
█ ▄▄▄▄▄ █▀▀▀▄▀ ▄ ███▄▀ ▀ ▄ ██▀ ▄ ██▀▀▀ █▄▀ ▄▀ ▄▄ ██ ▄▄▄▄▄ █
█ █   █ █▀ ▄▀▄ ▄▄▄ ▀▄█▄█ ▀▀█▄█   █▀▀▄▀▄ ▄▄█▀▀█ ▄ ██ █   █ █
█ █▄▄▄█ █▀▄█▀▀█▀▄██▀▄ ▄█▀ █ ▄▄▄ ██▄▀▀█ ▀ ▀▀▄▄ ▀▀▄██ █▄▄▄█ █
█▄▄▄▄▄▄▄█▄█ ▀ ▀ ▀▄█ ▀ ▀▄█ █ █▄█ ▀▄█ ▀▄▀▄▀ ▀ ▀ █▄▀▄█▄▄▄▄▄▄▄█
█ ▄   █▄  ▄ ██ ▀ ▄▀▄▄▄▀▀▀▀ ▄▄▄  ▀█▀█▀  ▄▀█▀▀▄█▄▄ ▀ █▄▀▄▀ ▀█
█▀   ▀ ▄█▄▀ ▀▄▄ ▄ ▀ ▀▀▀ ▀▀▄█▄▀▀▄▀█▄▄  █▄ ▄▀█▄▀█▀█▄▄█  ▀▀ ▀█
█▄█▀ ▀▄▄ ▀▄▄▄▀▄▄▀▄▀ ▀█▀▄▄▀ ▄▄█▀█▄█▄█   ▄█▀▀▀ ▀▄▄▀  ▄▀██ ███
█ █▄▀█▄▄   ▄█▀▀█▄▄▀   ▀▀█▄▄▄ ▄█  █▄█▀ █▄ █▀▀▄▄▀▄▄▄▀ ▀   ▄██
██▀█  █▄▄█ █ █ █▀▄▄  ▄██▀ ▄▄▀ ▀▀▄█▀▄  ▄▄███ ▄▀█▄ ▀▄▄▀▀▀ ▀▄█
███▀▄██▄▀█ ▄▄█▀█  █▄▄ ▀█▄█ █▀ █▀ ▀█▄█▄ ▄▀▀ ▀▄ ▄ ▄  ▄ █ ▀ ▀█
█ ▄█▀█▀▄█▀▄█▀▄▀█▄▀ ▄▄█▀▀▀▄▀▀▀▀  ▄███▄▄ █▀██  █▄█▄▀▀▄▀▀▄▀ ▀█
█▀█▀  █▄▀▄▀ ▄██ ▄  ▄▄█  ▀█▀ █▀▀▄█▄█ █ █▀█▀ █▀ ▄▄ ██▀▀ ▀▀▀▀█
█  ▀▀ █▄  ▄▀▄▀▄ ▄▄▄▄█▄▄▀ ▀▀█▀▀█ ▄  █ ▄▀▄██▀ ▄▀▄▄ ▀▀██▀█▀▄ █
█▄ ▀█ ▄▄▄ ▄▄█▀▀▄█▄▄█ ▀▄█▀▀  ▄▄▄   █▄██▀▄▄▀▄▄██▀▄▀ ▄▄▄ ▀  ▀█
█   ▀ █▄█ ▄▄▄█▀ ▄█▄▀█▄▄█ ▀▀ █▄█ ▀██▄  ██▀▀▀▀▄█▄▄▀ █▄█  ▄▀ █
█▀▄▄ ▄▄▄▄ ▀ ▄ ▄▄▀ █▄▄█ ▄  ▄▄ ▄ ▄ ▀▄ ▀▄▀▄▄▀▄██▄▀▄ ▄       ▀█
█▀▀▄▄  ▄█▀██  ▄▄▄▄▀▄▀▄▀▀█▀█ █▄▀ ▄▀▀█▄  ▄▀█   ██▄█▀▄▀▄█ ▀ ▄█
█ ▄█ █▄▄▄▀▀▀▀  ▀▄█▀▄ ██ ██▀▄▄█▀ ▄█  ▀▄  ▀██▄█▀▀█▀▀▄▀██▀▀▄▀█
██  ▄█▀▄▀ █  █ ▀▀█  ▀▀██▄ ▄▀▀█ ▀▄▀▄▄▀  ▄▀█▀  ▀▀▄▀▀▄█▄█▀ █ █
█▄█▄ ▄▀▄▄▄ ▄███▄▀█▀█▀  ▄▄ █ ▀█▄ ▀▄▀██▀█▀ ▄▄█ ▄▀▄▀▄ █▄ ▀▀▄▄█
██▄▀  ▄▄█▄▄ ▄ ▄██▄▄ ▄▄▀▀ ▀█▀▀▄█▄▀█▀█▄ ▀█▀▀▄  ██▄█ ▀ ▄█ ▀█▀█
█▀▄▀▀█▀▄▀▀  █▄▀▄▄█▀  ▄▀ █▀█▀▀▄ ▄▀▀ ▀▀▀█ ▄▀▄▀▄▀▀▄▄▄▄█ █▀ ███
█▀▀▀▄▄▀▄▀ █ █▀ ▄ ▄▀ ▀█▀▄  █▄▄▄ ▄ ██▄▄▄▄▄█▀ ▀▄▀█▄█▀█ ▄█ ▀▄▀█
█ ▀ ▀▀▄▄ █▀▄█▄▄ ▀█▀▀ ▄▀█▄▄▄ █▄▄ ▀▀▄ ▀█▄▄█▀▀▀▄▄▀▄ █▀▀▄█▀▀▀▀█
███████▄▄ ▀██▄▀▄▄█  ▀▄▀▀  ▀ ▄▄▄ █▀▄█ ▄▄█▄█ ▀▄█▀▄▀ ▄▄▄ ▀▄▀▀█
█ ▄▄▄▄▄ █▄ █ ▀▀▄▄▄▀ ▀▀▀█▀ █ █▄█  ▀ ▀▀██ ▀█  ▄▀█▄  █▄█ █▀▄▀█
█ █   █ █ ██▄▄▄▄▄▀ ▄▄███▀▄  ▄  ▄▄▀▄██ ▀▄▀██  ▀██ ▄  ▄ ▄▀▄██
█ █▄▄▄█ █ ▄▀▄█ █▄ █▄▄█▀▄▀█▀▀██▀██▄█  ▄ ▄▀  ▀██ ██▄ █ ▀  ███
█▄▄▄▄▄▄▄█▄█▄███▄▄▄▄▄▄▄██▄█▄█▄▄█▄▄▄▄▄▄▄▄████▄▄██████▄████▄██

▄▄▄▄▄▄▄▄▄▄▄▄▄▄▄▄▄▄▄▄▄▄▄▄▄▄▄▄▄▄▄▄▄▄▄▄▄▄▄▄▄▄▄▄▄▄▄▄▄▄▄▄▄▄▄▄▄▄▄
█ ▄▄▄▄▄ █▀▀▀▄▀ ▄▀▀▄█▄█▀ █▄ ██▀ ▄ █▀███ █ ▄ ▄▀█▄▄ ██ ▄▄▄▄▄ █
█ █   █ █▀ ▄█  ▄█▄ ▀▄█▄█▀▀▀█▄█  ▀█▀▀ ▀▄ ▄▄█▀▀█ ▄ ██ █   █ █
█ █▄▄▄█ █▀ ▀█▀█▀▄██▀▄ ▄█▀ █ ▄▄▄ ▄▀▄▀▄█ ▀ █▀▄██▀▀▄██ █▄▄▄█ █
█▄▄▄▄▄▄▄█▄█▄█▄▀ ▀▄█ ▀ ▀▄█ █ █▄█ ▀▄█ ▀▄▀▄▀ ▀ ▀ █▄▀▄█▄▄▄▄▄▄▄█
█ ▄  ▄█▄▄▄█ █▄ ▀ ▄▀▄▄▄▀▀▀▀  ▄▄  ▀█▀█▀  ▄▀█▀▀▄█▄▄▄▀ █ ▀▄▀ ▀█
█▀   ▀ ▄ ▄█ ▀ ▄ ▄ ▀ ▀▀▀ ▀▀ ▄ █▀▄▀█ ▄  █  ▄██▄▀██▄▄██▄▀▀▀ ▀█
█▄█▀▄▀▄▄██▄ ▄▀▄▄▀▄▀ ▀█▀▄▄▀▀█▀▀▀█▄█▄▄   ▄█▀▀  ▀█▄ ▀ ▄▄▀▀ ███
█▀█▄▀█▄▄ ▀ ▄█▀▀█▄▄▀▀  ▀▀█▄▄▄▀█▀▄ █▄▄▀▄█▀ ▀█  ▄ ██▄▀ ▀ █ ▄██
█ ▄ █ █▄▄█ █ █ █▄▄▀▄▄▄▄▀ ▀▄▄▀ ▀▀▄█▀█   █▀▀ ▀ █▄▄ ▀▄▄▀▀ ▀▀ █
█ ████▀▄▀█ ▄▄█▀█▀ █▄  ▀█▄█ █▀ ▄▀ ██▄█ ▀▄█ ▀▀▀ ▄ ▄  ▄ █ ▀ ▀█
█▀▄█▀ █▄█▀▄█▄▄▀█▄▀ ▄▄█▀▀▀▄▀▀▀▀   ▀██   █ ▀█ ▀█▄█▄▀▄█▀▀▄▀ ▀█
█▀█▀ ▀ ▄█    ▄▀ ▄  ▄▄█  ▀█▀ █▀▀▄▄██ █ █▀▄▀ █ ▀▄▄ █▄ ▀ ▀▀▀▀█
█  ▀▀ ▀▄▀▄██  ▀▀▄▄▄▄█▄▄▀ ▀▀█▀▀█ ▄  █ ▄▀▄██▀ ▄▀▄▄▄▀▄██▀█▀▄ █
█▄ ▀█ ▄▄▄ ▄ █ ▀▀█▄▄█ ▀▄█▀▀▄ ▄▄▄   █▄███ ▄▀  ██▀▄▄ ▄▄▄ ▀  ▀█
█  ▄  █▄█ ▀▀▄█▀ ▄█▄▀█▄▄█ ▀▀ █▄█ ▀█▄█   ▄▀▀▀▀▄██▄  █▄█ ▀ ▀ █
█▄▀▀█▄▄▄ ▄▀ ▄ ▄▄▀ ▄▄▄██▀  █  ▄ ▄ ▀█ █▄▀▄ █  ▀▄█▀█▄  ▄▄▀  ▀█
█▀▀▀█  ▄ ▀██  ▄▄ ▄▀▄▀▄██▀▀█ ▄█▀ ▄▀▀█ ▄▄▄▀█▀  █▄▄█▀▄▀ ▄▀ ▄ █
██▄▀▄█▄▄█▄▀▀▀  ▀▀█▀▄▄▄█ █▀▀▄█▀▀  ▀   ▄▀ ▄▄▄▄█  █ ▀▄▀▀█▀▀ ▀█
██▀ ▄█▀▄▀ █ ▄▀ ▀▀█  ▀▀██▄ ▄▀▀█ ▄ █▄▄█▄ ▄▀█▀  █▀▄▀▀▄█▄█▀ ▄▀█
█▄█▄ ▄▀▄▄▄ ▄▄ ▀ ▀█▀█▀  ▄▄ █ ▀█▄▄ █▀██ █▀ ▄▄█▀▄▀▄▀▄ █▄ ▀▀▄▄█
██▄▀  ▀▄█▄▄▄▀████▄▄ ▄▄▀▀ ▀█▀▀▄█▄▀█▀█▄ ▀█▀▀▄  ██▄█ ▄█▄█ ██▀█
█▀▄▀▀█▄▄▀▀ ▄▄▀ ▄▄█▀  ▄▀ █▀█▀▀▄ ▄▀▀ █▀▀█ ▄▀ ▀▄▀█▄ ▄ ▀ █▀ ███
█▀▀▄ ▄▄▄ █ ▀█▀█▀ ▄▀ ▀█▀▄  █▄▄▄ ▄ █▄█▄▄ ██▀▀▀▄▀▄▄▀▄ ██▄▀▄▄▀█
█ ▀ ▀▀▄▄█▄▀▄█▄▄ ▀█   ▄█▀▄▄▄▀█▄▄ ▀▀▄ ███ █▀██   ███ ▀▀▀ ▀▀▀█
███████▄█ ▀██▄▀▄▄█   ▄█▀▀▀▀ ▄▄▄ █▀▄█▄ ▄▄▀█  ▄▀▄▄█ ▄▄▄  ▄▀▀█
█ ▄▄▄▄▄ █▄ █ ▀▀▄█▄▀ █▀▀██ █ █▄█ ▄█ ▀▀█▄ ▀█  █▄▄██ █▄█ █▀███
█ █   █ █ ██ ▀▄▄▄▀ ▄▄███▀▄   ▄ ▄▄█▄█▀▄▀▄▀██ ▄▀██ ▄  ▄ ▄▀███
█ █▄▄▄█ █ ▄▀▀▀▄ ▄ █▄▄█▀▄▀█▀▀██▀█▄▄█  █ ▄▀  ▀██ ██▄ █▀█  ███
█▄▄▄▄▄▄▄█▄▄█▄▄▄█▄▄▄▄▄▄██▄█▄█▄▄█▄▄▄▄▄▄▄▄████▄▄██████▄█▄██▄██

▄▄▄▄▄▄▄▄▄▄▄▄▄▄▄▄▄▄▄▄▄▄▄▄▄▄▄▄▄▄▄▄▄▄▄▄▄▄▄▄▄▄▄▄▄▄▄▄▄▄▄▄▄▄▄▄▄▄▄
█ ▄▄▄▄▄ █▀▀▀▄▀ ▄ ███ █  ▄▄ ██▀ ▄ █▀▀█ ▄▀▀ ▄ ▀▄▄▄ ██ ▄▄▄▄▄ █
█ █   █ █▀ ▄▀▄ ▄▄█ ▀█▄▄█▀▀▀█▄█  ▀▄▀▀▀ ▄ ▀▄█▀ ▄ ▄ ██ █   █ █
█ █▄▄▄█ █▀▄▀▀ █▀▄██▀▄ ▄█▀ █ ▄▄▄ █ ▄▀▀▄ ▀▄▄▀▄█ ▀▀▄██ █▄▄▄█ █
█▄▄▄▄▄▄▄█▄▀▄▀ ▀ ▀▄█ ▀ ▀▄█ █ █▄█ ▀▄█ ▀▄▀▄▀ ▀ ▀ █▄▀▄█▄▄▄▄▄▄▄█
█ ▄   █▄▄▄▀▄▄▀ ▀ ▄▀▄▄▄▀▀▀▀▄ ▄▄  ▀█▀█▀  ▄▀█▀▀▄█▄▄▀  █ █▄▀ ▀█
█▀     ▄█ █▄██▄ ▄ ▀ ▀▀▀ ▀▀ █▄█▀▄▀█▄   █▄ ▄██▄▀██▀▀▄█  ▀▀ ▀█
█▄███▀▄▄▄▀ ▀▄▀▄▄▀▄▀ ▀█▀▄▄▀ ███▀█▄██▄  ▀██▀▀▀ ▀█▄▀▀ ▄█▀█▄███
█▄▄▀▀█▄▄   ▄█▀▀█▄▄█▄  ▄██▄▄▄ ██▄ ██▀▀▄▀▄ █▀ ▄ ██▀▀▀ ▀▀  ▄██
██▄█▀ █▄▄█ █ █ ███▀▄ ▄█▀▀ ▄▄▀ ▀▀▄█▀▄█ ▄▄▀█ ▀ █ █ ▀▄▄▀▀ ▀▀ █
█▀ ▀ ██▄▀█ ▄▄█▀█ ▀█▄██▀█   █▀ █  ▀█▄▄▀ ▄▄▄  █▄█ ▄ ▄▄ █ ▀▀▀█
██ █▀█▀▄█▀▄██ ▀█▄▀ ▄▄█▀▀▀▄▀▀▀▀   ▀██▄  ██▀█ ▄█▄█▄▀ ▄▀▀▄▀▀▀█
█▀█▀ █ ▄▀▄   ▀ ▀▄  ▄▄█  ▀█▀ █▀▀▄███ █▀█▀█▀ █ ▀▄▄ ██▀▀▄▀▀▀▀█
█  ▀▀▄█▄▀▄▄▄▄█  ▄▄▄▄█▄▄▀ ▀▀█▀▀█ ▄  █ ▄▀▄██▀ ▄▀▄▄ ▀▀█▀▀█▀▄ █
█▄ ▀█ ▄▄▄ ▀█▀█▀ █▄▄█ ▀▄█▀▀  ▄▄▄   ▀▄███ ▄▀ ▄███▄▄ ▄▄▄ ▀  ▀█
█  ▄█ █▄█ ▀ ▄█▀█▄█▄▀█▄▄█ ▀▀ █▄█ ▀███   ▄▀▀  ▄█▄▄▄ █▄█ █▀▀ █
█▄ ▄▄▄▄▄▄▄▀ ▄ ▄▄▀ ▄ ▄█ ▀  ▄▄ ▄ ▄ ▀█▀█  █▄▀ ▀█  ▀ ▄  ▄▄ ▀ ▀█
█  █   ▄█▄██  ▄▄██▄ ▄▄▀▀▀▀█ ▀▄▀ ▄▀▀█  ▀▄▀█   ▀ █▀▄▄▀██▀  ▄█
█▄ ▄▀█▄▄▄▀▀▀▀  ▀▄▀▀▄ ██ ▄▄▀▄▀▀▀ ▄▀   █▀▀██▄▄ ▄▀▄ ▀▄▀▄▀▀▀▄██
█▀█ ▄█▀▄▀ █ █▀ ▀▀█  ▀▀██▄ ▄▀▀█▀  █▄▄▄▄ ▄▀█▀ ▄█▀▄▀▀▄█▄█▀ █▀█
█▄█▄ ▄▀▄▄▄▀▄▄ ▀█▀█▀█▀  ▄▄ █ ▀█  ▀▄▀██ █▀ ▄▄█▀▄▀▄▀▄ █▄ ▀▀▄▄█
██▄▀  ▀▄█▄ ▀██  █▄▄ ▄▄▀▀ ▀█▀▀▄█▄▀█▀█▄ ▀█▀▀▄  ██▄█ █▀▄█ ██▀█
█▀▄▀▀█ ▄▀▀█▀  ▄ ▄█▀  ▄▀ █▀█▀▀▄ ▄▀▀▄█▀▀█ ▄▀ ▀▄▀▀  ▀▄█ █▀▀███
█▀▀▀ █▀▄ █▀██▀   ▄▀ ▀█▀▄  █ ▄▄ ▄ █▀█▄▄▀██▀  ▄▀▀█▀██▀▄▄ ▀▄▀█
█ ▀ ▀▀▄▄ ▀▀▄█▄▄ ▀█▀  ▄█▀▄▄█▄█▄▄ ▀▀█ █▀ ▀▀▀█▄▄▄█▄▀▄ ▀▀▀ ▀▀▀█
███████▄▄▀▀██▄▀▄▄█▄ ▀███ ▀▀ ▄▄▄ █▀▄█ ▄ ▄▀█▀ ▄▀ ▄▀ ▄▄▄  █▀██
█ ▄▄▄▄▄ █▄ █ ▀▀▄▄▀▀  █▀█  █ █▄█  █ ▀▄ █ ▀█   ██▄  █▄█ █▀ ██
█ █   █ █ ██  ▄▄▄▀ ▄▄███▀▄  ▄  ▄ █▄█▄ ▀▄▀██  ▀██ ▄   ▄▄▀█▄█
█ █▄▄▄█ █ █ ▀▄▄ ▄ █▄▄█▀▄▀█▀▀▀▀▀██▄█ ▀█ ▄▀▀ ▀██ ██▄ ███  ███
█▄▄▄▄▄▄▄█▄▄████▄▄▄▄▄▄▄██▄█▄████▄▄▄▄▄▄▄▄████▄▄██████▄▄███▄██

▄▄▄▄▄▄▄▄▄▄▄▄▄▄▄▄▄▄▄▄▄▄▄▄▄▄▄▄▄▄▄▄▄▄▄▄▄▄▄▄▄▄▄▄▄▄▄▄▄▄▄▄▄▄▄▄▄▄▄
█ ▄▄▄▄▄ █ ▄▀▄▀█  ██▄█ ▄▀▄▄█  ▀ ▄█ ▄▀█▀█ ▄█   ▄▀▄ ██ ▄▄▄▄▄ █
█ █   █ █  ▀ █ ▄▄▀█▄█▄▄ ██▀█▄ ██ █▀▄██▄ █  ▄▀█ ▄ ██ █   █ █
█ █▄▄▄█ █▀███▄ ▄▀██▀▀█▀█▀   ▄▄▄  ▄▀▀▄▀█▄▄█▀▄█ ▄▀▄██ █▄▄▄█ █
█▄▄▄▄▄▄▄█▄▀ ▀ ▀ ▀ ▀▄▀ ▀ ▀▄█ █▄█ ▀▄█▄█ ▀▄▀▄█▄▀ █ █ █▄▄▄▄▄▄▄█
█  ██  ▄▀██▄▄▀█▄█▄▀▄▀▀▄▀▀▀▀  ▄  ▄ ▄█▀ █▀▄█▀▀▀ ▀▄▀ █▀▄█▄ ▄▄█
█▄   █▄▄ ▀ ███▄ ▄█▄█▀▀▀█▄▄▄█▄▄▄▀▀█▄▀███▄ ▀▄ ▄▀▀▄▀▄▄█▀▄▄▄ ▀█
█▄ ▀▄▀▄▄▀▀▀▄▄▀▀▀▄▄▀ ▄ ▄▄▄▀▄▀ ▀▀█▀ ▀▄  ▀  ▀▀▀█▄▀█  █▀ ▀█   █
█▄██▀ ▀▄   ▀ ▄▀█▄▀ ▄  ▄▄ ▀▄▄   █ ██▄▄▀▄  ▄ █▄ ▄█▄█▀  ▄██▄██
█▄ ▀▄ █▄▀ ██ ██ ▀█▀▄▄▀ ▀▄▀▀▀▄ ▀▀▀ ▄▄▄▄ ▀ █  ▀▄▀█ ▀▀▀▄▀▀▀▄██
██▀▀  ▄▄▀█ ▀▀ ▀█ ▀ ▀▄▀▀    █▀█ █ ▀█▀   ▄██▄█▄▄▄█▀█▄   █▄▄▀█
█▄▀ ▄▀▄▄ ▄▀█▀▀▄ ▀▀ ▄▀ ▄▀▀▄▄▄▄▀   ▄ █  █  ██ ▀▄▀█▄▀█▀▄▀▄▀███
█▄█▀ ██▄█▄▀█▄▀ █▄██▀▄█ █▄ ▀ █▄▄▀▄███ ██▀▄▄█  ▀▄▀█ █ ▀▀▄▄▀▀█
█ █▄▄  ▄▀█ ▀▀ ▄▄▀▄▄▄ ▀▀▀ ▀ ▄▄▀█ ▀███ ▄▄▀ █▀ ▀▄▀▄▀▀█ ▄▀█▀▀██
█▀ ▀█ ▄▄▄ ▄█▄▀▀▄█▀▀  ▀▄ ▄▄  ▄▄▄   ▀▀  ▀▄▄▄████▀█▄ ▄▄▄ ▄█ ▀█
█ █ █ █▄█  ▀▄█▄█▀█▄▀ ▀▀█ ▀▄ █▄█ ▄ ▄█  ▄▀▄▀▄▀▀ █▄▀ █▄█   ▄██
█▀ ▄▀  ▄▄ ▀█▀█▄▄▀███▄██ ██▄   ▄  ▀██ ██▀  ▀ █▄▄█▀ ▄▄ ▄█▄ ▀█
█▄▄▀▄  ▄▄▄ █  ▀▀▄▄▄ ▄ ▄█ ▀ █▀█▀ ▀▄▄█▄    █ ▀▀▄▀▄█▄▀▄ ▄  ▀▀█
█▄██▀ ▀▄▀▀▀▄▄█ ▀██▄▀  ██ ▄▀▄▄▀▄█▄█ █ ▄  █▀ ▀▀▀▀▀▄▄▄▀▄▀▄▄ ██
█ ▄█▀█▀▄▄█  ▀▀█▄▄█  ▄▄ █▄ ▀▄▄█▀ ▀ ▀▄▄ █▀ █▀ █▄▄▄▀▀▀ ▀█▀ ▀██
█▀█▄ ▀▄▄▄▄█ █ ▀ ▀ ▄ ▀  ▀▀██ ▀ ▀▀ █▀  ▄█▀▀ ▀ ▀▄▀▀▄▀ █▄█▄▄▄▄█
██▀▄█▀█▄ ▀ ▀██   ▄▄ ▀▀▄▀ ▀ ▄▄▄█▄▄ ▄█▄ ▄ ▄▀▄ █  ▄█ ▄ ▀█ ▀ ▄█
█▄▄▀▀▀▄▄▀▀▀▄▄▀▀█▄ ▄█ ▄▀█ ▄▀▀▀▀█▀▀▀ ▄▄▄█ ▄▄█▄▄▀███ ▄█  █▄███
█▀▄█▀▄▄▄▀▄▄▀█▀▄▀█▄▀ ▄ ▄▄  ▀ ▀▄ ▄█ ██▄▄▀▀ ▀▀▀▀▄ ▄▀█▀█ ▄  ▀▄█
█ ▀ ▀▀▄▄ █▀▀ ▀▄ ▀  ▀ ▄█ ▀▀█ █▀▀█▀▀▄█ ▄▄ ▀▄▀ ▄ █▀ ▀▄▀ █▄█▀▀█
███████▄█ ▄██▄▄▀▀▄▄▄▄▀▄█▀▀▄ ▄▄▄  ▄▀█     █  █  █▀ ▄▄▄  █  █
█ ▄▄▄▄▄ █▀  █▄▀▄▀ ▄█  ▀ ▀▄█ █▄█ ▄█ ▄  ▄ █▀▄█▄▀█▀█ █▄█  ▄ ██
█ █   █ █▄ █ █▀▀▀▀ ▄▀  █▀▄█▄ ▄ ▄█▄▀█ ▄▄▀ ██    █▀▄▄▄  ▄▀▀ █
█ █▄▄▄█ █▀▀▄  ▄▄▄█ ▀▄█▀▀▄ ▀▀▀ ▄ ▄▄███▀ ▄ ██▄██   ▀ █▄ █████
█▄▄▄▄▄▄▄█▄▄▄█▄█▄█▄▄▄██▄█▄██▄▄██▄███▄▄▄█▄▄██▄█▄▄███▄█▄████▄█

▄▄▄▄▄▄▄▄▄▄▄▄▄▄▄▄▄▄▄▄▄▄▄▄▄▄▄▄▄▄▄▄▄▄▄▄▄▄▄▄▄▄▄▄▄▄▄▄▄▄▄▄▄▄▄▄▄▄▄
█ ▄▄▄▄▄ █▀ ▄ █ ██  ▀▄▄▀█ ▄ ▄▄▄▄  ▄█▄█ ▀ ▀    ██▄ ██ ▄▄▄▄▄ █
█ █   █ █▄▀█ ▄▄▄█▄██ ▄█▄▄▄███▄█▄▄█  ▀█  ▄█ █▀▄▀▄ ██ █   █ █
█ █▄▄▄█ █ ▀█▀█ ▄████▀███▀▄  ▄▄▄ ▄▄█▀ ▀█▄▀ ▀ █  ▀▄██ █▄▄▄█ █
█▄▄▄▄▄▄▄█ █ ▀▄▀ ▀ ▀▄▀ ▀ ▀▄█ █▄█ ▀▄█▄█ ▀▄▀▄█▄▀ █ █ █▄▄▄▄▄▄▄█
█▄ ▀ ▀▀▄▄▀  ▀ ▄▀▀█▄  ▄  ▄█  ▄▄▄▄██ ▄▄▄▄▄ ▄▄█ █████▀▄▄▄▀▄▄▀█
████▀ ▀▄▄▄ ▄ ▀▀██ ▀▄▄▄  ▀██▀▀█▀ ▄ ▀▄ ▄ █▀▄█▀▀▄ █▄█ ▀  ▀██▄█
█ █▄ ▄ ▄▄▄▀▀ █▄█ ▀█▄▀▄ ▀ █▀█▄ █▀▄▄█▀▄▄ ▄▄▄▄█  █▀▄█ █▄ ▀ █▄█
█▀█▀█▄▀▄▄ ▀█ █████▄█▄ ██   ▄ ▄▄▄▄█ ▀ ▄ ▀█ ▀  ▄ █ ▀█   ▄▄ ██
█ ██▄ █▄▀ ▀█ ▀█ █▄ ▄▄ ▄█ █▀▀  ▀▄▀ ▀█▄▄▄ ██ ▄█▄ ▄ █▀▀ ▀▀█ ██
██▄▄ ▄█▄▀▄▀▀ ▀▀▄▀█▀ ▄   █▄ ▄ █ █▄▄▄▀▀▀ █▄█▄█ ▄▄█ ▄ ▀▀ ▄█  █
█▄▀█ █ ▄▀▀█▄█▄███ █  █  ▄ █▀  █▄▄█▄▄▄ ▄█▄▄ ▄ ▀█▄▀██▄  ▀██▀█
██ ▄▀ ▀▄▄▀█  ▄▀▄█   ▀ ▀ ▀▀▄█▄▀▀ ▀ ▄ ██ ▄█  ▀███▄ ▀ █ ▄▀█▄▄█
█▄   ██▄▀█▄ ▄▀███▀  ███▄▄██  ▄▀▄▄▀▀ ▄ ▀█▄ █▄▄ █▀▄▄ █▄▄▀█▄▀█
█ ▄▀▄ ▄▄▄ ▀▄▀▄▄▄▄█▀▀▄▀█▄▄█▄ ▄▄▄ ▄  █ ▀▀ █ ▀ ▀█ ▀▀ ▄▄▄  ▄▄▀█
█▄█▄  █▄█ ▄▀▄▀ ▀██▄█ ▀██ █▄ █▄█ ▄ ▄▄ ▄▄▀ ▀ ▄▀ ▀█▄ █▄█  █▄██
█  ▄▀▄▄▄▄  █ ▄▄█ █▄ ▄▄▀▀▄▄▄▄  ▄   ▄▄▀  ▄▀ ▀▀█▀ ▀█ ▄ ▄ ▄█  █
█▀▄▄▄▀█▄▄█▄▄█▄ ▄█▄█  ▄▄▄▀█▀  █▄▄ ▀ ▄▀ ▄█▄▄▀▄▄█▄█▄▄ ▀█▄█▄▄ █
█▄██▀█▄▄▄▀ ▀▀▄█▄▀▄▀ ▀▀▄  █▄▀▄ ▀▄▀ ▀ ▄▀▄▄ █▄▀ ▄▀█▀█▀▄▀▄▀█  █
██ ▀█ █▄▀▀▄█▄█    ▄▄▀ ▄  ▄▄   ▄▄▄▄█▀█  █▄▄█▄▄▄ ▀██▄▄█ █▄█ █
█ ▀▄▀█▄▄ ▄▀ ▀█ ▄ ▄▄▀█ ▀█▀▄▀  ▄▄ █▄ ▄ ▄▀▀ ▄▀▀▄▄ █▄ ▄██▀▄█ ▄█
█▀▀▄▀▄█▄ ▀▄▄▀▄ ▄▄▄▄▄▀▀ ▀ █ ▄ ▄█ ▄  █▄▄▄  ▀▄▄█ ▄▄█▄ ▄██▄█ ▄█
██▄  ▀ ▄▀    ▄▄██ █▄ █ █▀██  ▀▄ ▀ █ ███▀█▄ █▄  ▀▄▀▄▄▀ ▄██▄█
███ █▄ ▄▀██▀ █▄ ▀█▄▄██ ██▄ ████ ▄█▄█▀ █▄▄ █▄ ▀▄█ ██▄▄█▀  ▀█
█ ▀ ▀▀▄▄▄▀ ▄█ ▀█ █▀ █▀▀▀▄  ▀▄▄▄▄▄▄█ ███  ▀▀█▀█▀█▀ █▄▀ ▀▄▄▄█
███████▄█▀  ▀ ▀█▄ ▄  █▄▄█▄▀ ▄▄▄ █ █   ▀▄▄▄██ ▄▄▀▀ ▄▄▄ █▀▀ █
█ ▄▄▄▄▄ █▄▀▄███▄▀ ▄▄ ▀ ▄  ▀ █▄█  ▀▀ ▄█  █ ▄█ ▄█▄▀ █▄█  ████
█ █   █ █▀▄█  ▀▀█▀  ▀ ▄█▀ █▄    ▀▄██▄ ▄▀ ▀█▄▀ ▄█▀ ▄▄  ▄█▀ █
█ █▄▄▄█ █▀▄ ▄▀▄▀██▀ ▄▄ ▀█▀▀  ▄█▀▄▄▄█▄  █ █▄█▄█▀ ▀  ▄▄▄▄▄█▄█
█▄▄▄▄▄▄▄█▄▄▄▄▄█████▄▄▄▄▄██▄█▄▄▄▄▄▄███▄▄█▄▄▄▄▄█▄▄▄██▄█▄▄█▄██

▄▄▄▄▄▄▄▄▄▄▄▄▄▄▄▄▄▄▄▄▄▄▄▄▄▄▄▄▄▄▄▄▄▄▄▄▄▄▄▄▄▄▄▄▄▄▄▄▄▄▄▄▄▄▄▄▄▄▄
█ ▄▄▄▄▄ █▀▀▀▄▀▀████▄ ▀▀▀▄  ██▀ ▄ █▀▀▄ █▀▀▄▀▄ ▄▄▄ ██ ▄▄▄▄▄ █
█ █   █ █▀ ▄▀  ▄▄▄ ▀█▄▄█▀ ▀█▄█  ▀▄▀▀  ▄ ▄██▀▄▄ ▄ ██ █   █ █
█ █▄▄▄█ █▀▄█▀ █▀▄██▀▄ ▄█▀ █ ▄▄▄  ▄▄▀█▄ ▀ ▄▀▄█ ▀▀▄██ █▄▄▄█ █
█▄▄▄▄▄▄▄█▄▀▄█▄▀ ▀▄█ ▀ ▀▄█ █ █▄█ ▀▄█ ▀▄▀▄▀ ▀ ▀ █▄▀▄█▄▄▄▄▄▄▄█
█ ▄   █▄    █▄ ▀ ▄▀▄▄▄▀▀▀▀ ▄▄▄  ▀█▀█▀  ▄▀█▀▀▄█▄▄▀▀ █▄█▄▀ ▀█
█▀   ▀ ▄▄▀▄▄▄█▄ ▄ ▀ ▀▀▀ ▀▀ ▄▄▀▀▄▀█ ▄  ▀  ▄█▀▄▀██  █▄▀▄▀▀ ▀█
█▄██▄▀▄▄██▀▄▄▀▄▄▀▄▀ ▀█▀▄▄▀ ▄▄█▀█▄█▀█  ▄██▀▀▀ ▀█▄▄▀ ▄███▄███
█▀▄ ▄█▄▄   ▄█▀▀█▄▄ █  ▄▄█▄▄▄ ▄█▄ ██▄▀ ▄ ▄▀█▄▄▄▄▀██▀ ▀▀  ▄██
█▀▀▀▀ █▄▄█ █ █ █▄█  ▀▄██ ▀▄▄▀ ▀ ▄█▀▄▄  ▄▄█▄ ▄▀██ ▀▄▄▀▀▀▀▀ █
█▄  ▀▀▀▄▀█ ▄▄█▀██▄█▄▀█▀█▄█ █▀ █ ▄██▄   ▄▀  ▀ ▄█▀▄ ▄  █ ▀█▀█
██ █▀ ▄▄█▀▄█▀ ▀█▄▀ ▄▄█▀▀▀▄▀▀▀▀  ▄▀██▄▄ █▀▀█  ▀▄█▄▀▀█▀▀▄▀▀ █
█▀█▀ ▀█▄█▄▀▀ █  ▄  ▄▄█  ▀█▀ █▀▀▄█▄█ █ █▀█▀ █ ▀▄▄ █▀▄▀▄▀▀▀▀█
█  ▀▀██▄█▄ ▄█ ██▄▄▄▄█▄▄▀ ▀██▀▀█ ▄  █ ▄▀▄██▀ ▄▀▄▄  ▀▄▀██▀▄ █
█▄ ▀█ ▄▄▄  ▀▀▄███▄▄█ ▀▄█▀▀█ ▄▄▄   ▀▄███ ▄▀▄▄██▀   ▄▄▄ ▀  ▀█
█  ██ █▄█  ▀▄███▄█▄▀█▄▄█ ▀▀ █▄█ ▀█▄▄   █▀▀▀▀▄█▀██ █▄█ ▀▀▀ █
█  █▄▄ ▄▄▄▀ ▄ ▄▄▀ ▀ ▄███  ▄  ▄ ▄ ▀▄▀▀▄ ▄ ██▀█ ▀ ▄▄ ▄▄▄▀▀ ▀█
█▄▄▀   ▄▀███  ▄▄▀▄▄ ▀▄ ▀▀ █ ▄█▀ ▄▀▀█ ▄▀█▀█▀ ▄▀██▀█▄▀█▄▀ ▄▄█
██▀▄██▄▄▀ ▀▀▀  ▀▄█▀▄ ▀█ ▄ ▀▄██▀  █  ▀▄▀ ▄█▄▄ ▀▀▄ ▀▄▀▀█▀▀▄▀█
█▀█ ▄█▀▄▀ █ ▀  ▀▀█  ▀▀██▄ ▄▀▀█ ▀ ▀▄▄█  ▄██▀  █▀▄▀▀▄█▄█▀ ▄ █
█▄█▄ ▄▀▄▄▄ █ ▀▄█▀█▀█▀  ▄▄ █ ▀█▄ ▀▄▀██▀█▀ ▄▄█▀█▀▄▀▄ █▄ ▀▀▄▄█
██▄▀ ██▄█▄▀   ▄▄█▄▄ ▄▄▀▀ ▀█▀▀▄█▄▀█▀█▄ ▀█▀▀▄  ██▄█ █▄▄█▄██▀█
█▀▄▀▀▄▄▄▀▀▀▀ █▄█▄█▀  ▄▀ █▀▀▀▀▄ ▄▀▀▄█▀▀▀▄▄▀▄█▄▀▀▄ █▄█ █▀ ███
█▀▀▀ ▄█▄▀▀▀██▀▀  ▄▀ ▀█▀▄  ██▄▄ ▄ ██▄▄▄ ▄█▀▀ ▄▀██▀ ▀▄█▄▄▀▄▀█
█ ▀ ▀▀▄▄ █▀▄█▄▄ ▀█▀  ▄▄ ▄▄█ █▄▄ ▀▀▄ ▀█ ▀█▀▄▀  ▀█ ▄ ▀▄▄  ▀▀█
███████▄▄ ▀██▄▀▄▄█ ▄▀▄▄▀  ▀ ▄▄▄ █▀▄█▀ ▀▄██  ▄▀███ ▄▄▄  ████
█ ▄▄▄▄▄ █▄ █ ▀▀▄██▀ ██▀█▀ █ █▄█ ▄█ ▀█▀▄▀█▀ ▀▄ ▄█▄ █▄█ █▀▄▀█
█ █   █ █ ██▀█▄▄▄▀ ▄▄███▀▄  ▄  ▄▄▀▄█▄▄▀▄ ▀█ ▄███ ▄   ▄▄▀▄▄█
█ █▄▄▄█ █ ███▄ █▄ █▄▄█▀▄▀█▀▀▄▀▀██▄█ ▀█ ▄   ▀█▄ ██▄ ███  ███
█▄▄▄▄▄▄▄█▄█▄▄▄█▄▄▄▄▄▄▄██▄█▄████▄▄▄▄▄▄▄▄████▄▄██████▄▄▄██▄██

▄▄▄▄▄▄▄▄▄▄▄▄▄▄▄▄▄▄▄▄▄▄▄▄▄▄▄▄▄▄▄▄▄▄▄▄▄▄▄▄▄▄▄▄▄▄▄▄▄▄▄▄▄▄▄▄▄▄▄
█ ▄▄▄▄▄ █▀▀▀▄▀▀████▄▄█▀▀   ██▀ ▄ █▀▀ ▀▄▀▄▄▀▄▄█▄▄ ██ ▄▄▄▄▄ █
█ █   █ █▀ ▄█▄ ▄▄▄ ▀▄▄▄█▀▀▀█▄█  ▀▄▀▀ ▀▄ ▄██▀ █ ▄ ██ █   █ █
█ █▄▄▄█ █▀ █▀▄█▀▄██▀▄ ▄█▀ █ ▄▄▄ ▄█▄▀█  ▀▀▄▀▄ ▀▀▀▄██ █▄▄▄█ █
█▄▄▄▄▄▄▄█▄▀ █▄▀ ▀▄█ ▀ ▀▄█ █ █▄█ ▀▄█ ▀▄▀▄▀ ▀ ▀ █▄▀▄█▄▄▄▄▄▄▄█
█ ▄   ▀▄▄ █ █▄ ▀ ▄▀▄▄▄▀▀▀▀▄▄▄▄  ▀█▀█▀  ▄▀█▀▀▄█▄▄▀  █▄▀▄▀ ▀█
█▀    ▀▄▀███▀▀▄ ▄ ▀ ▀▀▀ ▀▀ ▄ ▀▀▄▀█ ▄  ▀  ▄█▀▄▀▀█ ▀▄█▄ ▀▀ ▀█
█▄███▀▄▄  ▀ ▄▀▄▄▀▄▀ ▀█▀▄▄▀ ██▀▀█▄██▄  ███▀▀  ▀██ ▀ ▄ ▀▀ ███
█▄▄▀██▄▄▀▀ ▄█▀▀█▄▄▀▄    █▄▄▄ ██  ██▄▀▄ ▄ ▀▀ ▄ ███▀▀ ▀▀  ▄██
█▀█▀▀ █▄▄█ █ █ █▄▄▄ ▀▄▀▀  ▄▄▀ ▀▀▄█▀▄█▄▀▄▀▀ ▀▄███ ▀▄▄▀▀▀▀█▄█
█▄  ▀▀▀▄▀█ ▄▄█▀█ ▀█▄▀█▀█▄  █▀ █▀ ██▄▀▄▀█ ▀▀ █▄█ ▄ ▄▄ █ ▀▄▀█
█▀██▀▀▀▄█▀▄█▄█▀█▄▀ ▄▄█▀▀▀▄▀▀▀▀   ▀██   █▀▀█  ▀▄█▄▀▀█▀▀▄▀ ▀█
█▀█▀  ▄▄▀▄▄▄▄███▄  ▄▄█  ▀█▀ █▀▀▄▄██ ▄ █▀█▀ █ ▀▄▄ █▀▄▀▄▀▀▀▀█
█  ▀▀  ▄ █  ▀ █▄▄▄▄▄█▄▄▀ ▀▀█▀▀█ ▄  █ ▄▀▄██▀ ▄▀▄▄   ▄███▀▄ █
█▄ ▀█ ▄▄▄ ▀▀   ██▄▄█ ▀▄█▀▀▀ ▄▄▄   ▀ ███▄▄▀ ▄██▀▄  ▄▄▄ ▀  ▀█
█  █▀ █▄█  █▄█  ▄█▄▀█▄▄█ ▀▀ █▄█ ▀█▄▄   ▄▀▀▀ ▄█▄█▄ █▄█ ▄▀▀ █
█▀▀ ▄  ▄▄▄▀ ▄ ▄▄▀ ▄█▄█▄▀  █▄ ▄ ▄ ▀█ ▀  ▀ ▀  ▀ ▀▀   ▄▄▄   ▀█
███▄   ▄▄ ██  ▄▄██▄ ▄▄▀▀ ▀█ ██▀ ▄▀▀█ ▄ █▀▀ ▀▄▀▀██▄▄▀▄█ ▀  █
██▄▀▀█▄▄▀▀▀▀▀  ▀ ▄▀▄▄▀█ █ ▀▄▀▄▀  ▀   ▀▀▀▄█▄█ █▀▄ ▀▄▀██▀▀▄██
█▀▀ ▄█▀▄▀ █ ██ ▀▀█  ▀▀██▄ ▄▀▀█ ▀▄█▄▄▄  ▄▀█▀  ▀▀▄▀▀▄█▄█▀ █▀█
█▄█▄ ▄▀▄▄▄▄██▀█▄▀█▀█▀  ▄▄ █ ▀█▄  █▀██ █▀ ▄▄█ ▄▀▄▀▄ █▄ ▀▀▄▄█
██▄▀ ▀▀▄█▄▀█▀ ▀▀█▄▄ ▄▄▀▀ ▀█▀▀▄█▄▀█▀█▄ ▀█▀▀▄  ██▄█ ▄█▄█ ▀█▀█
█▀▄▀▀▄█▄▀▀▀▄ █ ▄▄█▀  ▄▀ █▀▀▀▀▄ ▄▀▀▄█▀▀█ ▄▀ ▀▄▀▀  █▄▀ █▄▀███
█▀▀▄ ▄▄▄  ▄▀█▀▀▄ ▄▀ ▀█▀▄  █ ▄▄ ▄ █▄▄▄▄███▀▀ ▄▀▄▄▀▀█▄█▄▄▀▄▀█
█ ▀ ▀▀▄▄▄ ▀▄█▄▄ ▀█ █ ▄█▀▄▄▄▄█▄▄ ▀▀▄ ██▄ █▀▄ ▄▄▄█ ▄▄█▄█ ▀▀▀█
███████▄▄▀▀██▄▀▄█▄▄  ▄▀▀ ▀▀ ▄▄▄ █▀▄██▄▀▄▄▀▀  ██▄▀ ▄▄▄  ▄▀██
█ ▄▄▄▄▄ █▄ █ ▀▀▄▀▀▀   ▀█ ██ █▄█ ▄█ ▀▀ █ ▀▄▀ ▄█▄█▀ █▄█ █▀ ██
█ █   █ █ ██▀█▄▄▄▀ ▄▄███▀▄  ▄▄ ▄ █▄█  ▀▄███ ▄███▀▄   ▄▄▀▄██
█ █▄▄▄█ █ ▄ █▀▀█▄ █▄▄█▀▄▀█▀▀▀▀▀█▄▄█ ▀▄ ▄   ▀▄█ ██▄ █▀█  ███
█▄▄▄▄▄▄▄█▄▄▄▄██▄▄▄▄▄▄▄██▄█▄██▄█▄▄▄▄▄▄▄▄████▄▄██████▄▄▄██▄██

▄▄▄▄▄▄▄▄▄▄▄▄▄▄▄▄▄▄▄▄▄▄▄▄▄▄▄▄▄▄▄▄▄▄▄▄▄▄▄▄▄▄▄▄▄▄▄▄▄▄▄▄▄▄▄▄▄▄▄
█ ▄▄▄▄▄ █▀▀▀▄▀ █▀███▄▀  █  ██▀ ▄ ████▄▄▀█▄▄ █▀▄▄ ██ ▄▄▄▄▄ █
█ █   █ █▀ ▄▀  ▄█▄ ▀▄█▄█▀▀▀█▄█  ▄▄▀▀▀ ▄  ▄█▀▀▄ ▄ ██ █   █ █
█ █▄▄▄█ █▀▄█▄▄█▀▄██▀▄ ▄█▀ █ ▄▄▄  ▄▄▀▄  ▀█▄▀▄▀ ▀▀▄██ █▄▄▄█ █
█▄▄▄▄▄▄▄█▄█▄▀▄▀ ▀▄█ ▀ ▀▄█ █ █▄█ ▀▄█ ▀▄▀▄▀ ▀ ▀ █▄▀▄█▄▄▄▄▄▄▄█
█ ▄  ▄▀▄  ▄ ▀▄ ▀ ▄▀▄▄▄▀▀▀▀▄ ▄▄  ▀█▀█▀  ▄▀█▀▀▄█▄▄▀ ▄█ ▀▄▀ ▀█
█▀   ▀ ▄▄▀█▀▄▄▄ ▄ ▀ ▀▀▀ ▀▀▀█ ▀▀▄▀█    █  ▄▀█▄▀▀▀▄▄▄▄▀█▀▀ ▀█
█▄█ ▄▀▄▄ █▄▄▄▀▄▄▀▄▀ ▀█▀▄▄▀▀▄▀█▀█▄█▄█   ▄█▀ ▀ ▀ █   ▄▀██ ███
████ █▄▄▀▀ ▄█▀▀█▄▄██  █ █▄▄▄▀██  █▀█▀  ▀▄▀ ▄  ▄▄▄▄▀ ▀▀▀ ▄██
█▀▀   █▄▄█ █ █ █▄█   ██▀ ▀▄▄▀  ▀▄█▀█  ▀█▀▀▀ █▀██ ▀▄▄▀▀▀▀▀ █
█   ███▄▀█ ▄▄█▀████▄▀ ▀█   █▀ █  ▀█▄█ ▀█ ▀▀ ▄█▄▀▄ ▄▄ █ ▀███
█ ██▀▀ ▄█▀▄█▀▄▀█▄▀ ▄▄█▀▀▀▄▀▀▀▀  ▀███▄  ████  ▀▄█▄▀▀▄▀▀▄▀▀ █
█▀█▀ ▀▀▄█ ▄█▄▀▀▄▄  ▄▄█  ▀█▀ █▀▀▄███ █ █▀▄▀ █ ▀▄▄ █▄▄▀▄▀▀▀▀█
█  ▀▀█ ▄▄▄█▄▄▀▄ ▄▄▄▄█▄▄▀ ▀▀█▀▀█ ▄  █ ▄▀▄██▀ ▄▀▄▄ ▀ ▄▀▀█▀▄ █
█▄ ▀█ ▄▄▄ ▀▀█ ███▄▄█ ▀▄█▀▀▀ ▄▄▄   ▀▄██▀▄▄▀▄ ███ ▀ ▄▄▄ ▀  ▀█
█   █ █▄█ █▄▄██ ▄█▄▀█▄▄█ ▀▀ █▄█ ▀█▀▄  ▄█▀▀ ▀▄██▄█ █▄█ █ ▀ █
█ ▄██▄ ▄▄ ▀ ▄ ▄▄▀ ▀▄▄█    ▄  ▄ ▄ ▀█ █    █▄█▀ ▄ ▀▄ ▄  ▄  ▀█
█▄▄▀   ▄ ███  ▄▄██ ▄▀▄▄▀  █ ▄▄▀ ▄▀▀█▄  █▀▀▀  ▀▄█▀ ▄▀▄▄ ▀  █
█▀████▄▄▄▀▀▀▀  ▀██▀▄█▄█ █▀▀▄██▀  █  ▀█▀▀▄▄▄▄█▀▀▄▀▀▄▀▄▄▀▀▄██
█ ▄ ▄█▀▄▀ █ █▀ ▀▀█  ▀▀██▄ ▄▀▀█ ▀▄█▄▄ ▄ ▄▀█▀  ▀▀▄▀▀▄█▄█▀ █ █
█▄█▄ ▄▀▄▄▄▄ █ ▄▄▀█▀█▀  ▄▄ █ ▀█▄ ▀▄▀█▄ █▀▀█▄█▀█▀▄▀▄ █▄ ▀▀▄▄█
██▄▀ ▀█▄█▄▄▀██  █▄▄ ▄▄▀▀ ▀█▀▀▄█▄▀█▀█▄ ▀█▀▀▄  ██▄█  ▀▄█▄▀█▀█
█▀▄▀▀ █▄▀▀█▄▀ ██▄█▀  ▄▀ █▀█▀▀▄ ▄▀▀ ▀▀▀█ ▄▀ ▀▄▀▀▄▄▄▄▀ ██▀███
█▀▀   ▀▄█▀ ▄█▀█▀ ▄▀ ▀█▀▄  █▀▄▄ ▄ ███▄▄ ██▀█▀▄▀██▀██▀▄▄▄▀▄▀█
█ ▀ ▀▀▄▄▀ ▀▄█▄▄ ▀██▀ ▄▄▀▄▄█▄█▄▄ ▀▀▄ █▀ ▀█▀▄█▄▄▀███▀▀█▄▀▀▀▀█
███████▄█ ▀██▄▀▄█▄▀▄▀█▄▀▀▀▀ ▄▄▄ █▀▄█   ██▀▄  █▀▄▀ ▄▄▄ ▀████
█ ▄▄▄▄▄ █▄ █ ▀▀▄██▀ █▀▀██▄█ █▄█ ▄█ ▀▀▀▄▀▄ ▀▀ ▀█▄█ █▄█ █▀ ██
█ █   █ █ ██▄▀▄▄▄▀ ▄▄███▀▄     ▄ █▄█  ▀▄▄██ ▄▀██▀▄   ▄▄▀█▄█
█ █▄▄▄█ █  ▄█▀▀ ▄ █▄▄█▀▄▀█▀▀▀█▀██▄█ ▀▄ ▄▀▀ ▀▄█ ██▄ ██▀  ███
█▄▄▄▄▄▄▄█▄▄▄█▄██▄▄▄▄▄▄██▄█▄██▄█▄▄▄▄▄▄▄▄████▄▄██████▄████▄██

▄▄▄▄▄▄▄▄▄▄▄▄▄▄▄▄▄▄▄▄▄▄▄▄▄▄▄▄▄▄▄▄▄▄▄▄▄▄▄▄▄▄▄▄▄▄▄▄▄▄▄▄▄▄▄▄▄▄▄
█ ▄▄▄▄▄ █ ▄▀▄▀█ ▄███▀▄█▀ ▄█  ▀ ▄█ ▀▀▀█▀ ▀█▄▄██▀▄ ██ ▄▄▄▄▄ █
█ █   █ █  ▀▄█ ▄▄▀█▄██▄ ▄▄▀█▄ ██▀▄▀▄▄▄▄ █  ▄ █ ▄ ██ █   █ █
█ █▄▄▄█ █▀███▄ ▄▀██▀▀█▀█▀   ▄▄▄ ▀▄▀▀▄ █▄▀█▀▄ ▄▄▀▄██ █▄▄▄█ █
█▄▄▄▄▄▄▄█▄█▄▀ ▀ ▀ ▀▄▀ ▀ ▀▄█ █▄█ ▀▄█▄█ ▀▄▀▄█▄▀ █ █ █▄▄▄▄▄▄▄█
█  ██▄▄▄▀▀▀▀ ▄█▄█▄▀▄▀▀▄▀▀▀█  ▄  ▄ ▄█▀ █▀▄█▀▀▀ ▀▄▄▀█▀▄▀▄ ▄▄█
█▄   ▄▄▄▀█▀▀▄ ▄ ▄█▄█▀▀▀█▄▄▄█▄▄▄▀▀█ ▀██▀▄ ▀▄▄▄▀█ ▀▀▄█ ▄▄▄ ▀█
█▄ █▄▀▄▄▀▀█▄▄▀▀▀▄▄▀ ▄ ▄▄▄▀█▀ █▀█▀ █▄     ▀█▀█▄ ▄▀▀█▀ █▀▄  █
█▄███ ▀▄▀▀ ▀ ▄▀█▄▀▄   ██ ▀▄▄▀▀▄█ ██▀ ▀▄ ▄   ▄▄▄▀ █▀  ▄▄█▄██
█▀▄ ▄ █▄▀ ██ ██ ▄▄  █▀▄▀▀ ▀▀▄ ▀ ▀ ██  ▄▀▄█  ▀▄▀█ ▀▀▀▄▀▀▀ ▀█
█▀██ ▄ ▄▀█ ▀▀ ▀█▄▀ ▀▄█▀    █▀█ ▄ ██▀▄  █▄ ▄█  ▄█▀█▄   █▄▄██
█▄  ▄ ▀▄ ▄▀█▀▀▄ ▀▀ ▄▀ ▄▀▀▄▄▄▄▀  ▀  █  █  ▀█  ▄▀█▄▀█ ▄▀▄▀▄▄█
█▄█▀ ▄▀▄▀ ▀ ▀ ▄▄▄██▀▄█ █▄ ▀ █▄▄▀▄▄██ ██▀███ ▀▀▄▀█  ██▀▄▄▀▀█
█ █▄▄█▄▄ ▄▀██▄▄ ▀▄▄▄ ▀▀▀ ▀ ▄▄▀█ ▀███ ▄▄▀ █▀ ▀▄▀▄▄▀▄▀ ██▀▀██
█▀ ▀█ ▄▄▄ ▀ ███▀█▀▀  ▀▄ ▄▄█ ▄▄▄   █▀  ▀▄▄▄█▀████  ▄▄▄ ▄█ ▀█
█ █▄▀ █▄█ ▀▄▄█ █▀█▄▀ ▀▀█ ▀▄ █▄█ ▄ ▀█  █ ▄▀ ▀▀  █▄ █▄█ ▄█▄██
█ ▄▀▄▄▄▄▄ ▀█▀█▄▄▀█ ▀▄█▄████▄  ▄  ▀▄█▄█ ▄▄▄█ █▄██▀ ▄▄  ▄█ ▀█
█  █   ▄█▄ █  ▀▀▀▄▄▄█ ▄█▀▀ █▀█▀ ▀▄▄█▄▄█▀█▀  █▄▀▄█ ▀▄▄▄▀ ███
█▄▀▀▀ ▀▄█▀▀▄▄█ ▀██▄▀▄▄██▄▄▀▄▀▀▄█▄█ █▄▀▀  █▀▀ ▀ ▀█▄▄▀  ▄▄▄▀█
█▄██▀█▀▄▄█  ▄██▄▄█  ▄▄ █▄ ▀▄▄█▄██▄▀▄▀▄█▀▄▀▀  ▄▄▄▀▀▀ ▀█▀  ▄█
█▀█▄ ▀▄▄▄▄▀  ▀▄ ▀ ▄ ▀  ▀▀██ ▀ ▀█▀▄▀ ▀██▀▀ ▀  ▄▀▀▄▀ █▄█▄▄▄▄█
██▀▄█▀▄▄ ▀▄█ █▄  ▄▄ ▀▀▄▀ ▀ ▄▄▄█▄▄ ▄█▄ ▄ ▄▀▄ █  ▄█  █▀█ ▀ ▄█
█▄▄▀▀▀▄▄▀▀█  █▀▀▄ ▄█ ▄▀█ ▄█▀▀▀█▀▀▀▄▄▄▄█▄▄▄▀ ▄▀█▀▀▀▄▀   ▄███
█▀▄▀▄▄ ▄   ▀█▀█ █▄▀ ▄ ▄▄  ▀▄▀▄ ▄█ ▄█▄▄█  ▀  ▀▄██▀ █ ▀▄██▀▄█
█ ▀ ▀▀▄▄▄ ▀▀ ▀▄ ▀    ▄█▀▀▀▄ █▀▀█▀▀██▄▄▀██▄  ▄ ▀▀▄ ▄▀████▀▀█
███████▄█▀▄██▄▄▀█▄  ▄▀▀▀▀▀▄ ▄▄▄  ▄▀█▄▄▄▀▄▀▀ ▀  ▄▀ ▄▄▄ ▀▄▄ █
█ ▄▄▄▄▄ █▀  █▄▀▄ ▄▄█ ▄▀ ▄██ █▄█ ▄▀ ▄ ▄▄ ▄▀█▄▄██ ▀ █▄█  ▄▄▀█
█ █   █ █▄ █▀▀▀▀▀▀ ▄▀  █▀▄█▄   ▄█ ▀█▄▄▄▀ ▀█ ▀  █▀▄▄▄  ▄▀▀ █
█ █▄▄▄█ █▀▀   ▄█▄█ ▀▄█▀▀▄ ▀▀▀ ▄ █████  ▄▀▄█▄█▄   ▀ █▄▄█████
█▄▄▄▄▄▄▄█▄▄████▄█▄▄▄██▄█▄██▄▄██▄███▄▄▄█▄▄██▄█▄▄███▄██▄███▄█

▄▄▄▄▄▄▄▄▄▄▄▄▄▄▄▄▄▄▄▄▄▄▄▄▄▄▄▄▄▄▄▄▄▄▄▄▄▄▄▄▄▄▄▄▄▄▄▄▄▄▄▄▄▄▄▄▄▄▄
█ ▄▄▄▄▄ █▀▀▀▄▀ ▄▀███▄▀  ▄  ██▀ ▄ █▄▀▀█▄▀██ ▄█▄▄▄ ██ ▄▄▄▄▄ █
█ █   █ █▀ ▄█▄ ▄██ ▀▄█▄█  ▀█▄█  ▀█▀▀▀ ▄ ▀▄█▀ █ ▄ ██ █   █ █
█ █▄▄▄█ █▀▄▀▀▀█▀▄██▀▄ ▄█▀ █ ▄▄▄ ▄█▄▀█▄ ▀█▄▀▄ ▀▀▀▄██ █▄▄▄█ █
█▄▄▄▄▄▄▄█▄█ ▀ ▀ ▀▄█ ▀ ▀▄█ █ █▄█ ▀▄█ ▀▄▀▄▀ ▀ ▀ █▄▀▄█▄▄▄▄▄▄▄█
█ ▄  ▄▀▄▄▄██ █ ▀ ▄▀▄▄▄▀▀▀▀▄▄▄▄  ▀█▀█▀  ▄▀█▀▀▄█▄▄▀  █ ▀▄▀ ▀█
█▀   ▀▀▄▀▀▄ █ ▄ ▄ ▀ ▀▀▀ ▀▀▄▄▄▀▀▄▀█    █▄ ▄▀▀▄▀▀▀▀ █▄ ▄▀▀ ▀█
█▄█▄█▀▄▄   █▄▀▄▄▀▄▀ ▀█▀▄▄▀ ▄ █▀█▄█▄▄  ▀██▀▀  ▀▄▄▀▀ ▄█▀█ ███
██▀▄ █▄▄   ▄█▀▀█▄▄ ▄  ▄ █▄▄▄ ▄▀  █ ██▄ ▀▄██   ▄▄█▀▀  ▀  ▄██
█▀▀▄▄ █▄▄█ █ █ █▄█▀▄▀██▀▀▀▄▄▀  ▀▄█ █ ▄██▀▀▄▀▄███ ▀▄▄▀▀▀ ▀▄█
█▄▀▄ █▀▄▀█ ▄▄█▀█▀▀█▄█ ▀█ █ █▀ ▄  ██▄██ ▄▀▀ ▀▄▄█ ▄  ▄ █ ▀ ██
██ █▀██▄█▀▄█▀ ▀█▄▀ ▄▄█▀▀▀▄▀▀▀▀  ▄▀██   █▀██  ▀▄█▄▀ ▄▀▀▄▀ ▀█
█▀█▀ ██▄▀▄  ▀█▀█▄  ▄▄█  ▀█▀ █▀▀▄█▄█ ▄▀█▀█  █  ▄▄ █▀▄█ ▀▀▀▀█
█  ▀▀ █▄▀▄▄▄ █▀█▄▄▄▄█▄▄▀ ▀▀█▀▀█ ▄  █ ▄▀▄██▀ ▄▀▄▄ ▀▀████▀▄ █
█▄ ▀█ ▄▄▄ ▀█ █▀ █▄▄█ ▀▄█▀▀▄ ▄▄▄   █▄██▀▄▄▀▄ ███ ▀ ▄▄▄ ▀  ▀█
█  ▄▀ █▄█ ▀█▄█▄▀▄█▄▀█▄▄█ ▀▀ █▄█ ▀██▄   █▀▀  ▄█ ██ █▄█ ▀ ▀ █
█ ▀▀▄▄▄▄▄ ▀ ▄ ▄▄▀  ▄▄███  ▄▄ ▄ ▄ ▀█ █▄▀▄▄▀▀▀█ ▀      ▄▀  ▀█
█ ▀▀▀  ▄ ▄██  ▄▄▄▄▄▄▀███▀▀█ █▄▀ ▄▀▀██▄ ▄█▀▀ ▄█████▄▀▀▄    █
██▄█ █▄▄█ ▀▀▀  ▀▀█▀▄▄▄█ ▄▄▀▄▄█▀  █  ▄▄ ▀▀ █▄▄█ ▄▀▀▄▀▀█▀▀▄██
█▄▀ ▄█▀▄▀ █ █▀ ▀▀█  ▀▀██▄ ▄▀▀█▄▄▄▀▄▄▄  ▄▀█▀  █▀▄▀▀▄█▄█▀ █ █
█▄█▄ ▄▀▄▄▄██▀▀█ ▀█▀█▀  ▄▄ █ ▀█   █▀██▀█▀ █▄█▀█▀▄▀▄ █▄ ▀▀▄▄█
██▄▀ ▄▄▄█▄▄█ ▄▀▀█▄▄ ▄▄▀▀ ▀█▀▀▄█▄▀█▀█▄ ▀█▀▀▄  ██▄█ ▄ ▄█ ▀█▀█
█▀▄▀▀█▀▄▀▀▀█▄▄▄▀▄█▀  ▄▀ █▀▀▀▀▄ ▄▀▀ ▀▀▀▀▄▄▀▄█▄▀█▄▄█▄█ █  ███
█▀▀█▄▀▄▄█▄███▀▄▀ ▄▀ ▀█▀▄  ▄▄▄▄ ▄ ███▄▄ ██▀▀ ▄▀█▄▀ █ ██▀ ▄▀█
█ ▀ ▀▀▄▄▀█▀▄█▄▄ ▀██▄ ▄ ▄▄▄█ █▄▄ ▀▀█ █▀ █▀▀▀ ▄ ▄  ▀ ▀█ █▀▀▀█
███████▄█ ▀██▄▀▄██▄ ▀█▀█▀ ▀ ▄▄▄ █▀▄█▄  ███▀▀ ▀▄██ ▄▄▄ ▀████
█ ▄▄▄▄▄ █▄ █ ▀▀▄ ▄▀ ▄█▀██▄█ █▄█  ▀ ▀▀▄▄ ▄▄▀▀▄██▄▀ █▄█ █▀ ▀█
█ █   █ █ ███ ▄▄▄▀ ▄▄███▀▄  ▄  ▄█▀▄██▄▀▄▀▀█ ▄▀██▀▄    ▄▀▄██
█ █▄▄▄█ █ ▀ ▄█  ▄ █▄▄█▀▄▀█▀▀██▀██▄█ ▀█ ▄▀  ▀▄▄ ██▄ █▀█  ███
█▄▄▄▄▄▄▄█▄██▄▄▄▄▄▄▄▄▄▄██▄█▄█▄▄█▄▄▄▄▄▄▄▄████▄▄██████▄█▄██▄██

▄▄▄▄▄▄▄▄▄▄▄▄▄▄▄▄▄▄▄▄▄▄▄▄▄▄▄▄▄▄▄▄▄▄▄▄▄▄▄▄▄▄▄▄▄▄▄▄▄▄▄▄▄▄▄▄▄▄▄
█ ▄▄▄▄▄ █▄█▀ █▀ █▀▀▀▄██ ▀▄ ▀▀▀▄  ▀██ ▄▀█▀██ █  ▄ ██ ▄▄▄▄▄ █
█ █   █ █ ▀█▀▀▀▄█▄  ▄▄█▄▀▀ ██▄ ▀█▄    █ █▄█ ▀▄▀▄ ██ █   █ █
█ █▄▄▄█ █▄█▀▀▄▀ ▀▀▄▄ ▀▀▀ █▀ ▄▄▄  ▄▀█▄█▄    ▀ ▄▄▀▄██ █▄▄▄█ █
█▄▄▄▄▄▄▄█▄█▄█ ▀▄█▄▀▄▀▄█▄▀▄█ █▄█ ▀ ▀ █ ▀ █ █▄▀▄▀▄█ █▄▄▄▄▄▄▄█
█ ▄  ██▄▀ ▀ ▀▄▀▀▀█▀██▄  ▀ ▀▄▄▄   █ ▄▀▀▀▄ ▄▀ █████  █▀▄▄ ▀ █
█▄▄▀██▀▄ ▄▀█▄▀ ▀▀▄ ██ ▄▄ ▄▄▄▀▀ ▀█▄█ ▀██▀█  ▄   ▀ █▀█▀▄ ▄▄ █
█ ██▄▀ ▄██▄█ █▄ █▄█▄▀▀█▄ █  █▀█▀▄▀▄▄▄▄▀ ▀▀▄█ █ ▄ █  ▀█▀▄█▀█
█  ▀█▄▄▄▀▀▀██  ███▄▀▀ █ ███▄▀██▀▀█ ▀▀▀▄█▀▄▀ ▀ ▀ ▄   ▀▀▀ ███
█▀▀ ▄▄▄▄ ▄█▀▀ ▄▄ ▀███▄ ▀▀█ █▄▄▄▄ ▄▄▀▀█▄█▄▀▀█▀▄  ▀▄ █▄█ ▄█▀█
█ ▀███▀▄▀▀▄▄ ▀▀▀█▀▀ ▀ ██▀  ▀█  █▄▀▀▄██▀▀  ▄▄▄█▀  ▄▄ ▄█▄█ ██
█▀▄█ ▄ ▄▄▀█▄█▀ ██  ███  ▀█ ▀   ▀██▄▄ ▀▀██ █▀███▄▄ █▄  ▄   █
█▄▀ █▀ ▄█▀▀▄ ▀▀▄▀▄▀▀ ▄█▄  █▀ █ ▀ ▄ ▄██▀ ▀█▀ █▀▀ ▀  █▄  ▄█ █
█▄ ████▄▀▀ ▄ ▀█▄ ▄  █  ▀▄█▀▀█▀▀▄▄▄▄█▄ ▀ ▀██▄▄█ ▄██▄▀▀█▀█▄▄█
██▀▀▄ ▄▄▄ ▀▀▀█▄▄▄█▄▄▀▀█▄▀   ▄▄▄ ▀  ██▄▄▄█  ▀▄█ ▀▀ ▄▄▄ ▀▀▀▀█
██▄▀▄ █▄█ ▄ █ ▄▄▀▀█▄▀█▀▀▀▄█ █▄█ █▄ ▀▀█▄▄▄█▀▄ ▄▀▀█ █▄█ ▄▀█▀█
█▄▄  ▄ ▄▄▄█  ▄▄ █ █ ▄▀█▀▄▄▄ ▄▄▄  █▀ █▄▀  ▀ █▀▄▄▀▄▄ ▄▄ █▄ ██
███ ▄▀ ▄▄ ▄▄ ▀█▄▄█ ▀ ▄  ▄ ▄ █▄▀▀█▀ ▄▄█▀██▄█ ▄██████▀▄▄▀ █▄█
█ █▀▄▀█▄█▀▄█ █▄  ▄ ▀ █ ▄████▄▀ █  █▄█▀█  ██ ▄▀▄▀ ▄  █▄ ▄ ▄█
██▀▄ ██▄▀▄▀ █▀ ███▄▄▀█▀█ ▄▄█████ █ ▄▄▄   ██▄▄██▄██▄▀ ██▄▄██
██▄▄▀█▀▄█▄▀  ▀█  ▄▀▄  ▀█▄▀▄  ▄▄█ ▄ ▄█▀▄▀ ▄▄▄ ▄ █▀█▀██▀▀ █▄█
█   ██▄▄▀█▀ ██▄   ██ █▄█▀▄▀ ▄ ▄▀█▄▄▀███▄▄███▄▄  ▄███▀▀▀▄▀ █
██▄██▄▀▄▀█▀▀▄█▀▄ ██▄  █ ▀████▄▄ ▀█▄▀███▄ ▀▄█▄█▀ ▄▀ ▀▄█ ▄█▀█
█  ▀ ▄▄▄ ▀▀ █ ▀▄▀█▀▀ █ █ ▀▄▀██ █▀█▄▄▄█ █▄ █▀█▀▄█▀▄▄▄▄█▄▄█▀█
█ ▀ ▀▀▄▄█▄▄ ▄▀ ▀▄▀ ▀▄█  █▀▀█  ███ ▀█ ▄██▄▀█  ▀█▄ ▀▄ ▄ █▄█ █
███████▄▄ ██▀ ▀  █▄▄▀ █▀▄▄▀ ▄▄▄ ██ █ ▄  ▀▀█▄▄▀ ▄▀ ▄▄▄ ▄▀▀██
█ ▄▄▄▄▄ ██▀▄   ▄ █▀▀█▄ ▄▄▄▄ █▄█ █▀▀ ▀ █▀█   ▄ ▄▄▄ █▄█ █  ▀█
█ █   █ █▀ ▀█▄ █▀█▀▀ ▄ ▀ ▀▄ ▄▄  █ ▀▀▀███▄█▄█▄▄ ▀▀ ▄ ▄▄█▄▀▄█
█ █▄▄▄█ █ █▀▄▀▀█  ▀ ▄▀█▄█▀▀██▀█▀▄ ▀ █   █▀▄██ ▄█▀  ▀█▀▄▄█▀█
█▄▄▄▄▄▄▄█▄████▄▄██▄██▄▄▄▄▄███████▄██▄███▄▄████▄▄█▄▄▄█▄█▄███

▄▄▄▄▄▄▄▄▄▄▄▄▄▄▄▄▄▄▄▄▄▄▄▄▄▄▄▄▄▄▄▄▄▄▄▄▄▄▄▄▄▄▄▄▄▄▄▄▄▄▄▄▄▄▄▄▄▄▄
█ ▄▄▄▄▄ █▀▀▀▄▀▀▄▀▀█▄ █  ▄▄ ██▀ ▄ ███▄▄ █ ▀ ▄▀█▄▄ ██ ▄▄▄▄▄ █
█ █   █ █▀ ▄▀▄ ▄▄█ ▀█▄▄█  ▀█▄█  ▀▄▀▀▄▀▄ ███▀ █ ▄ ██ █   █ █
█ █▄▄▄█ █▀▄████▀▄██▀▄ ▄█▀ █ ▄▄▄  █▄▀▀  ▀ ▄▀▄██▀▀▄██ █▄▄▄█ █
█▄▄▄▄▄▄▄█▄█▄█▄▀ ▀▄█ ▀ ▀▄█ █ █▄█ ▀▄█ ▀▄▀▄▀ ▀ ▀ █▄▀▄█▄▄▄▄▄▄▄█
█ ▄   ▀▄  ▀▀ ▀ ▀ ▄▀▄▄▄▀▀▀▀▄ ▄▄  ▀█▀█▀  ▄▀█▀▀▄█▄▄▀▀ █ ▀▄▀ ▀█
█▀   ▀▀▄  █▄▄█▄ ▄ ▀ ▀▀▀ ▀▀██ ▀▀▄▀█ ▄  █▄ ▄██▄▀▀██ ▄▄█▀▀▀ ▀█
█▄█▄ ▀▄▄▄▄▀ ▄▀▄▄▀▄▀ ▀█▀▄▄▀ ▄█▀▀█▄██▄   ▄█▀▀  ▀▄▄ ▀ ▄▀█▀ ███
█▀█▄▀█▄▄▀▀ ▄█▀▀█▄▄    ▀▄█▄▄▄▀█▀  █▄▄▀▄▄▄▄█▀▀▄▄▄▀▀ ▀     ▄██
███▀█ █▄▄█ █ █ ███   ██▀▀▀▄▄▀  ▀▄█▀█ ▄▀▄██   ▀▄█ ▀▄▄▀▀ ▀▀ █
█▀█ ▄██▄▀█ ▄▄█▀█▄▄█▄ ▀▀█▀▄ █▀ ▄▀▄██▄ ▄ █▄▄  ▀▀█ ▄ ▄▄ █ ▀███
█▀██▀▄ ▄█▀▄███▀█▄▀ ▄▄█▀▀▀▄▀▀▀▀  ▄▀██▀  █▀▀█ █▀▄█▄▀ █▀▀▄▀▀ █
█▀█▀  ▄▄█ ██ ▀ █▄  ▄▄█  ▀█▀ █▀▀▄▄██ █ █▀█  █ ▀▄▄ ██ █ ▀▀▀▀█
█  ▀▀▀▄▄▄██▄█▀█ ▄▄▄▄█▄▄▀ ▀▀█▀▀█ ▄  █ ▄▀▄██▀ ▄▀▄▄ ▀▀█ ██▀▄ █
█▄ ▀█ ▄▄▄ ▄█▄█▀▀█▄▄█ ▀▄█▀▀  ▄▄▄   █▄███▄▄▀▄▄███ █ ▄▄▄ ▀  ▀█
█  █  █▄█ ▀▀▄██▄▄█▄▀█▄▄█ ▀▀ █▄█ ▀██▄  ▀█▀▀▀▀▄█▄█▄ █▄█ ▀▀▀ █
██▄█  ▄▄  ▀ ▄ ▄▄▀ █▀▄█▄▄  ▄▄ ▄ ▄ ▀█ ▀▄█▀▄▀▀▀█  ▀▄▄   ▄ ▀ ▀█
█▀██▀  ▄▀███  ▄▄██▄ ▀▄▀▀▀ █ ▄▄▀ ▄▀▀█ ▄ █▄█  ▄▀███▀▄▀██▀ ▄ █
█▄▀▀▀█▄▄▀▀▀▀▀  ▀█▀▀▄▄██   ▀▄██▀ ▄▀  ▀█ ▀▀▄██▄  ▄▀▀▄▀▀█▀▀ ▀█
█▀█ ▄█▀▄▀ █ ▄▀ ▀▀█  ▀▀██▄ ▄▀▀█▀▀▄▀▄▄▀  ▄▀█▀ ▄▀▀▄▀▀▄█▄█▀ █ █
█▄█▄ ▄▀▄▄▄▄▄▄▄▀▀▀█▀█▀  ▄▄ █ ▀█▀▄ █▀█▄ █▀▀█▄█ █▀▄▀▄ █▄ ▀▀▄▄█
██▄▀ ▄ ▄█▄█▀▄▄▀▀█▄▄ ▄▄▀▀ ▀█▀▀▄█▄▀█▀█▄ ▀█▀▀▄  ██▄█ ▄█▄█▄▀█▀█
█▀▄▀▀  ▄▀▀▄▄██▀█▄█▀  ▄▀ █▀▀▀▀▄ ▄▀▀▄█▀▀█▄▄▀▄▀▄▀▀  █▄▀ █  ███
█▀▀ ▀▀▄▄▄▀▀██▀▀  ▄▀ ▀█▀▄  ▄▄▄▄ ▄ █▄▄▄▄▀▄█▀▀▀▄▀██▀██▀██▄▄▄▀█
█ ▀ ▀▀▄▄█▄▀▄█▄▄ ▀█▄█ ▄██▄▄█ █▄▄ ▀▀█ █▀█▄▀▀ ▄▄ ▀▄▀▀ █▀▄▀ ▀▀█
███████▄▄▀▀██▄▀▄▄▄▄ ▀▄▀▀▀ ▀ ▄▄▄ █▀▄█▄▄ ▄▀▀▀▀ ████ ▄▄▄  ██▀█
█ ▄▄▄▄▄ █▄ █ ▀▀▄█ ▀  ▀▀█▀ █ █▄█ ▄█ ▀▄▀█ ▀▄▀▀ ▀▄▄▄ █▄█ █▀▄██
█ █   █ █ ████▄▄▄▀ ▄▄███▀▄  ▄  ▄▄█▄█  ▀▄▀██  ███ ▄  ▄ ▄▀▄██
█ █▄▄▄█ █ ▀█ ▀ ▀▄ █▄▄█▀▄▀█▀▀██▀█▄██ ▀█ ▄▀▀ ▀█▄ ██▄ █▄█  ███
█▄▄▄▄▄▄▄█▄▄█▄▄██▄▄▄▄▄▄██▄█▄████▄▄▄▄▄▄▄▄████▄▄██████▄▄▄██▄██

▄▄▄▄▄▄▄▄▄▄▄▄▄▄▄▄▄▄▄▄▄▄▄▄▄▄▄▄▄▄▄▄▄▄▄▄▄▄▄▄▄▄▄▄▄▄▄▄▄▄▄▄▄▄▄▄▄▄▄
█ ▄▄▄▄▄ █▀▀▀▄▀ ▄█▀▄█▀█ ▀ ▄ ██▀ ▄ █▀█ ▀ █▄▄▄▄ █▄▄ ██ ▄▄▄▄▄ █
█ █   █ █▀ ▄█▄ ▄▄█ ▀▄█▄█ ▀▀█▄█   █▀▀▀▀▄  ▄█▀ █ ▄ ██ █   █ █
█ █▄▄▄█ █▀ ▀███▀▄██▀▄ ▄█▀ █ ▄▄▄  █▄▀██ ▀  ▀▄▄█▀▀▄██ █▄▄▄█ █
█▄▄▄▄▄▄▄█▄█ ▀ ▀ ▀▄█ ▀ ▀▄█ █ █▄█ ▀▄█ ▀▄▀▄▀ ▀ ▀ █▄▀▄█▄▄▄▄▄▄▄█
█ ▄   ▀▄  ▄▄▀  ▀ ▄▀▄▄▄▀▀▀▀ ▄▄▄  ▀█▀█▀  ▄▀█▀▀▄█▄▄▄▀ █ ▀▄▀ ▀█
█▀   ▀▀▄▀▄▀█▄▄▄ ▄ ▀ ▀▀▀ ▀▀ █▄█▀▄▀█▄   █  ▄▀▀▄▀█▀▀ ███▀▀▀ ▀█
█▄█▄█▀▄▄ ▄██▄▀▄▄▀▄▀ ▀█▀▄▄▀▀▄██▀█▄███   ▄█▀▄  ▀▄█▀  ▄███ ███
██▄█▄█▄▄▀▀ ▄█▀▀█▄▄▀▀  ▀▄█▄▄▄▀██  ██▀▀▄█  ███ ▄ █▀█▀    ▀▄██
█▀▀▄  █▄▄█ █ █ █▀▄ ▄▀██▀█▀▄▄▀ ▀ ▄█▀█ ▄▀▄▀▀█  ██▄ ▀▄▄▀▀▀▀█ █
█ ▄▄ ██▄▀█ ▄▄█▀█ ██▄▀▄▀█▄  █▀ █ ▄▀█▄▀▄▀█ ▄ ▀  ▄ ▄ ▄  █ ▀▄██
██▄█▀ ▄▄█▀▄█▀█▀█▄▀ ▄▄█▀▀▀▄▀▀▀▀   ▀██▄▄ ██▀█  ▀▄█▄▀▀█▀▀▄▀▀ █
█▀█▀ ▄▀▄▀▄ ▄███ ▄  ▄▄█  ▀█▀ █▀▀▄███ ▄ █▀█  █▀ ▄▄ ██▄█ ▀▀▀▀█
█  ▀▀ █▄▄▀▄▀▄▀ █▄▄▄▄█▄▄▀ ▀█▀▀▀█ ▄  █ ▄▀▄██▀ ▄▀▄▄▀  ▄ ██▀▄ █
█▄ ▀█ ▄▄▄  ▄ ▀▀▀█▄▄█ ▀▄█▀▀▀ ▄▄▄   ▀ ███▄▄▀ ▄██▀ █ ▄▄▄ ▀  ▀█
█  ▄  █▄█ █▀▄██▀▄█▄▀█▄▄█ ▀▀ █▄█ ▀█▄▄   ▄▀▀ ▀▄█▄▄▀ █▄█  ▄▀ █
█▀▀▀▄▄ ▄▄ ▀ ▄ ▄▄▀ ██▄█ █  ▄▄ ▄ ▄ ▀█▀▀▄▄█▄▀█ █ █▀█▄    ▀▀ ▀█
█▀▀██  ▄▀ ██  ▄▄▀▄▀▄▄▄█▀▄▀█ ▄▄▀ ▄▀▀█▀ █▄███▀▄█▄▄██▄▀▀▄ ▀▄▄█
██▄▄▀█▄▄█ ▀▀▀  ▀▄▄▀▄█▀█ █▀▀▄▀█▀  █   █   █▄█▄▄ ▄▀▀▄▀▀ ▀▀ ██
█▀▀ ▄█▀▄▀ █ █▀ ▀▀█  ▀▀██▄ ▄▀▀█ ▀▄▀▄▄█▄ ▄█▀▀  █▀▄▀▀▄█▄█▀ ▄▀█
█▄█▄ ▄▀▄▄▄▄▄▀▀▀▄▀█▀█▀  ▄▄ █ ▀██▄▀▄▀██ █▀▀█▄█▀▄▀▄▀▄ █▄ ▀▀▄▄█
██▄▀ ██▄█▄ ▄██▀ █▄▄ ▄▄▀▀ ▀█▀▀▄█▄▀█▀█▄ ▀█▀▀▄  ██▄█ ▄▀▄█▄▀█▀█
█▀▄▀▀██▄▀▀ ▀▀ ▀ ▄█▀  ▄▀ █▀█▀▀▄ ▄▀▀ █▀▀█▄▄▀▄█▄▀▀  ▀▄█ █ ▀███
█▀▀  ▀▀▄▄▄█ █▀██ ▄▀ ▀█▀▄  ▄ ▄▄ ▄ ██▄▄▄ ▄█▀▀▀▄▀▄██ ▀▀▀▄▄▀▄▀█
█ ▀ ▀▀▄▄▀ ▀▄█▄▄ ▀██  ▄█▀▄▄▄ █▄▄ ▀▀▄▀██ ██▀▀▀▄▄ ▄██ █▄▄▀ ▀▀█
███████▄█ ▀██▄▀▄▀▄  ▀█▄▀ ▀▀ ▄▄▄ █▀▄█▄▄▀▄▀█ ▀ ▀██▀ ▄▄▄ ▀█▀██
█ ▄▄▄▄▄ █▄ █ ▀▀▄  ▀ ▀▄▀█▄▀█ █▄█ ▄█ ▀█ ▄ ▄ ▀▀██▄█  █▄█ █▀▄██
█ █   █ █ ██▄ ▄▄▄▀ ▄▄███▀▄   ▄ ▄ █▄█  ▀▄ ██ ▄███ ▄   ▄▄▀▄██
█ █▄▄▄█ █ █▀▀█▀▄▄ █▄▄█▀▄▀█▀▀█▀▀██▄█ ▀▄ ▄▀  ▀▄█ ██▄ █▀█  ███
█▄▄▄▄▄▄▄█▄▄▄███▄▄▄▄▄▄▄██▄█▄██▄█▄▄▄▄▄▄▄▄████▄▄██████▄████▄██

▄▄▄▄▄▄▄▄▄▄▄▄▄▄▄▄▄▄▄▄▄▄▄▄▄▄▄▄▄▄▄▄▄▄▄▄▄▄▄▄▄▄▄▄▄▄▄▄▄▄▄▄▄▄▄▄▄▄▄
█ ▄▄▄▄▄ █▀▀▀▄▀▀█▀█▄█ ▀  ▄▄ ██▀ ▄ ██▀█▀▄█▀▀▄  ▄▄▄ ██ ▄▄▄▄▄ █
█ █   █ █▀ ▄█▄ ▄██ ▀▄█▄█  ▀█▄█  ▀█▀▀▀ ▄ ▄██▀ ▄ ▄ ██ █   █ █
█ █▄▄▄█ █▀▄▀███▀▄██▀▄ ▄█▀ █ ▄▄▄  ▄▄▀█▀ ▀ ▄▀▄▄▄▀▀▄██ █▄▄▄█ █
█▄▄▄▄▄▄▄█▄█▄█ ▀ ▀▄█ ▀ ▀▄█ █ █▄█ ▀▄█ ▀▄▀▄▀ ▀ ▀ █▄▀▄█▄▄▄▄▄▄▄█
█ ▄   █▄▄▄█▄▀▀ ▀ ▄▀▄▄▄▀▀▀▀▄▄▄▄  ▀█▀█▀  ▄▀█▀▀▄█▄▄ ▀ █ ▀▄▀ ▀█
█▀    ▀▄▀▀▄ ▀▀▄ ▄ ▀ ▀▀▀ ▀▀▀▄ ▀▀▄▀█    █  ▄▀▀▄▀▀█▄ █▄  ▀▀ ▀█
█▄███▀▄▄▀█▀ ▄▀▄▄▀▄▀ ▀█▀▄▄▀▀▄█▀▀█▄██▄   ▄█▀█▀ ▀▄▄▀▀ ▄▀██ ███
█▄█  █▄▄▀  ▄█▀▀█▄▄█▀  ▄██▄▄▄▀█▀▄ █▄█▀▄██ ▀ █  █▄▀▀▀    ▀▄██
█▄▄▄▄ █▄▄█ █ █ ███▄▄▀▄▀▀▀ ▄▄▀ ▀ ▄█▀▄█▄ ███▀  ▀▀█ ▀▄▄▀▀▀▀▀▄█
█▀█▀▄██▄▀█ ▄▄█▀██▄█▄▄█▀█ ▀ █▀ ▄  ▀█▄▄▄ █▄▀▀▀  █ ▄  ▄ █ ▀▄██
█▄ █▀ ▄▄█▀▄███▀█▄▀ ▄▄█▀▀▀▄▀▀▀▀  ▀▀██▄  ██▀█ ██▄█▄▀▄█▀▀▄▀  █
█▀█▀ ▀▄▄▀▄▀▄██▄ ▄  ▄▄█  ▀█▀ █▀▀▄███ ▄ █▀▄▀ █  ▄▄ █▄ ▀ ▀▀▀▀█
█  ▀▀ ▄▄▄█ ▄▄▄█▄▄▄▄▄█▄▄▀ ▀▀█▀▀█ ▄  █ ▄▀▄██▀ ▄▀▄▄▀ ▄█▀▀█▀▄ █
█▄ ▀█ ▄▄▄ █ ▄█▀██▄▄█ ▀▄█▀▀█ ▄▄▄   █ ██▀▄▄▀▄▄██▀ ▄ ▄▄▄ ▀  ▀█
█  █▄ █▄█   ▄█  ▄█▄▀█▄▄█ ▀▀ █▄█ ▀█ ▄   █▀▀█ ▄█▀█▄ █▄█ █▄▀ █
█ ▄█▄ ▄▄▄▄▀ ▄ ▄▄▀ ▀ ▄██▀  █▄ ▄ ▄ ▀▄ ▀▄█▄▄▀ ▀█▄█▄▄▄       ▀█
█ ▀    ▄▄███  ▄▄▄█▄ ▄▄██▀▀█ ▀▄▀ ▄▀▀██▄▀▄▄█▀▀▄▀▄██ ▄▀▀▄  ▄▄█
█ ▀█▄█▄▄▀▄▀▀▀  ▀ ▀▀▄▀▀█ █▄▀▄██▀  ▀   ▄ ▀▄ █▄▄█ ▄ ▀▄▀ █▀▀ ▀█
█▀▀ ▄█▀▄▀ █ ▀▀ ▀▀█  ▀▀██▄ ▄▀▀█▀▄▄█▄▄█▄ ▄▄█▀  █▀▄▀▀▄█▄█▀ █ █
█▄█▄ ▄▀▄▄▄ █▄▀██▀█▀█▀  ▄▄ █ ▀█   █▀█▄ █▀ █▄█▀█▀▄▀▄ █▄ ▀▀▄▄█
██▄▀ ▀█▄█▄▄▄██▄▄█▄▄ ▄▄▀▀ ▀█▀▀▄█▄▀█▀█▄ ▀█▀▀▄  ██▄█ ▀▄▄█▄▀█▀█
█▀▄▀▀ ▀▄▀▀▀ ▄   ▄█▀  ▄▀ █▀█▀▀▄ ▄▀▀▄▀▀▀▀ ▄▀▄▀▄▀█▄ ▄▄▀ ██▀███
█▀▀ █▀█▄█▀ ██▀▀  ▄▀ ▀█▀▄  ▄▀▄▄ ▄ ██▄▄▄ ▄█▀▀▀▄▀█▄█ ▀▄▄▄ ▀▄▀█
█ ▀ ▀▀▄▄ █▀▄█▄▄ ▀█▄█ ▄▄▀▄▄▄▀█▄▄ ▀▀▄▀▀▀▄█▀██▀  ██▀█▀▀▀▀  ▀▀█
███████▄█ ▀██▄▀▄▄█  ▀▄▄▀▀▀▀ ▄▄▄ █▀▄█   █▀▀ ▀ █▄▄█ ▄▄▄ ▀██▀█
█ ▄▄▄▄▄ █▄ █ ▀▀▄  ▀ ██▀█▀ █ █▄█  ▀ ▀▀▄█▀▄▄  ▀ ██▄ █▄█ █▀▄██
█ █   █ █ ███▄▄▄▄▀ ▄▄███▀▄  ▄▄ ▄▀█▄█▄ ▀▄▀██ ▄▀██ ▄  ▄ ▄▀▄██
█ █▄▄▄█ █ █▄ █▀▄▄ █▄▄█▀▄▀█▀▀▀▀▀████ ▀█ ▄▀▀ ▀█▄ ██▄ █ █  ███
█▄▄▄▄▄▄▄█▄██████▄▄▄▄▄▄██▄█▄████▄▄▄▄▄▄▄▄████▄▄██████▄████▄██

▄▄▄▄▄▄▄▄▄▄▄▄▄▄▄▄▄▄▄▄▄▄▄▄▄▄▄▄▄▄▄▄▄▄▄▄▄▄▄▄▄▄▄▄▄▄▄▄▄▄▄▄▄▄▄▄▄▄▄
█ ▄▄▄▄▄ █▀▀▀▄▀▀█▀▀▄█▄█▀ ▀▄ ██▀ ▄ █▀█ ▀▄█▄▄▄▄ █▄▄ ██ ▄▄▄▄▄ █
█ █   █ █▀ ▄█▄ ▄██ ▀▄█▄█▀ ▀█▄█  ▄▄▀▀▀▀▄ ▄██▀▀▄ ▄ ██ █   █ █
█ █▄▄▄█ █▀ █▀▀█▀▄██▀▄ ▄█▀ █ ▄▄▄ ▄▄▄▀█  ▀█ ▀▄ █▀▀▄██ █▄▄▄█ █
█▄▄▄▄▄▄▄█▄█ ▀ ▀ ▀▄█ ▀ ▀▄█ █ █▄█ ▀▄█ ▀▄▀▄▀ ▀ ▀ █▄▀▄█▄▄▄▄▄▄▄█
█ ▄  ▄▀▄   █▀  ▀ ▄▀▄▄▄▀▀▀▀  ▄▄  ▀█▀█▀  ▄▀█▀▀▄█▄▄█▀▄█ █▄▀ ▀█
█▀     ▄▄ █▀█▀▄ ▄ ▀ ▀▀▀ ▀▀█▄ █▀▄▀█▄▄  █  ▄▀█▄▀▀█▄█▄▄ ▄▀▀ ▀█
█▄██ ▀▄▄▀  ▀▄▀▄▄▀▄▀ ▀█▀▄▄▀ ▄██▀█▄██▄   ██▀ ▀ ▀▄▄▀  ▄█▀▀ ███
██▀█ █▄▄▀▀ ▄█▀▀█▄▄ ▄  ███▄▄▄▀█▀  █▄▄█▄▀▀▄█▀█ ▄ ▀▄▀▀  ▀▀ ▄██
█ ▄▀▄ █▄▄█ █ █ █▄▄ ▄▄▄▀▀▀ ▄▄▀ ▀▀▄█▀█   ███  ▄▀▀▄ ▀▄▄▀▀  █▄█
█▀██▀█▀▄▀█ ▄▄█▀█▄ █▄ ▄▀█▄▄ █▀ █ ▄██▄▀█ ▄▀▀▀ █▄█ ▄    █ ▀▄██
█ ██▀ ▀▄█▀▄█▀▄▀█▄▀ ▄▄█▀▀▀▄▀▀▀▀   ████  █ ▀█ ▄█▄█▄▀ █▀▀▄▀▀▀█
█▀█▀  ▀▄█ ▄▀▄  █▄  ▄▄█  ▀█▀ █▀▀▄███ ▄ █▀▄  █  ▄▄ █▄█▀▄▀▀▀▀█
█  ▀▀▀ ▄█ ▀▀█ ▀▄▄▄▄▄█▄▄▀ ▀▀█▀▀█ ▄  █ ▄▀▄██▀ ▄▀▄▄▀  ▄▀██▀▄ █
█▄ ▀█ ▄▄▄ ▄ █ ███▄▄█ ▀▄█▀▀▄ ▄▄▄   ▀▄███▄▄▀▄▄███▄  ▄▄▄ ▀  ▀█
█  ▄█ █▄█  ▄▄█ ▄▄█▄▀█▄▄█ ▀▀ █▄█ ▀██▄  ▀▄▀▀ ▀▄█▄██ █▄█ █▄▀ █
█▄▀█   ▄ ▄▀ ▄ ▄▄▀ ▀ ▄█ ▀  █  ▄ ▄ ▀▄▀█ █▀▄██▄▀ ▀▀█▄▄ ▄▄▀  ▀█
██▀ ▄  ▄▀███  ▄▄▄█ ▄▀▄▄▀ ▀█ ▄█▀ ▄▀▀█▄▄▀▄▀▀▀▀ ███▀ ▄▀▄▄ ▀ ▄█
█▄█▀▀█▄▄▄█▀▀▀  ▀█▄▀▄█ █ █▀▀▄▀█▀  ▀  ▄▀   ██▄█▀ ▄▀▀▄▀▄█▀▀▄██
███ ▄█▀▄▀ █ ▀█ ▀▀█  ▀▀██▄ ▄▀▀█▄▄█▀▄▄   ▄▀█▀  ▀▀▄▀▀▄█▄█▀ █ █
█▄█▄ ▄▀▄▄▄█ █ ▀▄▀█▀█▀  ▄▄ █ ▀█▀▄▀▄▀█▄ █▀ █▄█▀█▀▄▀▄ █▄ ▀▀▄▄█
██▄▀ █▀▄█▄ ▄▀▀  █▄▄ ▄▄▀▀ ▀█▀▀▄█▄▀█▀█▄ ▀█▀▀▄  ██▄█  █▄█▄██▀█
█▀▄▀▀▀▀▄▀▀▄▄▀▀ ▀▄█▀  ▄▀ █▀▀▀▀▄ ▄▀▀ █▀▀▀▄▄▀ ▀▄▀█▄ ▀▄▀ █  ███
█▀▀ ▄▄ ▄▄▄▄▄█▀█▀ ▄▀ ▀█▀▄  ██▄▄ ▄ █ ▄▄▄▀██▀█ ▄▀█▄█▄▀▀▄██▀▄▀█
█ ▀ ▀▀▄▄█▀▀▄█▄▄ ▀█ ▄ ▄ ▀▄▄█▄█▄▄ ▀▀█ █▀ ▄█▀▄█  █ █▄▄▀█ ▄ ▀▀█
███████▄█ ▀██▄▀▄▀▄▄ ▀█▀▀ ▀▀ ▄▄▄ █▀▄█▄  █▀▀▀▀▄█▄██ ▄▄▄ ▀████
█ ▄▄▄▄▄ █▄ █ ▀▀▄█▄▀ █▀▀█▀▀█ █▄█ ▄▀ ▀▀█▄▀▄ ▀▀█▄███ █▄█ █▀▄▀█
█ █   █ █ ██▀█▄▄▄▀ ▄▄███▀▄  ▄  ▄ ▀▄█  ▀▄▄██ ▄▀██ ▄  ▄ ▄▀▄██
█ █▄▄▄█ █ ▄▄█▀▄ ▄ █▄▄█▀▄▀█▀▀█▀▀█▄██ ▀▄ ▄ ▀ ▀▄█ ██▄ █ █  ███
█▄▄▄▄▄▄▄█▄▄▄██▄█▄▄▄▄▄▄██▄█▄█▄██▄▄▄▄▄▄▄▄████▄▄██████▄████▄██

▄▄▄▄▄▄▄▄▄▄▄▄▄▄▄▄▄▄▄▄▄▄▄▄▄▄▄▄▄▄▄▄▄▄▄▄▄▄▄▄▄▄▄▄▄▄▄▄▄▄▄▄▄▄▄▄▄▄▄
█ ▄▄▄▄▄ █▀▀▀▄▀▀█▀███ █  ▄▄ ██▀ ▄ █▀█▀█▄▀  ▀▄█▀▄▄ ██ ▄▄▄▄▄ █
█ █   █ █▀ ▄▀▄ ▄▄▄ ▀█▄▄█▀▀▀█▄█  ▀█▀▀▄▀▄ ███▀ ▄ ▄ ██ █   █ █
█ █▄▄▄█ █▀ ▀ ██▀▄██▀▄ ▄█▀ █ ▄▄▄ ▄█▄▀   ▀██▀▄▄▄▀▀▄██ █▄▄▄█ █
█▄▄▄▄▄▄▄█▄▀▄█▄▀ ▀▄█ ▀ ▀▄█ █ █▄█ ▀▄█ ▀▄▀▄▀ ▀ ▀ █▄▀▄█▄▄▄▄▄▄▄█
█ ▄  ▄▀▄  ██ █ ▀ ▄▀▄▄▄▀▀▀▀ ▄▄▄  ▀█▀█▀  ▄▀█▀▀▄█▄▄ ▀ █ ▀▄▀ ▀█
█▀   ▀▀▄▀█▀▄▀ ▄ ▄ ▀ ▀▀▀ ▀▀▀█▄█▀▄▀█ ▄  ▀▄ ▄█▀▄▀▀██▀██  ▀▀ ▀█
█▄█▄▄▀▄▄█ ▀▀▄▀▄▄▀▄▀ ▀█▀▄▄▀▀█▀█▀█▄███  ▀▄█▀▀  ▀ ▄▀  ▄▀█▀ ███
█▄ ▀▀█▄▄▀  ▄█▀▀█▄▄      █▄▄▄ ▄█  █ ▄█ ▄▄ ▀▄█▄ ▀ ▀▄▀  ▀  ▄██
█▀█▄█ █▄▄█ █ █ ███▄ ▄▄▀█ ▀▄▄▀ ▀▀▄█▀█▄ ▀▄█▀▀ ▄▀██ ▀▄▄▀▀ ▀▀▄█
██ █▄██▄▀█ ▄▄█▀█▀▄█▄▀▄▀██▀ █▀ █▀ ▀█▄▀█▀▄█  ▀ ▀█ ▄    █ ▀ ██
█▄▄█▀▄▀▄█▀▄█▄█▀█▄▀ ▄▄█▀▀▀▄▀▀▀▀   ███▀  █▄██  █▄█▄▀ ▄▀▀▄▀  █
█▀█▀  ▀▄▀▄██▀▀  ▄  ▄▄█  ▀█▀ █▀▀▄▄██ █▀█▀▄  █▀▀▄▄ █▀ █ ▀▀▀▀█
█  ▀▀█ ▄▀█▀▄▄▀▀▀▄▄▄▄█▄▄▀ ▀▀▀▀▀█ ▄  █ ▄▀▄██▀ ▄▀▄▄▀  ▄▀▀█▀▄ █
█▄ ▀█ ▄▄▄ ███▀ ▀█▄▄█ ▀▄█▀▀  ▄▄▄   █▄███ ▄▀▄ ███▄█ ▄▄▄ ▀  ▀█
█  ██ █▄█ ▄▄▄█▄█▄█▄▀█▄▄█ ▀█ █▄█ ▀█▄█  ▀█▀▀█ ▄██▄▀ █▄█ ▀ ▀ █
██ ▀▀▄▄▄ ▄▀ ▄ ▄▄▀ █▀▄█ ▀  ▄  ▄ ▄ ▀█ ▀▄▀  ▀█▀▀ ▀ █▄ ▄▄▄▀▀ ▀█
█▄▀█▀  ▄ ▄██  ▄▄▀▄▄▄ █▀▀▄▀█ ██▀ ▄▀▀██ ▀███▄▀▄███▀▀▄▀▀▄▀ ▄▄█
█▀ ▄▀█▄▄▀ ▀▀▀  ▀ ▀▀▄ ▄█ █▀▀▄▀▄▀  █  ▀▀   █▄█▄█▀█ ▀▄▀ ▀▀▀▄▀█
█▄▄ ▄█▀▄▀ █  █ ▀▀█  ▀▀██▄ ▄▀▀██▄▄█▄▄▄  ▄██▀ ▄█▀▄▀▀▄█▄█▀ ▄▀█
█▄█▄ ▄▀▄▄▄ ▀▄▄ █▀█▀█▀  ▄▄ █ ▀█ ▄ █▀█▄ █▀ ▄▄█ █▀▄▀▄ █▄ ▀▀▄▄█
██▄▀ █▀▄█▄  █ ▀██▄▄ ▄▄▀▀ ▀█▀▀▄█▄▀█▀█▄ ▀█▀▀▄  ██▄█   ▄█▄██▀█
█▀▄▀▀ ▀▄▀▀ █▀██▄▄█▀  ▄▀ █▀▀▀▀▄ ▄▀▀ █▀▀▀▄▄▀ █▄▀▀ ▄▄▄█ █▄▀███
█▀▀ ▄▄▀▄█ ▄██▀ ▀ ▄▀ ▀█▀▄  ██▄▄ ▄ ██▄▄▄▀██▀ ▀▄▀██▀▀▀███ █▄▀█
█ ▀ ▀▀▄▄  ▀▄█▄▄ ▀█ ▀ ▄▀ ▄▄▄▄█▄▄ ▀▀▄ ▀█▄█▀▀▀ ▄ ▀ ▀▄ ▀▀ █ ▀▀█
███████▄▄ ▀██▄▀▄▀▄ ▄▄▄▀█ ▀▀ ▄▄▄ █▀▄█ ▄█▄▀▀▄▀ ███▀ ▄▄▄ ▀█▀██
█ ▄▄▄▄▄ █▄ █ ▀▀▄  ▀ ▄▄▀█ ▀█ █▄█ ▄█ ▀▄ ▄ ▄█ ▀▀ ▄█  █▄█ █▀ ▀█
█ █   █ █ ███ ▄▄▄▀ ▄▄███▀▄  ▄▄ ▄ ▀▄█ ▄▀▄█▀█ ▀███▀▄    ▄▀▄▄█
█ █▄▄▄█ █ ▄██  █▄ █▄▄█▀▄▀█▀▀▀▀▀█▄██ ▀▄ ▄▀  ▀█▄ ██▄ █▀▀  ███
█▄▄▄▄▄▄▄█▄▄████▄▄▄▄▄▄▄██▄█▄█▄▄█▄▄▄▄▄▄▄▄████▄▄██████▄████▄██

▄▄▄▄▄▄▄▄▄▄▄▄▄▄▄▄▄▄▄▄▄▄▄▄▄▄▄▄▄▄▄▄▄▄▄▄▄▄▄▄▄▄▄▄▄▄▄▄▄▄▄▄▄▄▄▄▄▄▄
█ ▄▄▄▄▄ █▀▀▀▄▀▀▄▄▀█▄ ▀ ▀   ██▀ ▄ █▄▀  ▄▀▀█▄ █▄▄▄ ██ ▄▄▄▄▄ █
█ █   █ █▀ ▄▀▄ ▄██ ▀██▄█▀▀▀█▄█  ▀█▀▀▀ ▄  ▄█▀▄▄ ▄ ██ █   █ █
█ █▄▄▄█ █▀ █▄▄█▀▄██▀▄ ▄█▀ █ ▄▄▄ ▀█▄▀▄▀ ▀▄█▀▄█▀▀▀▄██ █▄▄▄█ █
█▄▄▄▄▄▄▄█▄█▄▀▄▀ ▀▄█ ▀ ▀▄█ █ █▄█ ▀▄█ ▀▄▀▄▀ ▀ ▀ █▄▀▄█▄▄▄▄▄▄▄█
█ ▄   ▀▄ ▄ ▀█  ▀ ▄▀▄▄▄▀▀▀▀▄▄▄▄  ▀█▀█▀  ▄▀█▀▀▄█▄▄▄▀ █▄▀▄▀ ▀█
█▀    ▀▄█ █▄█▄▄ ▄ ▀ ▀▀▀ ▀▀ ▄▄▀▀▄▀█▄   ▀  ▄██▄▀▀▀▄▀▄█▀▄▀▀ ▀█
█▄██▀▀▄▄▀▀  ▄▀▄▄▀▄▀ ▀█▀▄▄▀ ▄ ▀▀█▄█▄▄   ▄█▀▀  ▀▄█ ▀ ▄▀█▀▄███
█▀█▀ █▄▄ ▀ ▄█▀▀█▄▄▀    ▄█▄▄▄ ▄▀  █▀▄▀▄▀ ▄▀█▀ ▄▄█ ▄▀  ▀▄▀▄██
█▄  ▄ █▄▄█ █ █ ███ ▄ ▄▀█▄▀▄▄▀ ▀▀▄█ █ ▄▀▄▀█▀▀ ██▄ ▀▄▄▀▀ ▀█ █
█▀▄ ▀▀█▄▀█ ▄▄█▀█▄▄█▄▀ ▀█▄▄ █▀ ▄▀ ▀█▄ ▄ ▄▄ ▀▀▄ ▄ ▄    █ ▀▄▀█
█  █▀▄█▄█▀▄██▀▀█▄▀ ▄▄█▀▀▀▄▀▀▀▀  ▀████▄ ████  ▀▄█▄▀▀▄▀▀▄▀▀▀█
█▀█▀ ▀▀▄▀ █▀█▄▄▀▄  ▄▄█  ▀█▀ █▀▀▄███ ▄ █▀▄▀ █ ▀▄▄ ██ ▀ ▀▀▀▀█
█  ▀▀▄ ▄█▄█ ▀█▄█▄▄▄▄█▄▄▀ ▀█▀▀▀█ ▄  █ ▄▀▄██▀ ▄▀▄▄▀▀▄█▀██▀▄ █
█▄ ▀█ ▄▄▄   ▀▄ ██▄▄█ ▀▄█▀▀▀ ▄▄▄   ▀ ███ ▄▀  ███▄▀ ▄▄▄ ▀  ▀█
█  ▀▄ █▄█ ▀▀▄█▄█▄█▄▀█▄▄█ ▀▀ █▄█ ▀█▀█   ▄▀▀▀ ▄█▄█▀ █▄█   ▀ █
███▄  ▄▄  ▀ ▄ ▄▄▀ ██▄█ ▀  █▄ ▄ ▄ ▀█ █▄▄▄▄▀ ▄█▄█▄█▄   ▄ ▀ ▀█
█ ▀ ▀  ▄▄▀██  ▄▄█▄▄ ▀█▀▀▄▀█ ▄▄▀ ▄▀▀█ ▄▀█▀▀   █▄█▀▀▄▀█▄▀▀▄ █
█▄▀▄██▄▄▄▀▀▀▀  ▀█▄▀▄▀▀█  ▀▀▄▄█▀  ▀      ▄ ▄▄  ▀█▀▀▄▀ ▄▀▀▄██
██▀ ▄█▀▄▀ █ █▄ ▀▀█  ▀▀██▄ ▄▀▀███▄█▄▄   ▄█▀▀ ▄▀▀▄▀▀▄█▄█▀ ▄▀█
█▄█▄ ▄▀▄▄▄▀█ █▀ ▀█▀█▀  ▄▄ █ ▀█▄▄▀█▀█▄ █▀▀█▄█▀█▀▄▀▄ █▄ ▀▀▄▄█
██▄▀ ▄▄▄█▄█▀ ▄▀▀█▄▄ ▄▄▀▀ ▀█▀▀▄█▄▀█▀█▄ ▀█▀▀▄  ██▄█ ▀ ▄█ ▀█▀█
█▀▄▀▀▀█▄▀▀▀█ ▀█▀▄█▀  ▄▀ █▀▀▀▀▄ ▄▀▀▄█▀▀█▄▄▀ ▀▄▀█▄ ▄▄▀ █▀▀███
█▀▀▀█▀ ▄▄▀ ▄█▀ ▀ ▄▀ ▀█▀▄  ▄▀▄▄ ▄ ███▄▄▀▄█▀ ▀▄▀███▀▀▄█▄█▄▄▀█
█ ▀ ▀▀▄▄▀ ▀▄█▄▄ ▀█ ▄ ▄ ▀▄▄▄▀█▄▄ ▀▀▄▀▀█ ▄▀██▀▄▄▀█▄█▀▀ ▄  ▀▀█
███████▄█ ▀██▄▀▄██▄ ▀▄▄▀▀ ▀ ▄▄▄ █▀▄██▄ █▀▀   ▀▄██ ▄▄▄  ▄▀▀█
█ ▄▄▄▄▄ █▄ █ ▀▀▄██▀ ██▀██ █ █▄█  █ ▀ ▄▄  █ ▀█▄▄▄▄ █▄█ █▀▀▀█
█ █   █ █ ██ ▀▄▄▄▀ ▄▄███▀▄  ▄  ▄ █▄█▄ ▀▄█▀█ ▄▀██ ▄   ▄▄▀▄▄█
█ █▄▄▄█ █    ▄▄▄▄ █▄▄█▀▄▀█▀▀▀█▀█▄▄█ ▀▄ ▄▀  ▀█▄ ██▄ █▀▀  ███
█▄▄▄▄▄▄▄█▄▄██▄█▄▄▄▄▄▄▄██▄█▄█▄▄█▄▄▄▄▄▄▄▄████▄▄██████▄▄███▄██

▄▄▄▄▄▄▄▄▄▄▄▄▄▄▄▄▄▄▄▄▄▄▄▄▄▄▄▄▄▄▄▄▄▄▄▄▄▄▄▄▄▄▄▄▄▄▄▄▄▄▄▄▄▄▄▄▄▄▄
█ ▄▄▄▄▄ █ ▄▀▄▀▄ ▄▀██▀▄█ ▄▄█  ▀ ▄█ ▄▀▄▄█ ▄▀▀▄▀ ▀▄ ██ ▄▄▄▄▄ █
█ █   █ █  ▀ █ ▄█ █▄█▄▄ ▄█▀█▄ ██▄▄▀▄██▄ ▄▀ ▄▀█ ▄ ██ █   █ █
█ █▄▄▄█ █▀▀█ █ ▄▀██▀▀█▀█▀   ▄▄▄ ▄ ▀▀ ▀█▄█▄▀▄ █▄▀▄██ █▄▄▄█ █
█▄▄▄▄▄▄▄█▄▀ ▀▄▀ ▀ ▀▄▀ ▀ ▀▄█ █▄█ ▀▄█▄█ ▀▄▀▄█▄▀ █ █ █▄▄▄▄▄▄▄█
█  ██ ▄▄▀▀██▄▄█▄█▄▀▄▀▀▄▀▀▀█  ▄  ▄ ▄█▀ █▀▄█▀▀▀ ▀▄▄▀█▀▄▀▄ ▄▄█
█▄   ▄▄▄  ▄▄█ ▄ ▄█▄█▀▀▀█▄▄▄█▄ ▄▀▀█ ███▀▄ ▀▄▄▄▀▀ ▀██▄▀ ▄▄ ▀█
█▄  █▀▄▄█▄▀█▄▀▀▀▄▄▀ ▄ ▄▄▄▀█▀▄█▀█▀ ▀▄  ▄  ▀ ▀█▄▀█ ▀█▀▄▀▀▄  █
█▄▄ ▄ ▀▄   ▀ ▄▀█▄▀██   █ ▀▄▄▀▀▄█ ██▀▄█▀▄▄    ▄▄▀▄█▀  ▄▄█▄██
██ ▄▄ █▄▀ ██ ██ ▀█▄ ▄▀█▀  ▀▀▄  ▀▀ ▄▄ ▄▄ ▄█▀ █  █ ▀▀▀▄▀   ▀█
██▀█▀ ▄▄▀█ ▀▀ ▀█ ▄ ▀▄ ▀ ██ █▀█▀█ ▀█▀█ ▀█▀▄██▄▄██▀█▄▄  █▄ ██
██▀ ▄▄▄▄ ▄▀█ █▄ ▀▀ ▄▀ ▄▀▀▄▄▄▄▀     █▀▄█  ▀█ █▄▀█▄▀ ▀▄▀▄▀▄▄█
█▄█▀ ▀▀▄█▄▀▀▀▀██▄██▀▄█ █▄ ▀ █▄▄▀█▄██▀▄█▀▄██ ▀ ▄▀█   ▀█▄▄▀▀█
█ █▄▄▄▀▄█ ▀▀   ▄▀▄▄▄ ▀▀▀ ▀  ▄▀█ ▀███ ▄▄▀ █▀ ▀▄▀▄  █▀▄██▀▀██
█▀ ▀█ ▄▄▄    █▀ █▀▀  ▀▄ ▄▄█ ▄▄▄   ▀█  ▀ ▄▄████▀█▀ ▄▄▄ ▄█ ▀█
█ █ ▀ █▄█ ▄█▄███▀█▄▀ ▀▀█ ▀▄ █▄█ ▄ ▀█  ▀ ▄▀▀ ▀ ▀▄█ █▄█ ▀▀▄██
█▀▀█▀▄▄▄▄ ▀█▀█▄▄▀█▄▄▄█████▄   ▄  ▀██ ▀ ▄▄ █▄█▄  ▀ ▄▄▄▄█▄ ▀█
██▄▀█  ▄▀▄ █  ▀▀▀█▀▄▄  ▀▀  █▀█▀ ▀▄▄█  █  █▄ █▄ █▀▄▀▄ █ ▀███
█▀█ █ ▀▄▄ ▀▄▄█ ▀▀█▄▀  ██ ▀▀▄▀█▄█▄▀ █ ▀▀ ▀▄▀ ▄▀  ▄▄▄▀  ▄▄ ██
██▀█▀█▀▄▄█  █ █▄▄█  ▄▄ █▄ ▀▄▄█ ▄▀ ▀▄▀ █▀▀█▀ █ ▄▄▀▀▀ ▀█▀  ▄█
█▀█▄ ▀▄▄▄▄ █ █▄ ▀ ▄ ▀  ▀▀██ ▀ ██ █▀  ██▀▀ ▀  ▄▀▀▄▀ █▄█▄▄▄▄█
██▀▄█▀█▄ ▀█▄  ▀█ ▄▄ ▀▀▄▀ ▀ ▄▄▄█▄▄ ▄█▄ ▄ ▄▀▄ █  ▄█ ▄▄▀█▄█ ▄█
█▄▄▀▀▄▄▄▀▀▄ ▄█▀▀▄ ▄█ ▄▀█ ▄▀▀▀▀█▀▀▀  ▄▄█ ▄▄█▄▄▀█▀▀ ▄█  ▄████
█▀▄▄▄▀█▄▀▀▄ █▀███▄▀ ▄ ▄▄    ▀▄ ▄█  ▄▄▄▄  ▀ ▀▀▄ ███▀ ▀█ ▀▀▄█
█ ▀ ▀▀▄▄ ▀▀▀ ▀▄ ▀ ▀▀ ▄▀ ▀▀█ █▀▀█▀▀▄█ ▄▀ ▀▄▄▄▄ ██▄  ██▀▄█▀▀█
███████▄█ ▄██▄▄▀▀█   ▀▀▀▄▀▄ ▄▄▄  ▄▀█  █▀ ▀  █▄ █▀ ▄▄▄  █▄▄█
█ ▄▄▄▄▄ █▀  █▄▀▄ █▄█ █▀   █ █▄█ ▄▀ ▄ ██ ▄▄█▄▄▀█   █▄█  ▄█▀█
█ █   █ █▄ █▀█▀▀▀▀ ▄▀  █▀▄█▄▄  ▄▀▄▀█  ▄▀▀▀█ █  █ ▄▄▄  ▄▀▀ █
█ █▄▄▄█ █▀▀▀  ▄ ▄█ ▀▄█▀▀▄ ▀▀█ ▄ █████  ▄▀▄█▄██   ▀ █▀▄█████
█▄▄▄▄▄▄▄█▄▄███▄██▄▄▄██▄█▄██▄▄██▄███▄▄▄█▄▄██▄█▄▄███▄█▄████▄█

▄▄▄▄▄▄▄▄▄▄▄▄▄▄▄▄▄▄▄▄▄▄▄▄▄▄▄▄▄▄▄▄▄▄▄▄▄▄▄▄▄▄▄▄▄▄▄▄▄▄▄▄▄▄▄▄▄▄▄
█ ▄▄▄▄▄ █▀▀▀▄▀▀▄█▀██▄▀▀▀▄  ██▀ ▄ ███▀▀▄▀▄█  ▀ ▄▄ ██ ▄▄▄▄▄ █
█ █   █ █▀ ▄█  ▄█▄ ▀██▄█  ▀█▄█  ▀▄▀▀▀▀▄ ▀▄█▀▄▄ ▄ ██ █   █ █
█ █▄▄▄█ █▀ █▄ █▀▄██▀▄ ▄█▀ █ ▄▄▄ ██▄▀██ ▀ ▄▀▄█▄▀▀▄██ █▄▄▄█ █
█▄▄▄▄▄▄▄█▄▀▄█ ▀ ▀▄█ ▀ ▀▄█ █ █▄█ ▀▄█ ▀▄▀▄▀ ▀ ▀ █▄▀▄█▄▄▄▄▄▄▄█
█ ▄  ▄█▄  ▀█▀█ ▀ ▄▀▄▄▄▀▀▀▀▄ ▄▄  ▀█▀█▀  ▄▀█▀▀▄█▄▄   █▄▀▄▀ ▀█
█▀    ▀▄▀▀▄▄ ▀▄ ▄ ▀ ▀▀▀ ▀▀ █ ▀▀▄▀█▄▄  █▄ ▄██▄▀███▀█▄ ▀▀▀ ▀█
█▄█▀ ▀▄▄█  ▀▄▀▄▄▀▄▀ ▀█▀▄▄▀ ▄█▀▀█▄█▄▄  █▄█▀▀  ▀█▄▀▀ ▄███ ███
███▄ █▄▄   ▄█▀▀█▄▄▄▄  ▀██▄▄▄▀██  █▀ ▀▄  ▄▀▀ ▄▄▀▀▀▄▀ ▀▀ ▀▄██
█  ▀▄ █▄▄█ █ █ █ ▄▀▄▀██▀▄▀▄▄▀  ▀▄█▀█▀▄▀▄▀█▄▀▄▀▄▄ ▀▄▄▀▀▀ █ █
█▄ ▄▀▀▀▄▀█ ▄▄█▀████▄█ ▀█   █▀ █▀ ▀█▄██▀▄▄ ▀▀█ █ ▄ ▄  █ ▀▄██
██▀█▀▄ ▄█▀▄█ ▀▀█▄▀ ▄▄█▀▀▀▄▀▀▀▀   ███▄  █▀▀█  █▄█▄▀▀█▀▀▄▀▀ █
█▀█▀  ▄▄█▄▀██ ▄▄▄  ▄▄█  ▀█▀ █▀▀▄███ █▀█▀▄▀ █▀ ▄▄ █▀ █ ▀▀▀▀█
█  ▀▀ █▄█▄█▄▀ ▀█▄▄▄▄█▄▄▀ ▀▀█▀▀█ ▄  █ ▄▀▄██▀ ▄▀▄▄▀ ▄█▄▀█▀▄ █
█▄ ▀█ ▄▄▄ ███▀▄▀█▄▄█ ▀▄█▀▀█ ▄▄▄   ▀ ███ ▄▀  ███▄  ▄▄▄ ▀  ▀█
█  █▄ █▄█ █ ▄█▄█▄█▄▀█▄▄█ ▀▀ █▄█ ▀█▄▄  ▀█▀▀  ▄███▄ █▄█ ▀▄▀ █
█ ███▄ ▄▄ ▀ ▄ ▄▄▀ █ ▄█▀▀  █▄ ▄ ▄ ▀▄▀█▄ █▄▀▀██▄▀ █▄  ▄ █  ▀█
█▀ █   ▄█▄██  ▄▄▀▄   ▄▀█▀ █ █▄▀ ▄▀▀█   ██▀ ▀ █████▄▀▄█ ▀▄▄█
█▄▄███▄▄▄ ▀▀▀  ▀▄ ▀▄ ▄█ █▄▀▄▀▄▀ ▄█   ▀▀ ▀ █▄ ▀▀▄▀▀▄▀▀▄▀▀ ▀█
█ ▀ ▄█▀▄▀ █  ▄ ▀▀█  ▀▀██▄ ▄▀▀█▄█ ▀▄▄▄  ▄▀█▀  █▀▄▀▀▄█▄█▀ █ █
█▄█▄ ▄▀▄▄▄█▄▄█▀ ▀█▀█▀  ▄▄ █ ▀█   █▀██▀█▀ ▄▄█ █▀▄▀▄ █▄ ▀▀▄▄█
██▄▀ ▀█▄█▄ ▀▄▀▄▀█▄▄ ▄▄▀▀ ▀█▀▀▄█▄▀█▀█▄ ▀█▀▀▄  ██▄█ ▄ ▄█▄██▀█
█▀▄▀▀▀ ▄▀▀█▄█  █▄█▀  ▄▀ █▀█▀▀▄ ▄▀▀ ▀▀▀▀▄▄▀▄█▄▀▀ ▄▄▄▀ █▀ ███
█▀▀   █▄ ▄▀▄█▀▀█ ▄▀ ▀█▀▄  ▄▄▄▄ ▄ ███▄▄▀██▀▀▀▄▀▄███ ▀▄▄▀ ▄▀█
█ ▀ ▀▀▄▄▀▀▀▄█▄▄ ▀█ ▄ ▄  ▄▄█▄█▄▄ ▀▀▄▀█▀▀▄▀█▀▄▄▄ █▀▀▄█▄▄ ▀▀▀█
███████▄▄▀▀██▄▀▄▄█▄▄▄▄▄▀  ▀ ▄▄▄ █▀▄█ ▄▀█▀█▀  ███▀ ▄▄▄  ██▀█
█ ▄▄▄▄▄ █▄ █ ▀▀▄▀█▀ ▀█▀█ ▄█ █▄█  ▀ ▀█ █▀▄ ▀▀▀ ▄▄▄ █▄█ █▀▀▀█
█ █   █ █ ██▀▄▄▄▄▀ ▄▄███▀▄  ▄  ▄▀▀▄█ ▄▀▄▀██ █▀██ ▄  ▄▄▄▀▄▄█
█ █▄▄▄█ █ █▀▀█ ▀▄ █▄▄█▀▄▀█▀▀▄█▀█▄▄█ ▀▄ ▄   ▀█▄ ██▄ ███  ███
█▄▄▄▄▄▄▄█▄▄████▄▄▄▄▄▄▄██▄█▄█▄██▄▄▄▄▄▄▄▄████▄▄██████▄█▄██▄██

▄▄▄▄▄▄▄▄▄▄▄▄▄▄▄▄▄▄▄▄▄▄▄▄▄▄▄▄▄▄▄▄▄▄▄▄▄▄▄▄▄▄▄▄▄▄▄▄▄▄▄▄▄▄▄▄▄▄▄
█ ▄▄▄▄▄ █ ▄▀▄▀█▀▄█▄▄▀▄█  ▄█  ▀ ▄█ ▄█▀ ▀ ▄█▀▄  ▀▄ ██ ▄▄▄▄▄ █
█ █   █ █  ▀ ▀ ▄█ █▄█▄▄ ▄▄▀█▄ ██▀▄▀▄ ▄▄ ▄▀ ▄ ▄ ▄ ██ █   █ █
█ █▄▄▄█ █▀▀▀ █ ▄▀██▀▀█▀█▀   ▄▄▄ ▄▀▀▀ ██▄██▀▄▄▄▄▀▄██ █▄▄▄█ █
█▄▄▄▄▄▄▄█▄█ █▄▀ ▀ ▀▄▀ ▀ ▀▄█ █▄█ ▀▄█▄█ ▀▄▀▄█▄▀ █ █ █▄▄▄▄▄▄▄█
█  ██▄▄▄▀▀▄ ▀██▄█▄▀▄▀▀▄▀▀▀█  ▄  ▄ ▄█▀ █▀▄█▀▀▀ ▀▄ ▀█▀▄▀▄ ▄▄█
█▄   ██▄█▄▄█▄ ▄ ▄█▄█▀▀▀█▄▄██ ▄▄▀▀█▄████  ▀▄▄▄▀▀▄  █▄▀ ▄▄ ▀█
█▄ ▄ ▀▄▄▀▀█▀▄▀▀▀▄▄▀ ▄ ▄▄▄▀█▀ ▀▀█▀  ▄  █  ▀ ▀█▄▄▄▀▀█▀▄▀█▄  █
██▀▀  ▀▄   ▀ ▄▀█▄▀▄▀  █  ▀▄▄   ▀ █ ▄▄▀█▀▄▄ ▄  ▀▀ ▄▀ ▀▄▄▄▄██
█▄█▀▀ █▄▀ ██ ██  █▄ ▄ ▄█▀ ▀▀▄   ▀ ▄█▀ ▀▀▀█ ▀ ▄▀█ ▀▀▀▄▀   ██
██ █▀▄▄▄▀█ ▀▀ ▀█▀▄ ▀▄█▀ █▀ █▀█ ▄ ▀█▀   ▄▄ ▄█▄█▄█▀█    █▄ ██
██▀ ▄▄ ▄ ▄▀█▀▀▄ ▀▀ ▄▀ ▄▀▀▄▄▄▄▀  ▄  ██▄█  ▀█ ▀▄▀█▄▀▄ ▄▀▄▀█▄█
█▄█▀ ▄ ▄█▄▄▀█▀██▄██▀▄█ █▄ ▀ █▄▄▀▄███▀██▀█▄█ ▀ ▄▀█ █▄██▄▄▀▀█
█ █▄▄██▄█ ▀▄█▀▄▀▀▄▄▄ ▀▀▀ ▀  ▄▀█ ▀███ ▄▄▀ █▀ ▀▄▀▄▀▀ ▀▀██▀▀██
█▀ ▀█ ▄▄▄ ███ ▄▀█▀▀  ▀▄ ▄▄▀ ▄▄▄   ▀▀  ▀▄▄▄████▀▀▄ ▄▄▄ ▄█ ▀█
█ █▀▀ █▄█ ▀█▄██▀▀█▄▀ ▀▀█ ▀  █▄█ ▄  █   ▀▄▀  ▀  ██ █▄█ █▄▄██
█▀▀█ ▄▄▄ ▄▀█▀█▄▄▀█▄ ▄█▄ ██▄   ▄  ▀█▄▄██ ▄▄▄▀▀  ▀█     ▄▄ ▀█
█▄ ▀   ▄█▀ █  ▀▀▄▄  ▄▀▄█▀▀ █ █▀ ▀▄▄█ ▄▄  ▀ ▀▀▄ █▀▀▀▄▀█▀ ███
███ ▀ ▀▄ █▀▄▄█ ▀ █▄▀▀████▀▀▄ ▄▄█ ▀ ███▀ █ ▀ ▀▄▀ █▄▄▀▀ ▄▄███
████▀█▀▄▄█  ▀ █▄▄█  ▄▄ █▄ ▀▄▄█ ▀▀ ▀▄  █▀ █▀ ▀▄▄▄▀▀▀ ▀█▀  ██
█▀█▄ ▀▄▄▄▄ ▀▄  ▄▀ ▄ ▀  ▀▀██ ▀ ▀▀▀█▀  ██▀  ▀  █▀▀▄▀ █▄█▄▄▄▄█
██▀▄██ ▄ ▀ ▀ █▄█ ▄▄ ▀▀▄▀ ▀ ▄▄▄█▄▄ ▄█▄ ▄ ▄▀▄ █  ▄█ ██▀█▄█ ▄█
█▄▄▀▀▀█▄▀▀▄ █  ▀▄ ▄█ ▄▀█ ▄█▀▀▀█▀▀▀▄ ▄▄▀ ▄▄█ ▄▀▀█▀▀▄█  ▄▄███
█▀▄ █▀ ▄ ▀▄██▀▄ █▄▀ ▄ ▄▄  ▀█▀▄ ▄█  ▄▄▄█▀ ▀▄▀▀▄▀██▄█ ▀▄█ ▀▄█
█ ▀ ▀▀▄▄██▀▀ ▀▄ ▀ ▀▀ ▄▄▄▀▀█ █▀▀█▀▀▄█▄▄▀▀█ ▀▄ ▄ ▄██▄█▀▄ ▄▀▀█
███████▄█▀▄██▄▄▀▀█▄▄▀▀▄█▀ ▄ ▄▄▄  ▄▀█ ▄█ ▄▀  ▀  ██ ▄▄▄  █▄ █
█ ▄▄▄▄▄ █▀  █▄▀▄█▀▄█ ▀▀ ▄▄█ █▄█  ▀ ▄▄██ ▄▀███▄█ ▄ █▄█  ▄ ▀█
█ █   █ █▄ ██▀▀▀▀▀ ▄▀  █▀▄█▄ ▄ ▄ ▄▀█▄ ▄▀ ██ █▄ █ ▄▄▄ ▄▄▀▀ █
█ █▄▄▄█ █▀▀█▄▄▀▀▄█ ▀▄█▀▀▄ ▀▀█ ▄ ▄████  ▄▀▄█▄▄▄   ▀ ██ █████
█▄▄▄▄▄▄▄█▄█▄███▄█▄▄▄██▄█▄██▄▄██▄███▄▄▄█▄▄██▄█▄▄███▄█▄▄███▄█

▄▄▄▄▄▄▄▄▄▄▄▄▄▄▄▄▄▄▄▄▄▄▄▄▄▄▄▄▄▄▄▄▄▄▄▄▄▄▄▄▄▄▄▄▄▄▄▄▄▄▄▄▄▄▄▄▄▄▄
█ ▄▄▄▄▄ █▀ ▄ █ ▄▄▄    ▀█▄▄ ▄▄▄▄  ▄▄  █  █ ▄ ▀▄█▄ ██ ▄▄▄▄▄ █
█ █   █ █▄▀█▄ ▄▄▄▄██ ██▄█▄███▄█▄▄▄   █  ▄▄ █▄█▀▄ ██ █   █ █
█ █▄▄▄█ █ ▀██▄ ▄████▀███▀▄  ▄▄▄ ▀ █▀▄██▄▄ ▀  █ ▀▄██ █▄▄▄█ █
█▄▄▄▄▄▄▄█ █ █▄▀ ▀ ▀▄▀ ▀ ▀▄█ █▄█ ▀▄█▄█ ▀▄▀▄█▄▀ █ █ █▄▄▄▄▄▄▄█
█▄ ▀ ██▄▄█▄▀█▄▄▀▀█▄  ▄  ▄█▄▄▄▄▄▄██ ▄▄▄▄▄ ▄▄█ ███▄▄▀▄  ▀▄▄▀█
████▀ ▀▄▀▄█  ▀▀██ ▀▄▄▄  ▀██▀▀▀▀ ▄ ▀  ▄▄▀▀▄██▀▄▄▀▄▄▀▀▀▄▀██▄█
█ █▄▄▄ ▄▀▀ █ █▄█ ▀█▄▀▄ ▀ █▀█▄ █▀▄▄▄▀▄▄ ▄▄▄█▄  ▄▀▀█ █  ▀▄█▄█
█▀ █▄▄▀▄▄▀▀█ █████▀▄▄ █▀   ▄ ▄ ▄▄█▀▄▄▄ ▄█  ▀▄ ▀▀███   ██ ██
█ ▄ ▄ █▄▀ ▀█ ▀█ █▄  █  █▀▄▀▀   █▀  █▄ █ ▀▀ ▄█▄▄▄ █▀▀ ▀▀█ ▀█
█▀▀  ▄▀▄▀▄▀▀ ▀▀▄ ▄▀  ▄  ▄▀ ▄ █ █  ▄▀█▄▀▄▀ █▄ █▄█ ▄▄▀▀ ▄█ ▄█
█ ▀█ █ ▄▀▀█▄▀ ███ █  █  ▄ █▀  █▄ ▀▄▄█ ▄█ ▄ ▄ ▀█▄▀█▀█  ▀█▄▀█
██ ▄▀▄▄▄ ▀ █▄█▄ █   ▀ ▀ ▀▀▄█▄▀▀  ▀▄ ▄▄ ▄▄▀ ▀█▄█▄ ▀ ▀▄▄▀█▄▄█
█▄   █▀▄█▄▀ ▄▀█▀█▀  ███▄▄█▀▄ ▄▀▄▄▀▀ ▄ ▀█▄ █▄▄ █▀███▄▄▄▀█▄▀█
█ ▄▀▄ ▄▄▄ ██▄▀ ▀▄█▀▀▄▀█▄▄█▀ ▄▄▄ ▄ ▄█ ▀█▄█ ▀▄▀█ █▄ ▄▄▄ ▄▄▄▀█
█▄███ █▄█ ▀█▄▀▀▀██▄█ ▀██ █▄ █▄█ ▄ ▄▄ ▄▄  ▀ ▄▀  ▄▀ █▄█ █▄▄██
█▀ ▄ ▄▄▄▄▄ █ ▄▄█ ██ ▄▄▀█▄▄█   ▄   ██▀ ▀ █▄▄▀█▀▄▀▄▄  ▄ ▄█  █
█▀ ▄▄▀█▄▄ ▄▄█▄ ▄▄▄▀ ▄▄ ▄▄▄▀ █▄▄▄ ▀ ▄▀▄▄▄▀▄▄█ █ █▄  ▀▄█▄▄▄ █
█▀█▄▀█▄▄▀▄ ▀▀▄█▄▄█▀ ▄▀▄ ▄▀▄▀ ▄▀▄█ ▀ ▄▀█▄▄██▀ █▀▄▀█▀▄█▀▀█▀ █
█▄ ▀█ █▄▀▀▄█▄▄    ▄▄▀ ▄  ▄▄       █▀ ▄ █▄ █▄ ▄ ▀██▄▄█ █▄▄ █
█ ▀▄▀█▄▄ ▄▀▀▄█▄  ▄▄▀█ ▀█▀▄▀  ▄█ ██ ▄ █▀▀▀▄▀▀▄█ █▄ ▄██▀▄█ ▄█
█▀▀▄▀▄▀▄ ▀▀  █▀█▄▄▄▄▀▀ ▀ █ ▄ ▄█ ▄  █▄▄▄  ▀▄▄█ ▄▄█▄████▄█ ▄█
██▄  ▀▀▄▀ ▀▄▄  ▀█ █▄ █ █▀██  ▀▄ ▀ ▀ █████▄ █▄  █ ▀▄▄▀ ▄▄█▄█
███▀ ▄ ▄ ▀ ▄ ███▀█▄▄██ ██▄▀▄███ ▄███▀ ▄█▄ ▀█ ▀█▄ ████▄██ ▀█
█ ▀ ▀▀▄▄▄▀ ▄█ ▀█ █▀ █▀▄█▄  █▄▄▄▄▄▄█▀█▀ ▀▄█▄█▀██▀ ▀▀ ▄▀ ▄▄▄█
███████▄▄▀  ▀ ▀█▄  ▄▀█ ▄█▄▀ ▄▄▄ █ █ ▄▄▀█  ▄█▄▄▄▀█ ▄▄▄ █ ▀ █
█ ▄▄▄▄▄ █▄▀▄███▄█▀▄▄▀▀ ▄█▄▀ █▄█ ▄█▀ ▄▄  ▀█▄▄██▄▄▄ █▄█  ██▀█
█ █   █ █▀▄█ ▄▀▀█▀  ▀ ▄█▀ █▄▄   █▄██▄▄▄▀▄██▄█▄▄█  ▄▄ ▄▄█  █
█ █▄▄▄█ █▀▀▄█ ▀ ██▀ ▄▄ ▀█▀▀ ▀ █▀██▄██▀ █▀▄▄██▄▀ ▀  ▄▄ ▄▄█▄█
█▄▄▄▄▄▄▄█▄▄█▄▄█████▄▄▄▄▄██▄███▄▄▄▄███▄▄█▄▄▄▄▄█▄▄▄██▄▄▄▄█▄██

▄▄▄▄▄▄▄▄▄▄▄▄▄▄▄▄▄▄▄▄▄▄▄▄▄▄▄▄▄▄▄▄▄▄▄▄▄▄▄▄▄▄▄▄▄▄▄▄▄▄▄▄▄▄▄▄▄▄▄
█ ▄▄▄▄▄ █▄█▀ █▀ ▀▀▀▀▄▀▄▀ ▄ ▀▀▀▄  ▀█▀▀█ ▀▀██ ▀▀ ▄ ██ ▄▄▄▄▄ █
█ █   █ █ ▀█▀▀▀▄▄█  ▄██▄▀  ██▄ ▀ ▄   ▀█ ▄▄█ █▄▀▄ ██ █   █ █
█ █▄▄▄█ █▄██▄▄▀ ▀▀▄▄ ▀▀▀ █▀ ▄▄▄ ▄ ▀█▀█▄ ▀▀ ▀▀▄▄▀▄██ █▄▄▄█ █
█▄▄▄▄▄▄▄█▄▀▄█▄▀▄█▄▀▄▀▄█▄▀▄█ █▄█ ▀ ▀ █ ▀ █ █▄▀▄▀▄█ █▄▄▄▄▄▄▄█
█ ▄  ▀▀▄▀ █▄▀▀▀▀▀█▀██▄  ▀ █▄▄▄   █ ▄▀▀▀▄ ▄▀ ████▀  ██▄▄ ▀ █
█▄▄▀██ ▄▄▀ ▀▀▀ ▀▀▄ ██ ▄▄ ▄ ▄▀▀ ▀█▄█▄▀█▀▀█ ▄▄  ▄█   ▄▄█ ▄▄ █
█ █▀█▀ ▄▄  ▄ █▄ █▄█▄▀▀█▄ █▀ ███▀▄▀▀█▄▄█ ▀▀ ▄ █▀▄██  ██▀ █▀█
████ ▄▄▄▀ ▀██  ████ ▀ ▀▀███▄ ▄▀█▀███▀█▀▄█   ▀ ▀▄█▄    ▄▀███
█▀▄▀▀▄▄▄ ▄█▀▀ ▄▄█ ██▄█▀██▄ █▄▄▀▄ ▄▄ ██▄█▄█ █▄  ▀▀▄ █▄█▀▄█▀█
█▀▄▄█▀▀▄▀▀▄▄ ▀▀▀▄ ▀ ▀ ██▀█ ▀█ ▀▄▄█▀▄▀ ▀  ▄█▄ █▀  ▄  ▄█▄█ ▀█
██ █ ▀▀▄▄▀█▄▄  ██  ███  ▀█ ▀   ▀█▀▄▄ ▀▀█▄ █▀███▄▄ ▀█  ▄ ▀ █
█▄▀ █▀▀▄██▀▀█ ▄▀▀▄▀▀ ▄█▄  █▀ █ ▀ ▄ ▄█▄▀  █▀ █ ▀ ▀ █▄▄  ▄█ █
█▄ ████▄▄ ▄█▄ █  ▄  █  ▀▄█▀██▀▀▄▄▄▄█▄ ▀ ▀██▄▄█ ▄█▄▀▀██▀█▄▄█
██▀▀▄ ▄▄▄ █▀ ▀▀▄▄█▄▄▀▀█▄▀ ▀ ▄▄▄ ▀ ▄▀█▄▄ █  ▀▄█▄▀▀ ▄▄▄ ▀▀▀▀█
██▄▀▄ █▄█ ▄▄█ ▀ ▀▀█▄▀█▀▀▀▄█ █▄█ █▄  ▀█▄▄▄█ ▄ ▄ ▀  █▄█  ▄█▀█
█▀ █ ▄▄▄ ▄█  ▄▄ █ ██▄▀██▄▄▄▄▄▄▄  █  █▄▀ ▄▀ ▀▀ ██▀ ▄▄▄ █▄ ██
█▄▀▀▄▀ ▄▄█▄▄ ▀█▄██▀█▀█ ▄▄ ▄ ▄█▀▀█▀ ▄ █▀▄▄▄ ▀█████▄█▀▄▄▀▀█ █
█ █▄▀▀█▄█▀▄█ █▄ ▄▀ ▀ ▄ ▄████▄▀ █▄ █▄██▄▀ ▄▄ █ █  ▄  █▀ ▄  █
█▄ ▄ ██▄▀▄▀ █▀ ███▄▄▀█▀█ ▄▄█████▀▀ ▄▄   ▀██▄▄▀█▄██▄▀ ██▄▄██
██▄▄▀█▀▄█▄ ▀▀▄▀█ ▄▀▄  ▀█▄▀▄  ▄▄█▀▄ ▄▄ ▄▀▀█▄▄▀█ █▀█▀██▀▀ █▄█
█   █ ▄▄▀█▄█▄▄▀█  ██ █▄█▀▄▀ ▄ ▄▀█▄▄▀███▄▄███▄▄  ▄███▀▀▀ ▀ █
██▄██ ▀▄▀█ █▀█▄█ ██▄  █ ▀████▄▄ ▀█ ▀███▄ ▀ ▀▄█▀▄ ▀ █▄██▄█▀█
█  ▀ █▀▄▄ ▀██ ▀ ▀█▀▀ █ █ ▀█▀██ █▀█▄█▄█▀▄▄ ▀ █▀█▄██ ██▄  █▀█
█ ▀ ▀▀▄▄ ▀▄ ▄▀ ▀▄▀██▄█ ██▀ ▀  ███ ▀█▄▄▀█▄▀█ ▄▀▀ ▄▀█ ▄▄▀██ █
███████▄█ ██▀ ▀  ▄  ▀ ▀███▀ ▄▄▄ ██ █▄ ▄ █▀████ ██ ▄▄▄ █ ▀▀█
█ ▄▄▄▄▄ ██▀▄   ▄▄▀▀▀██ ▄ ▀▄ █▄█ ██▀ ▄▄▄ ▀▀  █▀██▄ █▄█ █ █▀█
█ █   █ █▀ ▀▄▀ █▀█▀▀ ▄ ▀ ▀▄ ▄     ▀▀█▀██▄█▄█   ▀  ▄   █▄▀██
█ █▄▄▄█ █  █ █▀   ▀ ▄▀█▄█▀▀█▀██▀▄ ▀ █   ▄▀▄██ ▄█▀  ▀██▄▄█▀█
█▄▄▄▄▄▄▄█▄▄██▄▄▄██▄██▄▄▄▄▄██▄▄███▄██▄███▄▄████▄▄█▄▄▄▄▄█▄███

▄▄▄▄▄▄▄▄▄▄▄▄▄▄▄▄▄▄▄▄▄▄▄▄▄▄▄▄▄▄▄▄▄▄▄▄▄▄▄▄▄▄▄▄▄▄▄▄▄▄▄▄▄▄▄▄▄▄▄
█ ▄▄▄▄▄ █▀▀▀▄▀ █▀▀██▄▀▀ ▀▄ ██▀ ▄ █▀▀▀▄ ▀▀▄▀▄▀▄▄▄ ██ ▄▄▄▄▄ █
█ █   █ █▀ ▄▀▄ ▄▄▄ ▀▄█▄█▀▀▀█▄█   █▀▀  ▄ ▄▄█▀ █ ▄ ██ █   █ █
█ █▄▄▄█ █▀ █ ██▀▄██▀▄ ▄█▀ █ ▄▄▄ █ ▄▀▀  ▀██▀▄ ▄▀▀▄██ █▄▄▄█ █
█▄▄▄▄▄▄▄█▄█ █ ▀ ▀▄█ ▀ ▀▄█ █ █▄█ ▀▄█ ▀▄▀▄▀ ▀ ▀ █▄▀▄█▄▄▄▄▄▄▄█
█ ▄   █▄ ▄▀ ██ ▀ ▄▀▄▄▄▀▀▀▀ ▄▄▄  ▀█▀█▀  ▄▀█▀▀▄█▄▄▀▀ █ █▄▀ ▀█
█▀     ▄▄ ▀▄▀█▄ ▄ ▀ ▀▀▀ ▀▀██ ▀▀▄▀█    ▀▄ ▄▀▀▄▀█▀▀███ ▀▀▀ ▀█
█▄█▀ ▀▄▄ ██▀▄▀▄▄▀▄▀ ▀█▀▄▄▀ ▄▀█▀█▄█▄█   ▄█▀▄  ▀▄█▀▀ ▄▀▀█ ███
██▄███▄▄▀  ▄█▀▀█▄▄██  ▄▀█▄▄▄▀█▀  █▀██ █▀▄█ ▀ ▄█▀▀▀▀ ▀▀  ▄██
█▄▄ ▀ █▄▄█ █ █ ███▄▄▄▄█▀▀▀▄▄▀ ▀▀▄█▀▄▄ ▀▄▀█▀  █▄█ ▀▄▄▀▀▀▀█ █
███▀▄██▄▀█ ▄▄█▀█▄▄█▄▄ ▀█▄  █▀ █▀▄██▄   ▄▄ ▀ ██▄▀▄  ▄ █ ▀ ██
█▀ █▀▄▀▄█▀▄██▄▀█▄▀ ▄▄█▀▀▀▄▀▀▀▀  ▄▀██ ▄ ██▀█ ▄█▄█▄▀▀▄▀▀▄▀▀▀█
█▀█▀ ██▄▀▄▄▀██ ▄▄  ▄▄█  ▀█▀ █▀▀▄▄██ ▄▀█▀▄  █▀ ▄▄ ██▄█ ▀▀▀▀█
█  ▀▀█▀▄▀▄███▄  ▄▄▄▄█▄▄▀ ▀█▀▀▀█ ▄  █ ▄▀▄██▀ ▄▀▄▄▀  ▄ ▀█▀▄ █
█▄ ▀█ ▄▄▄ ▀█ █▀▀█▄▄█ ▀▄█▀▀▀ ▄▄▄   ▀▄██▀ ▄▀▄ ██▀▄▄ ▄▄▄ █  ▀█
█     █▄█ ▀▀▄█  ▄█▄▀█▄▄█ ▀█ █▄█ ▀███   ▄▀▀▄ ▄██▄▀ █▄█  ▀▀ █
██▀▀▀  ▄  ▀ ▄ ▄▄▀ ▀ ▄███  ▄  ▄ ▄ ▀█▀▀▄▄█▄█ ██▄▄█▀▄   ▄   ▀█
█▄█ █  ▄█ ██  ▄▄█▄▄ █▄▄▀▄▀█ ██▀ ▄▀▀█▄▄▀█▀█  ▄█▄█▀▀▄▀█▄▀   █
███▄██▄▄▀▀▀▀▀  ▀██▀▄▀▀█ ▀ ▀▄▀▀▀ ▄█  █▀  ▀▀██▀▀ █▀▀▄▀▀▄▀▀█▀█
█ ▄ ▄█▀▄▀ █  █ ▀▀█  ▀▀██▄ ▄▀▀█ ▄ █▄▄▄  ▄▄▀▀ ██▀▄▀▀▄█▄█▀ █▀█
█▄█▄ ▄▀▄▄▄▄ ▄▀█▄▀█▀█▀  ▄▄ █ ▀█▀▄▀▄▀█▄▀█▀▀▄▄█ █▀▄▀▄ █▄ ▀▀▄▄█
██▄▀ ▄▀▄█▄▄▀▄▀▄▀█▄▄ ▄▄▀▀ ▀█▀▀▄█▄▀█▀█▄ ▀█▀▀▄  ██▄█  █▄█▄▀█▀█
█▀▄▀▀█▀▄▀▀   ▄  ▄█▀  ▄▀ █▀█▀▀▄ ▄▀▀▄█▀▀█ ▄▀ ▀▄▀█  ▄▄▀ █▀▀███
█▀▀▀ ▀ ▄▄▀  █▀ █ ▄▀ ▀█▀▄  █▀▄▄ ▄ ██▄▄▄ ██▀▀▀▄▀█▄▀▀██▀▄█▄▄▀█
█ ▀ ▀▀▄▄██▀▄█▄▄ ▀█▀▀ ▄▀▀▄▄▄ █▄▄ ▀▀█ ▀█▀▄▀█ ▀ ▄█▄▀█▄█▀▀▀▀▀▀█
███████▄▄▀▀██▄▀▄▄█  ▀▄▀█  ▀ ▄▄▄ █▀▄█ ▄ ▄███▀ ▀███ ▄▄▄  ▄▀▀█
█ ▄▄▄▄▄ █▄ █ ▀▀▄▀█▀ ▄▀▀█ ▀█ █▄█  ▀ ▀███ ▀▀ ▀▀▀█▄▄ █▄█ █▀▄▀█
█ █   █ █ ███ ▄▄▄▀ ▄▄███▀▄  ▄  ▄██▄█  ▀▄▀██ ████▀▄  ▄ ▄▀███
█ █▄▄▄█ █  ▄▀▀▀ ▄ █▄▄█▀▄▀█▀▀█▀▀████  █ ▄   ▀██ ██▄ █ █  ███
█▄▄▄▄▄▄▄█▄█▄▄▄██▄▄▄▄▄▄██▄█▄████▄▄▄▄▄▄▄▄████▄▄██████▄▄▄██▄██

▄▄▄▄▄▄▄▄▄▄▄▄▄▄▄▄▄▄▄▄▄▄▄▄▄▄▄▄▄▄▄▄▄▄▄▄▄▄▄▄▄▄▄▄▄▄▄▄▄▄▄▄▄▄▄▄▄▄▄
█ ▄▄▄▄▄ █▀▀▀▄▀▀▄▀███▄▀  ▀▄ ██▀ ▄ █████▄▀ ▄  █▄▄▄ ██ ▄▄▄▄▄ █
█ █   █ █▀ ▄█  ▄█▄ ▀██▄█ ▀▀█▄█   █▀▀ ▀▄ ███▀ █ ▄ ██ █   █ █
█ █▄▄▄█ █▀ ▀  █▀▄██▀▄ ▄█▀ █ ▄▄▄ █ ▄▀▄▀ ▀▀█▀▄▄▀▀▀▄██ █▄▄▄█ █
█▄▄▄▄▄▄▄█▄█ █▄▀ ▀▄█ ▀ ▀▄█ █ █▄█ ▀▄█ ▀▄▀▄▀ ▀ ▀ █▄▀▄█▄▄▄▄▄▄▄█
█ ▄  ▄▀▄ ▄▀▄ ▄ ▀ ▄▀▄▄▄▀▀▀▀ ▄▄▄  ▀█▀█▀  ▄▀█▀▀▄█▄▄ ▀ █▄█▄▀ ▀█
█▀   ▀▀▄ ███▀▀▄ ▄ ▀ ▀▀▀ ▀▀ ▄ ▀▀▄▀█ ▄  ▀▄ ▄█▀▄▀▀█▄▄▄█  ▀▀ ▀█
█▄█▀▄▀▄▄▄█▀▄▄▀▄▄▀▄▀ ▀█▀▄▄▀ ▄██▀█▄█▄▄  █▄█▀ ▀ ▀█▄▀  ▄█▀▀ ███
█▄▀▄ █▄▄▀▀ ▄█▀▀█▄▄ ▀  ▄ █▄▄▄▀██  █ █▀ ▄  ▀  ▄▄▀▄ ▀▀ ▀▀ ▀▄██
██ ▄  █▄▄█ █ █ █▄▄▄▄▀█▀██▀▄▄▀   ▄█▀█▄▄▀▄▀▀▀  █▄▄ ▀▄▄▀▀ ▀█ █
█▀█▄███▄▀█ ▄▄█▀█▀▄█▄▄▄▀█▄█ █▀ █▀▄▀█▄█ ▀█▀ ▀▀▀ ▄ ▄ ▄▄ █ ▀ ▀█
█ ██▀ █▄█▀▄█ ▀▀█▄▀ ▄▄█▀▀▀▄▀▀▀▀   ███   ██▀█ ██▄█▄▀▀▄▀▀▄▀▀▀█
█▀█▀ █▀▄▀ ▄▄  █▀▄  ▄▄█  ▀█▀ █▀▀▄█▄█ ▄ █▀▄▀ █▀ ▄▄ ██▄▀ ▀▀▀▀█
█  ▀▀▄ ▄█▄▄ ▄██▀▄▄▄▄█▄▄▀ ▀██▀▀█ ▄  █ ▄▀▄██▀ ▄▀▄▄ ▀ ▄▀██▀▄ █
█▄ ▀█ ▄▄▄ ▀▀▀▀█▄█▄▄█ ▀▄█▀▀▀ ▄▄▄   █ ███▄▄▀▄▄███▄  ▄▄▄ ▀  ▀█
█  █▄ █▄█ ▄ ▄███▄█▄▀█▄▄█ ▀▀ █▄█ ▀█▄▄   █▀▀▄ ▄█▄█▄ █▄█ ▀▀▀ █
█▀  █▄▄▄  ▀ ▄ ▄▄▀   ▄█▄█  █  ▄ ▄ ▀▄▀▀ ▀▀ █ █▀  ▄▀▄   ▄▀  ▀█
█▀▀██  ▄▄███  ▄▄███▄▀▄▀▀█▀█ █▄▀ ▄▀▀█  ▀█▀▀ ▀█▀▄▄▀▀▄▀▀▄    █
█▀▄███▄▄▄█▀▀▀  ▀ ▄▀▄▀ █ ▄ ▀▄█▄▀  ▀  █    ████ ▀▄▀▀▄▀▀█▀▀▀██
██▄ ▄█▀▄▀ █ ▄  ▀▀█  ▀▀██▄ ▄▀▀██▄▀▀▄▄ ▄ ▄▀▀▀  █▀▄▀▀▄█▄█▀ ▄ █
█▄█▄ ▄▀▄▄▄▄▄▀▄██▀█▀█▀  ▄▄ █ ▀█  ▀█▀█▄▀█▀ ▄▄█▀█▀▄▀▄ █▄ ▀▀▄▄█
██▄▀ ▀▀▄█▄▀ ▄▀▄ █▄▄ ▄▄▀▀ ▀█▀▀▄█▄▀█▀█▄ ▀█▀▀▄  ██▄█ █ ▄█▄██▀█
█▀▄▀▀▀▄▄▀▀ ▀ ▄▀ ▄█▀  ▄▀ █▀▀▀▀▄ ▄▀▀ █▀▀▀ ▄▀▄▀▄▀▀▄▄█▄▀ █  ███
█▀▀ █▀▄▄▄█▀▄█▀▄▄ ▄▀ ▀█▀▄  ▄█▄▄ ▄ █▄▄▄▄ ██▀  ▄▀▄▄▀▄▄▀▀▄▀▀▄▀█
█ ▀ ▀▀▄▄█▄▀▄█▄▄ ▀█ █ ▄ ▀▄▄▄ █▄▄ ▀▀▄▀████▀█ ▄ ▄ ▀ ▄▄▀█▀ ▀▀▀█
███████▄▄▀▀██▄▀▄▀▄▀▄▀▄██▄▀▀ ▄▄▄ █▀▄█ ▄ ▄█▀   █▀██ ▄▄▄ ▀████
█ ▄▄▄▄▄ █▄ █ ▀▀▄ █▀ ▄▀▀█▄▀█ █▄█  █ ▀█ ▄▀▄▄▀ ▄▀█▄█ █▄█ █▀ ██
█ █   █ █ ████▄▄▄▀ ▄▄███▀▄  ▄▄ ▄ ▀▄█▄▄▀▄▀▀█ ▄███ ▄    ▄▀▄▄█
█ █▄▄▄█ █ ▄▄▀▀▀▀▄ █▄▄█▀▄▀█▀▀▀█▀████  █ ▄ ▀ ▀█▄ ██▄ █▀█  ███
█▄▄▄▄▄▄▄█▄▄▄█▄█▄▄▄▄▄▄▄██▄█▄████▄▄▄▄▄▄▄▄████▄▄██████▄████▄██

▄▄▄▄▄▄▄▄▄▄▄▄▄▄▄▄▄▄▄▄▄▄▄▄▄▄▄▄▄▄▄▄▄▄▄▄▄▄▄▄▄▄▄▄▄▄▄▄▄▄▄▄▄▄▄▄▄▄▄
█ ▄▄▄▄▄ █▀ ▄ █▀█▀▄   ▄▀▄▄▄ ▄▄▄▄  ▄█▄▄▄▀ ▄ ▄   █▄ ██ ▄▄▄▄▄ █
█ █   █ █▄▀█▄ ▄▄█▄██▀██▄█▄███▄█▄█▄   █  █▄ █▀▄▀▄ ██ █   █ █
█ █▄▄▄█ █ ███▄ ▄████▀███▀▄  ▄▄▄ ▀██▀█ █▄ █▀ ▄▀ ▀▄██ █▄▄▄█ █
█▄▄▄▄▄▄▄█ █ ▀ ▀ ▀ ▀▄▀ ▀ ▀▄█ █▄█ ▀▄█▄█ ▀▄▀▄█▄▀ █ █ █▄▄▄▄▄▄▄█
█▄ ▀ █▀▄ ▀ █▀▀▄▀▀█▄  ▄  ▄█  ▄▄▄▄██ ▄▄▄▄▄ ▄▄█ ███▄▄█▄▄▄▀▄▄▀█
████▀▀▀▄ █▀█▄█▀██ ▀▄▄▄  ▀█▄▀▀█▀ ▄ ▀  ▄ ▀▀▄▀▀▀▄▄▀ ▄▀ ▀▀▀██▄█
█ ███▄ ▄▄▄▄▄ █▄█ ▀█▄▀▄ ▀ █▀█▄ █▀▄▄▄▀▄▄ █▄▄▄█  ▄▀▀█ █▄ █▄█▄█
█▀ ▄ ▄▀▄▄ ▀█ ██████▄▄      ▄ ▄▄▄▄█▀▀▄▄ ▄█  ▄   ▀ ▄█ ▀▀▄█ ██
█▄▄██ █▄▀ ▀█ ▀█ ▄▄▀ ▀▀ █▄█▀▀   ▄▀ ▀█ ▄█ ▀█ ▄█▄█▄ █▀▀ ▀ █▄██
█▀▄  ▄▀▄▀▄▀▀ ▀▀▄▀▀▀ ▀   ▄█ ▄ █ ▄▄ ▄▀▄  ██▄██▀ ▄█ ▄▄▀▀ ▄█▀▄█
█▄▀█ ▀▀▄▀▀█▄ ████ █  █  ▄ █▀  █▄█▀▄▄▄ ▄█▀  ▄ ██▄▀█▄▄  ▀██ █
██ ▄▀█ ▄▄▀▄ ▄█ ▀█   ▀ ▀ ▀▀▄█▄▀▀  ▀▄ ▄▄ ▄█  ▀▄▄█▄ ▀▄ ▄ ▀█▄▄█
█▄   ██▄▀▄█▄▀█ ▄█▀  ███▄▄█▀  ▄▀▄▄▀▀ ▄ ▀█▄ █▄▄ █▀▄▄ █ ▄▀█▄▀█
█ ▄▀▄ ▄▄▄ ▄ ▄▀█ ▄█▀▀▄▀█▄▄█▄ ▄▄▄ ▄ ▄▀ ▀█▄█ ▀ ▀█▄█▄ ▄▄▄ ▄▄▄▀█
█▄█▄▀ █▄█  █▄▀ ███▄█ ▀██ █▄ █▄█ ▄  █ ▄█  ▀▀█▀ █▄█ █▄█ ▀█▄██
███▄▄  ▄▄  █ ▄▄█ █▄ ▄▄ ▄▄▄▄   ▄   ▄██▄▄▄█▄▀█▀▀ ▀▄▄▄▄ ▄▄▄  █
█ ▄▄ ▀█▄ ▄▄▄█▄ ▄▄█▀▄█▄▄▄██▀  █▄▄ ▀ ▄█ █▄█ ▄█▀█▀▄ ▀ ▀█▄██▄ █
█ ▀ ██▄▄▄▀ ▀▀▄█▄▀▀▀   ▄ ▄▄▄▀ █▀▄▀▄▀ ▀ ▄█▀██ ▄  ▄▀█▀▄ ▀▀██ █
█▀ ▀█ █▄▀▀▄█▀█    ▄▄▀ ▄  ▄▄   █  ▄█▀▄  █ ▄█▄▄  ▀██▄▄█ █▄█▀█
█ ▀▄▀█▄▄ ▄ █▄▀▀  ▄▄▀█ ▀█▀▄▀  ▄▀ ▄▄ ▄ ▄▀▀ ▄▀▀▄█ █▄ ▄██▀▄█ ▄█
█▀▀▄▀█▄▄ ▀▀▀  █ ▄▄▄▄▀▀ ▀ █ ▄ ▄█ ▄  █▄▄▄  ▀▄▄█ ▄▄█▄ ▀██▄█ ▄█
██▄  ▄ ▄▀  ▀ ▄▄▀█ █▄ █ █▀██  ▀▄ ▀ █ ██▀██▄▄█▄  █▄█  ▀ ▀██▄█
███ ██▀▄█    ██▄▀█▄▄██ ██▄▀▄███ ▄█▄█▀ █▄▄ ▄▄ ▀▄▄ █ ▄█▄▀█ ▀█
█ ▀ ▀▀▄▄▄█ ▄█ ▀█ █▄ █▀█▄▄ ▀ ▄▄▄▄▄▄▄▀█▀▄█ █ ▀█▀▄█▀ █▄ █▀▄▄▄█
███████▄█▀  ▀ ▀██▀▄  █▄▄ █▀ ▄▄▄ █ █    ▄  ▄▄ ▄▀▀▀ ▄▄▄ ▄ █ █
█ ▄▄▄▄▄ █▄▀▄███▄ █▄▄██ ▄▀▀▀ █▄█  ▀▀ ▄ ▀▀▀▀█▄▀█▄██ █▄█  █▄▀█
█ █   █ █▀▄█ ▀▀▀█▀  ▀ ▄█▀ █▄▄▄  █ ██▄▄▄▀ ▀█▄▀ ▄█▀ ▄▄  ▄█ ▀█
█ █▄▄▄█ █▀ ▀▀ ▄▄██▀ ▄▄ ▀█▀▀ ▄▄█▀█▄▄█▄▀ █▀█▄█▄▄▀ ▀  ▄▄ ▄▄█▄█
█▄▄▄▄▄▄▄█▄██▄█▄████▄▄▄▄▄██▄█▄▄▄▄▄▄███▄▄█▄▄▄▄▄█▄▄▄██▄▄▄▄█▄██

▄▄▄▄▄▄▄▄▄▄▄▄▄▄▄▄▄▄▄▄▄▄▄▄▄▄▄▄▄▄▄▄▄▄▄▄▄▄▄▄▄▄▄▄▄▄▄▄▄▄▄▄▄▄▄▄▄▄▄
█ ▄▄▄▄▄ █▀▀▀▄▀▀▄▀█▄█ ▀ ▀▄▄ ██▀ ▄ █▀█▄▄▀▀▄▄▄ ▀▄▄▄ ██ ▄▄▄▄▄ █
█ █   █ █▀ ▄█  ▄█▄ ▀█▄▄█ ▀▀█▄█   █▀▀ ▀▄ █▄█▀ ▄ ▄ ██ █   █ █
█ █▄▄▄█ █▀▄▀█▀█▀▄██▀▄ ▄█▀ █ ▄▄▄  ▄▄▀█▀ ▀▄█▀▄█▀▀▀▄██ █▄▄▄█ █
█▄▄▄▄▄▄▄█▄▀ █ ▀ ▀▄█ ▀ ▀▄█ █ █▄█ ▀▄█ ▀▄▀▄▀ ▀ ▀ █▄▀▄█▄▄▄▄▄▄▄█
█ ▄   █▄ ▄  █  ▀ ▄▀▄▄▄▀▀▀▀ ▄▄▄  ▀█▀█▀  ▄▀█▀▀▄█▄▄▄▀ █▄▀▄▀ ▀█
█▀   ▀ ▄██▀ ▄▄▄ ▄ ▀ ▀▀▀ ▀▀▄▄▄▀▀▄▀█▄▄  █  ▄▀▀▄▀██▄▄▄█ ▄▀▀ ▀█
█▄█▄ ▀▄▄ █▀ ▄▀▄▄▀▄▀ ▀█▀▄▄▀ ▄██▀█▄█▄▄  ▀▄█▀ ▀ ▀█▄▀  ▄▀▀█ ███
███▄ █▄▄▀  ▄█▀▀█▄▄▄    ▄█▄▄▄▀██▄ ██▄█▄██▄▀▀█ ▄▀▀▄█▀     ▄██
█▄▄ ▄ █▄▄█ █ █ █▄█▀▄▀█ ▀▀ ▄▄▀ ▀ ▄█▀█▄▄ ██▀ ▀ ▀▄█ ▀▄▄▀▀▀▀█ █
█▀▄▄▄▀█▄▀█ ▄▄█▀██▀█▄██▀█▀▄ █▀ ▄  ██▄▄▄▀█▀█  ▀ ▄ ▄ ▄  █ ▀ ▀█
█▀ █▀  ▄█▀▄██ ▀█▄▀ ▄▄█▀▀▀▄▀▀▀▀   ▀██▄  ██▀█ ██▄█▄▀▀▄▀▀▄▀▀▀█
█▀█▀ ██▄▀▄█ ▀  ▀▄  ▄▄█  ▀█▀ █▀▀▄█▄█ ▄ █▀▄  █▀▀▄▄ ███▀▄▀▀▀▀█
█  ▀▀█▄▄▄ ▀█▀█▄▀▄▄▄▄█▄▄▀ ▀██▀▀█ ▄  █ ▄▀▄██▀ ▄▀▄▄  ▀██▀█▀▄ █
█▄ ▀█ ▄▄▄ ██▄▀ ▄█▄▄█ ▀▄█▀▀█ ▄▄▄   █▄██▀ ▄▀  ██▀▄▀ ▄▄▄ █  ▀█
█  ▀█ █▄█ ▄▄▄█▄▄▄█▄▀█▄▄█ ▀▀ █▄█ ▀█▀█  ▀█▀▀ ▀▄███▄ █▄█ ██▀ █
█▀▄█▀ ▄▄  ▀ ▄ ▄▄▀ █ ▄██   ▄  ▄ ▄ ▀█ █▄▀█▄▀█▀█ ▀ ▀▄▄  ▄█  ▀█
█▀▄▀█  ▄▄▄██  ▄▄▄█▄ ▄▄▀▀▀▀█ ▄█▀ ▄▀▀█▄ ██▄█ ▀▄█▄█▀▄▄▀▄▄ ▀ ▄█
██▄▀▀█▄▄▄ ▀▀▀  ▀██▀▄▄██ ▀ ▀▄█▄▀ ▄▀   ▄   ▀█▄▀▄▀▄▀▀▄▀▀ ▀▀ ▀█
█▀▀ ▄█▀▄▀ █ █▀ ▀▀█  ▀▀██▄ ▄▀▀█▀ ▀█▄▄▄  ▄█▀▀  █▀▄▀▀▄█▄█▀ █▀█
█▄█▄ ▄▀▄▄▄▀▄ ██ ▀█▀█▀  ▄▄ █ ▀█▄ ▀█▀██▀█▀▀█▄█▀█▀▄▀▄ █▄ ▀▀▄▄█
██▄▀ ██▄█▄▄█▄█▀ █▄▄ ▄▄▀▀ ▀█▀▀▄█▄▀█▀█▄ ▀█▀▀▄  ██▄█ ▄█▄█▄██▀█
█▀▄▀▀ ▄▄▀▀█ █▀▀█▄█▀  ▄▀ █▀▀▀▀▄ ▄▀▀ █▀▀█ ▄▀▄█▄▀█▄ █▄▀ █ ▀███
█▀▀█▀▀▄▄█▀▄██▀ █ ▄▀ ▀█▀▄  ██▄▄ ▄ █▄▄▄▄▄▄█▀▀ ▄▀███▀▄████▀▄▀█
█ ▀ ▀▀▄▄█▄▀▄█▄▄ ▀█▄  ▄▄ ▄▄▄▀█▄▄ ▀▀█▀█▀ ▄█▀ ▄▄ ▀▀▀▀▄▀ ▄▄▀▀▀█
███████▄█▀▀██▄▀▄▄▄▄▄▄▄█▀▄▀▀ ▄▄▄ █▀▄█▄▄▄▄██   ▀▄▄█ ▄▄▄  ██▀█
█ ▄▄▄▄▄ █▄ █ ▀▀▄██▀ ▄▄▀█▄▀█ █▄█  ▀ ▀▀▄▄ ██  ▀██▄▀ █▄█ █▀▄▀█
█ █   █ █ ██  ▄▄▄▀ ▄▄███▀▄   ▄ ▄██▄██ ▀▄▀▀█  ███ ▄   ▄▄▀█▄█
█ █▄▄▄█ █ ▀▄▀▄ █▄ █▄▄█▀▄▀█▀▀█▀▀████  ▄ ▄   ▀██ ██▄ █▀▀  ███
█▄▄▄▄▄▄▄█▄▄▄████▄▄▄▄▄▄██▄█▄█▄██▄▄▄▄▄▄▄▄████▄▄██████▄▄███▄██

▄▄▄▄▄▄▄▄▄▄▄▄▄▄▄▄▄▄▄▄▄▄▄▄▄▄▄▄▄▄▄▄▄▄▄▄▄▄▄▄▄▄▄▄▄▄▄▄▄▄▄▄▄▄▄▄▄▄▄
█ ▄▄▄▄▄ █▀▀▀▄▀ ▄ █▄█▀█▀ █▄ ██▀ ▄ ████▀▀▀ ▄▀▄  ▄▄ ██ ▄▄▄▄▄ █
█ █   █ █▀ ▄█  ▄██ ▀▄▄▄█▀ ▀█▄█  ▀█▀▀  ▄ ▄██▀ █ ▄ ██ █   █ █
█ █▄▄▄█ █▀ ▀▀▀█▀▄██▀▄ ▄█▀ █ ▄▄▄ ▄▀▄▀▄▀ ▀▀ ▀▄█▀▀▀▄██ █▄▄▄█ █
█▄▄▄▄▄▄▄█▄▀▄▀ ▀ ▀▄█ ▀ ▀▄█ █ █▄█ ▀▄█ ▀▄▀▄▀ ▀ ▀ █▄▀▄█▄▄▄▄▄▄▄█
█ ▄  ▄█▄▄▄▀▀▄▄ ▀ ▄▀▄▄▄▀▀▀▀▄ ▄▄  ▀█▀█▀  ▄▀█▀▀▄█▄▄▀  █ ▀▄▀ ▀█
█▀     ▄   ▄▄▄▄ ▄ ▀ ▀▀▀ ▀▀▀▄ ▀▀▄▀█ ▄  █  ▄██▄▀█▀  ██ ▄▀▀ ▀█
█▄███▀▄▄ ▄▄ ▄▀▄▄▀▄▀ ▀█▀▄▄▀▀█▀▀▀█▄█▄▄  ▀██▀▀▀ ▀█▄█▀ ▄██▀▄███
█▀   █▄▄▀▀ ▄█▀▀█▄▄█▄  ███▄▄▄ ██▄ █ ▄▀▄█▄▄▀▀▀▄ ▄▀▀▄▀ ▀ ▄▀▄██
███▄█ █▄▄█ █ █ ████▄▀▄▀█▀ ▄▄▀ ▄ ▄█▀█   █▄█ ▀▀▀▄▄ ▀▄▄▀▀ ▀█ █
█▄▄█▀██▄▀█ ▄▄█▀██▄█▄▀█▀█▀  █▀ ▄▀ ▀█▄▄▄▀█▀█▀▀███ ▄ ▄  █ ▀▀██
█▀▄█▀▀█▄█▀▄█▄█▀█▄▀ ▄▄█▀▀▀▄▀▀▀▀  ████▄▄ █▀██ ▄▀▄█▄▀▄█▀▀▄▀▀▀█
█▀█▀ █▄▄▀ ██   █▄  ▄▄█  ▀█▀ █▀▀▄▄██ █▀█▀▄  █  ▄▄ █ ▄█ ▀▀▀▀█
█  ▀▀▀▄▄█  █ ▀▄▀▄▄▄▄█▄▄▀ ▀██▀▀█ ▄  █ ▄▀▄██▀ ▄▀▄▄▄▀▀▄█▀█▀▄ █
█▄ ▀█ ▄▄▄ ▀█ ████▄▄█ ▀▄█▀▀  ▄▄▄   ▀ ██▀▄▄▀▄▄███▄▄ ▄▄▄ ▀  ▀█
█   ▀ █▄█   ▄█▄▀▄█▄▀█▄▄█ ▀▀ █▄█ ▀█▀▄  █▄▀▀ ▀▄█▀▄▀ █▄█ ██▀ █
█▄▀▀█▄ ▄ ▄▀ ▄ ▄▄▀ ▀█▄█▀▀  █▄ ▄ ▄ ▀█ ▀▄  ▄█ █▀ ▀▄█▄ ▄▄    ▀█
█ █▀   ▄█ ██  ▄▄▄█ ▄▀█▀█▄▀█ ▄▄▀ ▄▀▀█▀▄▀█▀█   █▄█▀ ▄▀▄█▀▀  █
█ ▀█▀█▄▄██▀▀▀  ▀▄█▀▄▀▄█ ▄▀▀▄▄█▀  ▀  ▀█ ▀▄▄███▄ █▀▀▄▀▄ ▀▀█▀█
█   ▄█▀▄▀ █ █▀ ▀▀█  ▀▀██▄ ▄▀▀██ ██▄▄▄▄ ▄▀█▀ ▄▀▀▄▀▀▄█▄█▀ █▀█
█▄█▄ ▄▀▄▄▄▄▄▀ ▄▄▀█▀█▀  ▄▄ █ ▀█▀▄ █▀██ █▀ █▄█▀▄▀▄▀▄ █▄ ▀▀▄▄█
██▄▀ ██▄█▄▀█▀█ ▄█▄▄ ▄▄▀▀ ▀█▀▀▄█▄▀█▀█▄ ▀█▀▀▄  ██▄█ █▄▄█▄▀█▀█
█▀▄▀▀ █▄▀▀▄ ▄█▄█▄█▀  ▄▀ █▀█▀▀▄ ▄▀▀ █▀▀▀▄▄▀▄▀▄▀▀▄▄█▄█ █ ▀███
█▀▀ █ ▄▄███▄█▀▄  ▄▀ ▀█▀▄  ▄▄▄▄ ▄ █▀▄▄▄ ██▀ ▀▄▀ ██▄█▀ ▄  ▄▀█
█ ▀ ▀▀▄▄▄▀▀▄█▄▄ ▀█▄  ▄██▄▄█▄█▄▄ ▀▀█ █▀▄█▀█▄█▄ ▄ ██▄██ ▀▀▀▀█
███████▄█▀▀██▄▀▄▄▄▄  ██▀ ▀▀ ▄▄▄ █▀▄█  ▀█▀▀▀▀▄███▀ ▄▄▄ ▀█▀▀█
█ ▄▄▄▄▄ █▄ █ ▀▀▄  ▀ ██▀██▄█ █▄█  █ ▀█▄▄▀▄▀▀▀▄ ▄▄▀ █▄█ █▀▄██
█ █   █ █ ██ ▄▄▄▄▀ ▄▄███▀▄  ▄  ▄▄█▄█▄▄▀▄███  ▀██▀▄    ▄▀▄██
█ █▄▄▄█ █ ▄█▄ ▀█▄ █▄▄█▀▄▀█▀▀▄▀▀██▄█  ▄ ▄▀▀ ▀█▄ ██▄ █▀▀  ███
█▄▄▄▄▄▄▄█▄▄██▄█▄▄▄▄▄▄▄██▄█▄████▄▄▄▄▄▄▄▄████▄▄██████▄▄▄██▄██

▄▄▄▄▄▄▄▄▄▄▄▄▄▄▄▄▄▄▄▄▄▄▄▄▄▄▄▄▄▄▄▄▄▄▄▄▄▄▄▄▄▄▄▄▄▄▄▄▄▄▄▄▄▄▄▄▄▄▄
█ ▄▄▄▄▄ █ ▄▀▄▀▄ ▄█▄█▀▄▄ ▄ █  ▀ ▄█  ██▄▀▄█▀▄ ▄▄▀▄ ██ ▄▄▄▄▄ █
█ █   █ █  ▀ ▀ ▄▄▀█▄▄▄▄ ██▀█▄ ██▀▄▀▄▀▄▄ ▄  ▄ ▄ ▄ ██ █   █ █
█ █▄▄▄█ █▀▀██▄ ▄▀██▀▀█▀█▀   ▄▄▄ ▀▀▀▀ ▀█▄ █▀▄▀▀▄▀▄██ █▄▄▄█ █
█▄▄▄▄▄▄▄█▄▀ █ ▀ ▀ ▀▄▀ ▀ ▀▄█ █▄█ ▀▄█▄█ ▀▄▀▄█▄▀ █ █ █▄▄▄▄▄▄▄█
█  ██ ▄▄▀█▀   █▄█▄▀▄▀▀▄▀▀▀▀  ▄  ▄ ▄█▀ █▀▄█▀▀▀ ▀▄ ▀▀▀ █▄ ▄▄█
█▄   █▄▄▀  ▀█▄▄ ▄█▄█▀▀▀█▄▄▀▄▄ ▄▀▀█ ▀███  ▀  ▄▀▀▄▀█▄▄▄▀▄▄ ▀█
█▄  █▀▄▄█ █▄▄▀▀▀▄▄▀ ▄ ▄▄▄▀▄▀ ▀▀█▀ ▀█  █  ▀▀▀█▄██ ▀█▀▄▀█▄  █
█  ▀▄ ▀▄▀▀ ▀ ▄▀█▄▀██  ▄  ▀▄▄  ▄▀ █   ██▄▄▄▀█▄ █▀▀▀▀  ███▄██
███ █ █▄▀ ██ ██  █▄▄▄▀▄█ ▀▀▀▄ ▀▀▀ ▄█ ▄▄▀██ ▀▀ ▀▄ ▀▀▀▄▀▀ ▄██
██▀▄ ▄▄▄▀█ ▀▀ ▀██  ▀ █▀ ▀▄ █▀█▀█▄██▀▄  █▄█▄█▄███▀█▄▄  █▄▄██
██▀ ▄  ▄ ▄▀█▀█▄ ▀▀ ▄▀ ▄▀▀▄▄▄▄▀  █▄ █  █  ██ ▀▄▀█▄▀█▀▄▀▄▀▄██
█▄█▀ ▄█▄▀▄█▄█▀▀▄▄██▀▄█ █▄ ▀ █▄▄▀▄▄██▀▄█▀▄▄█  ▀▄▀█ ▀██▀▄▄▀▀█
█ █▄▄▀▄▄▀▄ █▄▄ █▀▄▄▄ ▀▀▀ ▀ ▄▄▀█ ▀███ ▄▄▀ █▀ ▀▄▀▄▄▀   ▀█▀▀██
█▀ ▀█ ▄▄▄ ▄▄█▀▀ █▀▀  ▀▄ ▄▄  ▄▄▄   █▀  █ ▄▄▀▀██▀▀▀ ▄▄▄ ▄█ ▀█
█ ██▀ █▄█ ▄█▄█▀ ▀█▄▀ ▀▀█ ▀▄ █▄█ ▄ ▀█  ▄ ▄▀█ ▀  █▄ █▄█ ▀ ▄██
█▀▀█ ▄ ▄▄▄▀█▀█▄▄▀█▀ ▄██ ███   ▄  ▀▄█ █▄▀  █ ▀ █▀▀     █▄ ▀█
█ █▀▄  ▄▀  █  ▀▀▀█▄ █▀ █▄▀ █▀█▀ ▀▄▄█ ▄▄▀▄▀ ▀█  ██ ▀▄ ▄▀ ▀██
█▄▀   ▀▄▀█▀▄▄█ ▀▀ ▄▀ ▄██▄▄▀▄▄ ▄█▄▀ █ █ ▀▀ ▀▀▀▀  █▄▄▀▀▀▄▄▄██
█▄▀█▀█▀▄▄█  ▄██▄▄█  ▄▄ █▄ ▀▄▄█  ▄ ▀▄  █▀ ▀▀   ▄▄▀▀▀ ▀█▀ ▀▄█
█▀█▄ ▀▄▄▄▄ ▄▀  ▀▀ ▄ ▀  ▀▀██ ▀ █▀▀▄▀  ▄█▀  ▀  █▀▀▄▀ █▄█▄▄▄▄█
██▀▄█▀▄▄ ▀▄▄██   ▄▄ ▀▀▄▀ ▀ ▄▄▄█▄▄ ▄█▄ ▄ ▄▀▄ █  ▄█ █ ▀█ ▀ ▄█
█▄▄▀▀▄█▄▀▀  ▀▀▀█▄ ▄█ ▄▀█ ▄█▀▀▀█▀▀▀▄ ▄▄█▄▄▄▀▄▄▀▀▀▀▀▀▀  █▄███
█▀▄▄█ █▄▄ ▄██▀▀ █▄▀ ▄ ▄▄  ▀▀▀▄ ▄█  █▄▄ ▀ ▀▀ ▀▄▀█▀▀ ▀ ▄▀▄▀▄█
█ ▀ ▀▀▄▄▄█▀▀ ▀▄ ▀ ▄█ ▄▄▄▀▀█ █▀▀█▀▀█▄▄  ▄█▄▄█▄ ▀█▀▀▄█▄ ▄▄▀▀█
███████▄█▀▄██▄▄▀ ▄  ▄▀▄█ ▀▄ ▄▄▄  ▄▀█   ▀ ▀▀ █ ▀█▀ ▄▄▄  ▄ ▄█
█ ▄▄▄▄▄ █▀  █▄▀▄▄▀▄█▄█▀   █ █▄█ ▄▀ ▄█▀▄ ▀▀▄█▀▄▄ █ █▄█  ▄ ▀█
█ █   █ █▄ █ ▀▀▀▀▀ ▄▀  █▀▄█▄▄▄ ▄▀▄▀█  ▄▀ ▀█ ▀  █▀▄▄▄  ▄▀▀ █
█ █▄▄▄█ █▀▄█ ▀▀█▄█ ▀▄█▀▀▄ ▀▀▀ ▄ ████▄  ▄▀▄█▄█▄   ▀ █▄ █████
█▄▄▄▄▄▄▄█▄▄▄▄▄▄██▄▄▄██▄█▄██▄█▄█▄███▄▄▄█▄▄██▄█▄▄███▄█▄▄███▄█

▄▄▄▄▄▄▄▄▄▄▄▄▄▄▄▄▄▄▄▄▄▄▄▄▄▄▄▄▄▄▄▄▄▄▄▄▄▄▄▄▄▄▄▄▄▄▄▄▄▄▄▄▄▄▄▄▄▄▄
█ ▄▄▄▄▄ █▀▀▀▄▀▀█▀▀▄█▀█▀ ▄▄ ██▀ ▄ █▀▀ █▄█ ▄ ▄█▄▄▄ ██ ▄▄▄▄▄ █
█ █   █ █▀ ▄▀  ▄██ ▀█▄▄█▀▀▀█▄█  ▄▄▀▀▀ ▄ ▄██▀▀▄ ▄ ██ █   █ █
█ █▄▄▄█ █▀ █▄▄█▀▄██▀▄ ▄█▀ █ ▄▄▄ ▀▄▄▀█▄ ▀ █▀▄ █▀▀▄██ █▄▄▄█ █
█▄▄▄▄▄▄▄█▄█▄█▄▀ ▀▄█ ▀ ▀▄█ █ █▄█ ▀▄█ ▀▄▀▄▀ ▀ ▀ █▄▀▄█▄▄▄▄▄▄▄█
█ ▄   █▄▄ █ ██ ▀ ▄▀▄▄▄▀▀▀▀ ▄▄▄  ▀█▀█▀  ▄▀█▀▀▄█▄▄   █ ▀▄▀ ▀█
█▀    ▀▄▀ ▄▀▀▄▄ ▄ ▀ ▀▀▀ ▀▀██▄▀▀▄▀█    ▀  ▄▀█▄▀▀▀█▄█▄▄▄▀▀ ▀█
█▄█▄▄▀▄▄█ ▄▄▄▀▄▄▀▄▀ ▀█▀▄▄▀▀▄██▀█▄█▄▄  ▀██▀▀▀ ▀██   ▄█▀▀ ███
█▀▀█ █▄▄ ▀ ▄█▀▀█▄▄▀▄  ███▄▄▄▀█▀  █ ██▄▀█▄▀▀  ▄ ▄ █▀  ▀  ▄██
█ ▀█  █▄▄█ █ █ █▄▄ ▄ █▀█▀ ▄▄▀   ▄█▀▄█▄ ▄███ ▄▀▄▄ ▀▄▄▀▀  ▀▄█
███▄▀▀█▄▀█ ▄▄█▀█▀▀█▄ ▀▀█▄▄ █▀ █▀ ▀█▄█▄ ▄██ ▀▀▄█ ▄  ▄ █ ▀▄▀█
█▀ █▀▄ ▄█▀▄█▄█▀█▄▀ ▄▄█▀▀▀▄▀▀▀▀  ▀███▄▄ ██▀█ ▄▀▄█▄▀█▄▀▀▄▀  █
█▀█▀ ▄█▄▀▄ ▀▄ ██▄  ▄▄█  ▀█▀ █▀▀▄▄▄█ █ █▀▄▀ █▀ ▄▄ ██ █ ▀▀▀▀█
█  ▀▀▄▄▄▀██▄ █▄▀▄▄▄▄█▄▄▀ ▀█▀▀▀█ ▄  █ ▄▀▄██▀ ▄▀▄▄  ██▀▀█▀▄ █
█▄ ▀█ ▄▄▄ ▀▀ ▀  █▄▄█ ▀▄█▀▀  ▄▄▄   █▄██▀ ▄▀▄▄███▄▀ ▄▄▄ ▀  ▀█
█     █▄█  ▀▄█▀▄▄█▄▀█▄▄█ ▀▀ █▄█ ▀██▄   ▄▀▀  ▄█▄█▄ █▄█ ▀ ▀ █
█▀  ▀▄ ▄ ▄▀ ▄ ▄▄▀ █▀▄█▀   █▄ ▄ ▄ ▀▄▀▀▄▀▄▄▀▄ █ ▄█▀▄    ▀▀ ▀█
█ ▄█▀  ▄█▄██  ▄▄▄█▄▄▀▄▄▀▀▀█ ██▀ ▄▀▀█▄▄ █▄▀   ▀▄▄█ ▄▀██  ▄ █
█▄▄█ █▄▄ ▄▀▀▀  ▀██▀▄█▄█   ▀▄ ▀▀ ▄▀  ▄█  █ ▄▄██▀█ ▀▄▀▄█▀▀▄██
█▀█ ▄█▀▄▀ █ █▀ ▀▀█  ▀▀██▄ ▄▀▀█▄▄ █▄▄▄▄ ▄██▀ ▄█▀▄▀▀▄█▄█▀ █ █
█▄█▄ ▄▀▄▄▄█▄▀█▀█▀█▀█▀  ▄▄ █ ▀█▄ ▀▄▀█▄ █▀ █▄█ █▀▄▀▄ █▄ ▀▀▄▄█
██▄▀ ▀█▄█▄██▀ ▄▀█▄▄ ▄▄▀▀ ▀█▀▀▄█▄▀█▀█▄ ▀█▀▀▄  ██▄█ ▀ ▄█ ▀█▀█
█▀▄▀▀██▄▀▀▀█▄▀▄ ▄█▀  ▄▀ █▀▀▀▀▄ ▄▀▀ ▀▀▀▀ ▄▀▄▀▄▀▀  ▀▄▀ █▄▀███
█▀▀▀██▄▄█ ███▀▄  ▄▀ ▀█▀▄  ▄█▄▄ ▄ █ ▄▄▄▀██▀  ▄▀▀█▀█▀▄▄█ ▀▄▀█
█ ▀ ▀▀▄▄ ▄▀▄█▄▄ ▀█▀█ ▄█▀▄▄█ █▄▄ ▀▀█ █▀▄▄▀▀▄▀  █▄▄█▄▀ ▀▀▀▀▀█
███████▄█▀▀██▄▀▄▄▄▀▄▀▄██  ▀ ▄▄▄ █▀▄█   ▄ ▀▀  ▀███ ▄▄▄ ▀█▀▀█
█ ▄▄▄▄▄ █▄ █ ▀▀▄▄█▀ ▀▄▀█ ▀█ █▄█ ▄▀ ▀▄▀█▀█▀ ▀▄██▄█ █▄█ █▀▄▀█
█ █   █ █ ███ ▄▄▄▀ ▄▄███▀▄  ▄  ▄ ▀▄█ ▄▀▄ ▀█ ▄▀██ ▄  ▄▄▄▀███
█ █▄▄▄█ █ ▀▄▄▀▀ ▄ █▄▄█▀▄▀█▀▀▄▀▀█▄██  ▄ ▄▀▀ ▀██ ██▄ ███  ███
█▄▄▄▄▄▄▄█▄██████▄▄▄▄▄▄██▄█▄████▄▄▄▄▄▄▄▄████▄▄██████▄▄███▄██

▄▄▄▄▄▄▄▄▄▄▄▄▄▄▄▄▄▄▄▄▄▄▄▄▄▄▄▄▄▄▄▄▄▄▄▄▄▄▄▄▄▄▄▄▄▄▄▄▄▄▄▄▄▄▄▄▄▄▄
█ ▄▄▄▄▄ █▄█▀ █ ▀▀█  ▄█▄▀▄  ▀▀▀▄  ▀ ▀ ▄▄▀█▀ ▄▀▀ ▄ ██ ▄▄▄▄▄ █
█ █   █ █ ▀█▀▀▀▄▄█  ███▄ ▀ ██▄ ▀▀█   ▀█ ▄██ █▄▀▄ ██ █   █ █
█ █▄▄▄█ █▄▀█▄ ▀ ▀▀▄▄ ▀▀▀ █▀ ▄▄▄ █▄▀██▄▄ ▄█ ▀▀▀▄▀▄██ █▄▄▄█ █
█▄▄▄▄▄▄▄█▄▀▄█ ▀▄█▄▀▄▀▄█▄▀▄█ █▄█ ▀ ▀ █ ▀ █ █▄▀▄▀▄█ █▄▄▄▄▄▄▄█
█ ▄  ██▄█▄█▀▀█▀▀▀█▀██▄  ▀ ▀ ▄▄   █ ▄▀▀▀▄ ▄▀ ████▀  █▀ ▄ ▀ █
█▄▄▀█▄▀▄▄ ██▀  ▀▀▄ ██ ▄▄ ▄█▄██ ▀█▄▀ ▀█▀██ ▄▄   ██▀ █▀█ ▄▄ █
█ █▀█▀ ▄ ▄██ █▄ █▄█▄▀▀█▄ █▀ ███▀▄▀▀▄▄▄▀ ▀▀▄▄ █▀▄█▄  ▀▀█▄█▀█
█▀ ▀▀▄▄▄▀ ▀██  ████ ▀ █████▄▀▄██▀█ █▀▀▄ █ ▀▀█ █ ▄▀  ▀   ███
█▄▀█▀▄▄▄ ▄█▀▀ ▄▄▀  ▀▄█ ▀▀▄ █▄▄ █ ▄█▀▀███▄█▀█▄ █ ▀▄ █▄█▀██▀█
█▀▀▀▄▀▀▄▀▀▄▄ ▀▀▀▀ ▀  ▀██▀▀ ▀█ ▀▄ █▀▄█ ▀▀▄ ████▀  ▄▄▄▄█▄█▀▀█
█▄▀█  █▄▄▀█▄█▀ ██  ███  ▀█ ▀   ▀▀█▄▄█▀▀█ ▄█▀▀██▄▄ ▀█  ▄ ▀▀█
█▄▀ █▄ ▄▀▀ ▀▄  ▄▀▄▀▀ ▄█▄  █▀ █ ▀ ▄ ▄██▀ ▀▄▀ █▀▀ ▀  █ ▄ ▄█ █
█▄ ██▀▄▄▀▄▀▀██ ▀ ▄  █  ▀▄████▀▀▄▄▄▄█▄ ▀ ▀██▄▄█ ▄▄▄▀▀▀█▀█▄▄█
██▀▀▄ ▄▄▄ ▀▀▀▄▀▄▄█▄▄▀▀█▄▀ ▀ ▄▄▄ ▀ ▄██▄▄▄█  █▄█▄██ ▄▄▄ ▀▀▀▀█
██▄█▄ █▄█ ▀▀█ ▄▀▀▀█▄▀█▀▀▀▄▀ █▄█ █▄ ▀▀█▄▄▄█▀█ ▄ ▀█ █▄█ ▀██▀█
█ ▀█▄▄ ▄ ▄█  ▄▄ █ ██▄▀██▄▄▄▄▄▄▄  █ ▀▀ ▄▀ ██ ▀▄█ █   ▄▄█▄ ██
███▄█▀ ▄▄█▄▄ ▀█▄██ ▀ ██ ▀ ▄ ▄█▀▀█▀ ▄ ██▄ ▄  ▄█▄▄█ █▀▄█▀▀▀ █
█▀▀▀▄▀█▄▄▄▄█ █▄ ▀▄ ▀ █ ▄▀ ██▀█ █▄ █▄  ▄▀ ██▀  ▄▀▀▄  ▄  ▄  █
███▄ ██▄▀▄▀ ▀▄ ███▄▄▀█▀█ ▄▄███ ▄▄▀ ▄    ▀██▄ ██▄██▄▀ ██▄▄▄█
██▄▄▀█▀▄█▄▀▀█▄▀▄ ▄▀▄  ▀█▄▀▄  ▄▄▀ █ ▄█ ▄▀ ▄▄▄▀█ █▀█▀██▀▀ █▄█
█   ██ ▄▀█  ▀▄█▄  ██ █▄█▀▄▀ ▄ ▄▀█▄▄▀███▄▄███▄▄  ▄█▄▄▀▀█▄▀ █
██▄██▀ ▄▀█▄ ▀▀▄█ ██▄  █ ▀████▄▄ ▀█ ▀███▄ ▀▄▀▄█▀▄▄█ █▄████▀█
█   ▄▄█▄▄█  █  ▀▀█▀▀ █ █ ▀▄ ██ █▀█▄█▄█ ▄▄ ▀▀█▀█▄▀ ▄▀██  █▀█
█ ▀ ▀▀▄▄ ▄▄ ▄▀ ▀▄▀▄▀▄█▀ █▀ █  ███ ▀▄▄ ▀█ █ █ █   ▄▄▄█▀███ █
███████▄█ ██▀ ▀  ██ ▀ ██▀█▀ ▄▄▄ ██ █▀▄█▀▀█▄▄ █▄▄█ ▄▄▄ ▄▀███
█ ▄▄▄▄▄ ██▀▄   ▄▄█▀▀▄▄ ▄▄ ▄ █▄█ ▀█▀ █▄█   ▀ ▄▄██▄ █▄█ █ ▀██
█ █   █ █▀ ▀▀█ █▀█▀▀ ▄ ▀ ▀▄ ▄     ▀▀████ █▄█ ▄ ▀  ▄   █▄ ▄█
█ █▄▄▄█ █ █  ▄ █  ▀ ▄▀█▄█▀▀██▀█▀█ ▀ █▀  ▄ ▄██ ▄█▀  ▀█▀▄▄█▀█
█▄▄▄▄▄▄▄█▄▄▄██▄▄██▄██▄▄▄▄▄███▄███▄██▄███▄▄████▄▄█▄▄▄▄▄█▄███

▄▄▄▄▄▄▄▄▄▄▄▄▄▄▄▄▄▄▄▄▄▄▄▄▄▄▄▄▄▄▄▄▄▄▄▄▄▄▄▄▄▄▄▄▄▄▄▄▄▄▄▄▄▄▄▄▄▄▄
█ ▄▄▄▄▄ █▄█▀ █▀ ██ ▀█▀▄ ▄▄ ▀▀▀▄  ▀ ▀██▀█▄▀▄▄   ▄ ██ ▄▄▄▄▄ █
█ █   █ █ ▀███▀▄▄▄  ▄▄█▄ ▀ ██▄ ▀▄▄    █ ▄▄█ ▄▄▀▄ ██ █   █ █
█ █▄▄▄█ █▄▀▀▄▄▀ ▀▀▄▄ ▀▀▀ █▀ ▄▄▄ ▄█▀█▀▄▄ ▄▀ ▀▀█▄▀▄██ █▄▄▄█ █
█▄▄▄▄▄▄▄█▄█▄▀ ▀▄█▄▀▄▀▄█▄▀▄█ █▄█ ▀ ▀ █ ▀ █ █▄▀▄▀▄█ █▄▄▄▄▄▄▄█
█ ▄  █▀▄▀▄  ▄▀▀▀▀█▀██▄  ▀ █ ▄▄   █ ▄▀▀▀▄ ▄▀ █████  ██▄▄ ▀ █
█▄▄▀██ ▄▄▀▄█▄  ▀▀▄ ██ ▄▄ ▄▄▄▀█ ▀█▄█ ▀████ ▄    ▀█▄▀██▀ ▄▄ █
█ █ ▄▀ ▄█▄█▄ █▄ █▄█▄▀▀█▄ █ ▀███▀▄▀▀▄▄▄ ▀▀▀▄█ █▄▄ █  ▀▀█▄█▀█
█▀▄██▄▄▄▀▀▀██  ███▀ ▀  ▄███▄▀█▀█▀█  ▀▀▄▄█▄▀▀█ ▄▀ ▀  ▀ ▄ ███
██▄██▄▄▄ ▄█▀▀ ▄▄▀ █▀██▄▀ ▄ █▄▄▀▄ ▄█▀█▀▄▄▄█ ▄▄▄  ▀▄ █▄█▀▄█▀█
█▄▀▄███▄▀▀▄▄ ▀▀▀▀█▀  ▄██▄▀ ▀█ ▀▄▄█▀▄▄ ▀▀▀▀██ █▀▀ ▄ ▄▄█▄██▀█
█▄██  ▀▄▄▀█▄▄▄ ██  ███  ▀█ ▀   ▀██▄▄▄█▀██▄█▀█▀█▄▄  █  ▄ ▀▀█
█▄▀ █▀ ▄▀▀█▀ █▄█▀▄▀▀ ▄█▄  █▀ █ ▀ █ ▄▄█▀ ▀█▀ █ ▀ ▀  ▀   ▄█ █
█▄ ██▄█▄ █ █▄██▀ ▄  █  ▀▄█▀▀█▀▀▄▄▄▄█▄ ▀ ▀██▄▄█ ▄███▀▀▀▀█▄▄█
██▀▀▄ ▄▄▄ ██▄▀ ▀▄█▄▄▀▀█▄▀   ▄▄▄ ▀  ▀█▄ ▄█  ▀▄█ █  ▄▄▄ ▀▀▀▀█
██▄▄▄ █▄█ ▄ █  ▀▀▀█▄▀█▀▀▀▄▀ █▄█ █▄▀▀▀█▀▄▄█ █ ▄    █▄█ ▀██▀█
██  ▄ ▄▄▄ █  ▄▄ █ ▀▀▄▀▄▀▄▄▄ ▄▄▄  █  █   ▄▀█▀▀▄▀█▄▄ ▄▄ ▄▄ ██
█ ██▀▀ ▄▀▀▄▄ ▀█▄██▄▀ ██ ▀▀▄  █▀▀█▀ ▄ █▀█ ▄ ▀ ▀█▄▀██▀ █  ▀ █
█ ▀▄▄▀█▄ █▄█ █▄    ▀▀▄ ▄█▀██▀█ █ ▄█▄▀▀█▀██▄▀▀ █  ▄   ▄ ▄▀▄█
█▀█▄ ██▄▀▄▀    ███▄▄▀█▀█ ▄▄███▀▀ ▀ ▄▄▄  ▀██▄▄▀█▄██▄▀ ██▄█▄█
██▄▄▀█▀▄█▄▀▀ █▀▄ ▄▀▄  ▀█▄▀▄  ▄▄█ █ ▄█ ▄▀ ▄▄▄▀█ █▀█▀██▀▀ █▄█
█   █▀█▄▀█▄█▄█▀█  ██ █▄█▀▄▀ ▄ ▄▀█▄▄▀███▄▄███▄▄  ▄██ ▀▀█ ▀ █
██▄████▄▀█▄█▀▄ ▄ ██▄  █ ▀█▀██▄▄ ▀█▄▀██▀  ▀ ▀▄█▀▄▄ ▀█▄█▄▄█▀█
█  █▀▄▀▄▄█▀██ ▀█▀█▀▀ █ █ ▀█ ██ █▀███▄█▀█▄  ▀█▀██▀▄▀█▀██ █▀█
█ ▀ ▀▀▄▄▀█▄ ▄▀ ▀▄▀▄▄▄█ ▀█▀ ▀  ███  █▄ ██ ██  ▀███▀  ▀▀▀██ █
███████▄▄▀██▀ ▀ ▀█▀ ▄ █▀█▄▀ ▄▄▄ ██ █ ▄ ▀ ▀██▄█ ██ ▄▄▄ ▄▀▀▀█
█ ▄▄▄▄▄ ██▀▄   ▄▄▀▀▀   ▄▄▀▄ █▄█ ▀▀▀ █▀█ ▄█▀ ▄▀█▄▄ █▄█ █ █▀█
█ █   █ █▀ ▀▀▄ █▀█▀▀ ▄ ▀ ▀▄ ▄▄  ▀▄▀▀█▀██ ▀▄█ ▄ ▀  ▄ ▄ █▄▀██
█ █▄▄▄█ █     ▄   ▀ ▄▀█▄█▀▀█▀██▀▄▀▀ █▀  ▄ ▄██ ▄█▀  ▀█▀▄▄█▀█
█▄▄▄▄▄▄▄█▄███▄▄███▄██▄▄▄▄▄███████▄██▄███▄▄████▄▄█▄▄▄▄▄█▄███

▄▄▄▄▄▄▄▄▄▄▄▄▄▄▄▄▄▄▄▄▄▄▄▄▄▄▄▄▄▄▄▄▄▄▄▄▄▄▄▄▄▄▄▄▄▄▄▄▄▄▄▄▄▄▄▄▄▄▄
█ ▄▄▄▄▄ █▀▀▀▄▀ ███▄▄ █  ▄  ██▀ ▄ █▀▀█▀▀▀ █  ▄▄▄▄ ██ ▄▄▄▄▄ █
█ █   █ █▀ ▄▀▄ ▄▄▄ ▀██▄█ ▀▀█▄█  ▀▄▀▀ ▀▄ ▄▄█▀▄▄ ▄ ██ █   █ █
█ █▄▄▄█ █▀ █  █▀▄██▀▄ ▄█▀ █ ▄▄▄   ▄▀▄█ ▀▄▄▀▄█▄▀▀▄██ █▄▄▄█ █
█▄▄▄▄▄▄▄█▄▀▄█▄▀ ▀▄█ ▀ ▀▄█ █ █▄█ ▀▄█ ▀▄▀▄▀ ▀ ▀ █▄▀▄█▄▄▄▄▄▄▄█
█ ▄   ▀▄▄▄▀█▀█ ▀ ▄▀▄▄▄▀▀▀▀  ▄▄  ▀█▀█▀  ▄▀█▀▀▄█▄▄▄▀ █ ▀▄▀ ▀█
█▀    ▀▄█ ▄█▄ ▄ ▄ ▀ ▀▀▀ ▀▀▄▄ █▀▄▀█▄▄  ▀▄ ▄██▄▀██▀█▄█  ▀▀ ▀█
█▄█▀ ▀▄▄▀▀ ▀▄▀▄▄▀▄▀ ▀█▀▄▄▀ ▄█▀▀█▄█▄▄   ██▀▀  ▀▄█ ▀ ▄▀▀▀ ███
██▄ ▀█▄▄▀▀ ▄█▀▀█▄▄▄   █▄█▄▄▄ ▄▀  █▄ █▄▀█▄▀█▄   ▀█▀▀ ▀▀ ▀▄██
█▄▀ ▀ █▄▄█ █ █ █▀▄▄▄ ▄█▀▀ ▄▄▀  ▀▄█▀▄▄ ▀▄▀▀  █▀██ ▀▄▄▀▀ ▀▀▄█
█▀   ▀█▄▀█ ▄▄█▀█▄▄█▄▀█▀██▄ █▀ █▀▄▀█▄██▀▄ █▀ ▄█▄ ▄ ▄  █ ▀▄██
█  █▀█ ▄█▀▄██▄▀█▄▀ ▄▄█▀▀▀▄▀▀▀▀  ▄▀██▀  ████ ▄▀▄█▄▀▀█▀▀▄▀ ▀█
█▀█▀ █ ▄█▄ ▄██▀ ▄  ▄▄█  ▀█▀ █▀▀▄█▄█ █▀█▀▄  █▀ ▄▄ █▀▄▀▄▀▀▀▀█
█  ▀▀ ▀▄ ▀ █ ▄▄▀▄▄▄▄█▄▄▀ ▀▀█▀▀█ ▄  █ ▄▀▄██▀ ▄▀▄▄▀▀▀████▀▄ █
█▄ ▀█ ▄▄▄ ▀  █▄▀█▄▄█ ▀▄█▀▀▀ ▄▄▄   █ ██▀ ▄▀▄▄██▀▄▄ ▄▄▄ █  ▀█
█  ▀█ █▄█ ▀ ▄██▄▄█▄▀█▄▄█ ▀█ █▄█ ▀█▀▄  ▀█▀▀█ ▄█▀▄█ █▄█ ▄▀▀ █
█▀█ ▄▄▄▄▄▄▀ ▄ ▄▄▀ ▄▄▄█ ▀  ▄  ▄ ▄ ▀█ ▀▄▄█▄█ █▀ █  ▄  ▄▄ ▀ ▀█
███ █  ▄▄███  ▄▄▀▄▄ ▀█▀▀  █ ▄█▀ ▄▀▀█ ▄▄█▀█▀ ▀█▄▄▀▀▄▀█▄   ▄█
█ ▀▄ █▄▄█ ▀▀▀  ▀ █▀▄▄██ ▀█▀▄▄ ▀  █  ▄   █ █▄ ▀ █ ▀▄▀█ ▀▀ ██
███ ▄█▀▄▀ █ ▄▄ ▀▀█  ▀▀██▄ ▄▀▀█▀▀ ▀▄▄ ▄ ▄▀█▀ ▄▀▀▄▀▀▄█▄█▀ █ █
█▄█▄ ▄▀▄▄▄▀▄ █▄▀▀█▀█▀  ▄▄ █ ▀█ ▄ ▄▀█▄ █▀ ▄▄█ █▀▄▀▄ █▄ ▀▀▄▄█
██▄▀ ▄█▄█▄▀█ ▄ ██▄▄ ▄▄▀▀ ▀█▀▀▄█▄▀█▀█▄ ▀█▀▀▄  ██▄█ ▀▀▄█▄▀█▀█
█▀▄▀▀█▄▄▀▀▄ ▄▄█▀▄█▀  ▄▀ █▀█▀▀▄ ▄▀▀▄█▀▀█ ▄▀▄▀▄▀▀▄ ▄█▀ █  ███
█▀▀▄█ ▀▄ █▀▀█▀ ▄ ▄▀ ▀█▀▄  █ ▄▄ ▄ █▄█▄▄ ██▀▄▀▄▀▄▄█▀▄███▄▀▄▀█
█ ▀ ▀▀▄▄▄▄▀▄█▄▄ ▀█ █ ▄▀ ▄▄▄ █▄▄ ▀▀▄ ██▀█▀▀▄█▄▄▀▀ ▄ ▀█▄▄▀▀▀█
███████▄█ ▀██▄▀▄█▄▄▄ ▄▀█▀ ▀ ▄▄▄ █▀▄█▄▄▀█▀█  ▄█ ▄▀ ▄▄▄  ████
█ ▄▄▄▄▄ █▄ █ ▀▀▄██▀ █▄▀█▀▀█ █▄█ ▄▀ ▀▀█▄ ▄   ▀ █▄▄ █▄█ █▀▄██
█ █   █ █ ███▀▄▄▄▀ ▄▄███▀▄   ▄ ▄▀▀▄█ ▄▀▄███ ▀███ ▄    ▄▀███
█ █▄▄▄█ █ ▄▀▄   ▄ █▄▄█▀▄▀█▀▀██▀████  ▄ ▄▀▀ ▀██ ██▄ █▀█  ███
█▄▄▄▄▄▄▄█▄▄▄▄███▄▄▄▄▄▄██▄█▄█▄██▄▄▄▄▄▄▄▄████▄▄██████▄▄▄██▄██

▄▄▄▄▄▄▄▄▄▄▄▄▄▄▄▄▄▄▄▄▄▄▄▄▄▄▄▄▄▄▄▄▄▄▄▄▄▄▄▄▄▄▄▄▄▄▄▄▄▄▄▄▄▄▄▄▄▄▄
█ ▄▄▄▄▄ █▀▀▀▄▀ ██▀▄▄▄█  ▄▄ ██▀ ▄ ██▀▀█ █ ▄▀▄ █▄▄ ██ ▄▄▄▄▄ █
█ █   █ █▀ ▄▀  ▄██ ▀█▄▄█  ▀█▄█   █▀▀ ▀▄ ▄▄█▀▀█ ▄ ██ █   █ █
█ █▄▄▄█ █▀▄██ █▀▄██▀▄ ▄█▀ █ ▄▄▄ ▄▀▄▀██ ▀▀▀▀▄▄█▀▀▄██ █▄▄▄█ █
█▄▄▄▄▄▄▄█▄▀ ▀▄▀ ▀▄█ ▀ ▀▄█ █ █▄█ ▀▄█ ▀▄▀▄▀ ▀ ▀ █▄▀▄█▄▄▄▄▄▄▄█
█ ▄   █▄ ▄█▄█▀ ▀ ▄▀▄▄▄▀▀▀▀▄▄▄▄  ▀█▀█▀  ▄▀█▀▀▄█▄▄   █▄█▄▀ ▀█
█▀    ▀▄ ▀█ ██▄ ▄ ▀ ▀▀▀ ▀▀▀▄▄▀▀▄▀█ ▄  █  ▄█▀▄▀▀▀▀ ▄▄  ▀▀ ▀█
█▄█▀ ▀▄▄▄▄█▀▄▀▄▄▀▄▀ ▀█▀▄▄▀▀▄ ▀▀█▄█ ▄  ▀██▀█▀ ▀██ ▀ ▄▀██ ███
███▀██▄▄▀▀ ▄█▀▀█▄▄█▄    █▄▄▄ █▀  █▀▄█▄▀▄ █▄▀▄ ▀▄██▀   ▄▀▄██
█▄ █▀ █▄▄█ █ █ █▀▄   ██▀ ▀▄▄▀ ▀ ▄█▀▄   ▄██ ▀ █▀█ ▀▄▄▀▀ ▀▀ █
█▄▄█ ██▄▀█ ▄▄█▀█▀ █▄ █▀██▄ █▀ █▀▄██▄  ▀█▄  ▀▀▄█ ▄    █ ▀▄▀█
█▄▄█▀█▄▄█▀▄███▀█▄▀ ▄▄█▀▀▀▄▀▀▀▀  ▄▀██ ▄ ████ ▄█▄█▄▀▀█▀▀▄▀▀▀█
█▀█▀  █▄█ ███ ▄█▄  ▄▄█  ▀█▀ █▀▀▄▄██ █ █▀▄▀ █▀ ▄▄ █ ▄▀ ▀▀▀▀█
█  ▀▀ ▄▄   ▀ ██▄▄▄▄▄█▄▄▀ ▀▀▀▀▀█ ▄  █ ▄▀▄██▀ ▄▀▄▄   ████▀▄ █
█▄ ▀█ ▄▄▄ ▀▀█▀█ █▄▄█ ▀▄█▀▀▄ ▄▄▄   ▀ ███▄▄▀  ███▄  ▄▄▄ █  ▀█
█  ▀█ █▄█  █▄█▀▄▄█▄▀█▄▄█ ▀▀ █▄█ ▀█ █   █▀▀▄ ▄██▄█ █▄█ ▄▀▀ █
█▄▀▄▄▄ ▄ ▄▀ ▄ ▄▄▀ ▄ ▄█ █  █  ▄ ▄ ▀█ ▀ ▀▄▄▀ ▀█ ▄▄█▄ ▄▄▄ ▀ ▀█
█ ▄█   ▄▀ ██  ▄▄▄██▄▄▄▄▀▀ █ █▄▀ ▄▀▀█▄  █▄▀ ▀ ▀▄███▄▀▀▄▀▀▄▄█
█ █▄▄█▄▄▄ ▀▀▀  ▀ ▀▀▄▄▀█   ▀▄ █▀  ▀   ▄▀▀▄▀██ ▀▀▄▀▀▄▀  ▀▀ ██
█ ▄ ▄█▀▄▀ █ ▀  ▀▀█  ▀▀██▄ ▄▀▀█  ▄▀▄▄█  ▄▀█▀  █▀▄▀▀▄█▄█▀ █ █
█▄█▄ ▄▀▄▄▄▀ ▄▄██▀█▀█▀  ▄▄ █ ▀█▄▄ █▀██ █▀▀▄▄█ █▀▄▀▄ █▄ ▀▀▄▄█
██▄▀   ▄█▄███ ▀▀█▄▄ ▄▄▀▀ ▀█▀▀▄█▄▀█▀█▄ ▀█▀▀▄  ██▄█ █ ▄█ ▀█▀█
█▀▄▀▀▀▄▄▀▀▀███▄▄▄█▀  ▄▀ █▀█▀▀▄ ▄▀▀ █▀▀█▄▄▀▄█▄▀▀▄▄█▀▀ █  ███
█▀▀▀▄▀█▄▄▀▄▀█▀█  ▄▀ ▀█▀▄  █ ▄▄ ▄ ██▄▄▄ ██▀█ ▄▀▀█▀▄██▀▄██▄▀█
█ ▀ ▀▀▄▄█ ▀▄█▄▄ ▀█▀█ ▄ ▀▄▄▄▀█▄▄ ▀▀█ ██▄▄██▄█▄▄█▄█▄▀▀▀█ ▀▀▀█
███████▄▄ ▀██▄▀▄▄█▄▄ ▄▀█▄▀▀ ▄▄▄ █▀▄█▄  ███▀▀▄██▄▀ ▄▄▄ ▀▄▀██
█ ▄▄▄▄▄ █▄ █ ▀▀▄▄▄▀ █▀▀█▄▄█ █▄█  ▀ ▀▀██ ▀▄▀▀▀▄██▀ █▄█ █▀▄██
█ █   █ █ ██▄▄▄▄▄▀ ▄▄███▀▄  ▄  ▄▀▀▄██▄▀▄▀██  ▀██▀▄   ▄▄▀▄██
█ █▄▄▄█ █ ▄▀▄▀▀█▄ █▄▄█▀▄▀█▀▀▄█▀████  ▄ ▄▀▀ ▀██ ██▄ ██▀  ███
█▄▄▄▄▄▄▄█▄▄██▄▄▄▄▄▄▄▄▄██▄█▄████▄▄▄▄▄▄▄▄████▄▄██████▄█▄██▄██

▄▄▄▄▄▄▄▄▄▄▄▄▄▄▄▄▄▄▄▄▄▄▄▄▄▄▄▄▄▄▄▄▄▄▄▄▄▄▄▄▄▄▄▄▄▄▄▄▄▄▄▄▄▄▄▄▄▄▄
█ ▄▄▄▄▄ █▀▀▀▄▀▀▄▀█▄▄▄█▀▀▄  ██▀ ▄ ███ ▄▄▀ ▄▄  █▄▄ ██ ▄▄▄▄▄ █
█ █   █ █▀ ▄▀  ▄██ ▀█▄▄█  ▀█▄█  ▀▄▀▀ ▀▄ ▀▄█▀ █ ▄ ██ █   █ █
█ █▄▄▄█ █▀▄▀ ▀█▀▄██▀▄ ▄█▀ █ ▄▄▄ █ ▄▀█▄ ▀█▄▀▄█▀▀▀▄██ █▄▄▄█ █
█▄▄▄▄▄▄▄█▄▀ █ ▀ ▀▄█ ▀ ▀▄█ █ █▄█ ▀▄█ ▀▄▀▄▀ ▀ ▀ █▄▀▄█▄▄▄▄▄▄▄█
█ ▄   █▄ ▄█▄   ▀ ▄▀▄▄▄▀▀▀▀▄ ▄▄  ▀█▀█▀  ▄▀█▀▀▄█▄▄▀▀ █▄▀▄▀ ▀█
█▀     ▄▄█▄▀▀▄▄ ▄ ▀ ▀▀▀ ▀▀ █▄█▀▄▀█    █▄ ▄▀▀▄▀██▀ █▄ █▀▀ ▀█
█▄█▀█▀▄▄ ▀ ▀▄▀▄▄▀▄▀ ▀█▀▄▄▀▀█▀█▀█▄█ █  ▄▄█▀ ▀ ▀█▄▀▀ ▄▀█▀ ███
██   █▄▄▀▀ ▄█▀▀█▄▄▀▀    █▄▄▄ ▄▀▄ ██▄█ ▀  ▀█▄ ▄▄▄ ▀▀   ▀ ▄██
█▄█ ▀ █▄▄█ █ █ █▄▄ ▄▀▄▀▀▄▀▄▄▀ ▀ ▄█▀█▄▄ ▄▀▀  ▄▀▀▄ ▀▄▄▀▀  █ █
█▀  ▀██▄▀█ ▄▄█▀████▄▀▄▀█▄▀ █▀ █ ▄▀█▄ ▄▀██▀▀  ▀█ ▄ ▄  █ ▀▄▀█
█▀▄█▀ ▄▄█▀▄█▀ ▀█▄▀ ▄▄█▀▀▀▄▀▀▀▀   ███▄  █ ▀█ ▀▀▄█▄▀▀█▀▀▄▀▀▀█
█▀█▀ █ ▄▀▄▄  ▀▀▀▄  ▄▄█  ▀█▀ █▀▀▄███ █▀█▀█▀ █▀▀▄▄ █▄ █▄▀▀▀▀█
█  ▀▀█ ▄▀ ▄▀ ▀█▄▄▄▄▄█▄▄▀ ▀▀▀▀▀█ ▄  █ ▄▀▄██▀ ▄▀▄▄ ▀ ▄███▀▄ █
█▄ ▀█ ▄▄▄ ▀█▀▄▄██▄▄█ ▀▄█▀▀▀ ▄▄▄   █▄███ ▄▀▄▄██▀   ▄▄▄ ▀  ▀█
█  █  █▄█ ▄ ▄█▄▀▄█▄▀█▄▄█ ▀█ █▄█ ▀█▀▄  ▄▄▀▀▀▀▄█▄▄▀ █▄█ ▄▀▀ █
█▄█ ▀▄▄▄  ▀ ▄ ▄▄▀ ▀ ▄█ ▄  ▄  ▄ ▄ ▀█ █▄▄ ▄▀▄▀█  ▄▄▄▄  ▄▄  ▀█
█  ▄   ▄▀▄██  ▄▄▄█▀▄ ▄▀▀▄▀█ ▄█▀ ▄▀▀█  ▀▄▄█   █ ███▄▀██ ▀  █
█▄▀ ▄█▄▄▀▀▀▀▀  ▀  ▀▄▄▄█ ▄ ▀▄██▀  █  ▀█▀▀█ █▄▀▀▀▄▀▀▄▀█▄▀▀ ▀█
█▀█ ▄█▀▄▀ █ ▄█ ▀▀█  ▀▀██▄ ▄▀▀█▀▄▄█▄▄▄  ▄ ▀▀ █▀▀▄▀▀▄█▄█▀ █▀█
█▄█▄ ▄▀▄▄▄   ▀▄█▀█▀█▀  ▄▄ █ ▀█▄ ▀█▀██ █▀▀█▄█ █▀▄▀▄ █▄ ▀▀▄▄█
██▄▀  ▀▄█▄██▀ ▀ █▄▄ ▄▄▀▀ ▀█▀▀▄█▄▀█▀█▄ ▀█▀▀▄  ██▄█ ▄█▄█▄▀█▀█
█▀▄▀▀ ▀▄▀▀▀▀█▄█▀▄█▀  ▄▀ █▀█▀▀▄ ▄▀▀▄█▀▀▀▄▄▀▄▀▄▀▀  ▄ █ ██ ███
█▀▀▄█ ▄▄▄ ▀ █▀▄  ▄▀ ▀█▀▄  ██▄▄ ▄ █▄█▄▄ ▄█▀█▀▄▀███▄ ▄▄█▄▀▄▀█
█ ▀ ▀▀▄▄▀▄▀▄█▄▄ ▀█   ▄▀▄▄▄▄ █▄▄ ▀▀▄▀▀█▄ ▀▀ ▀▄▄ █▀▀ ▀▀▀▀ ▀▀█
███████▄█ ▀██▄▀▄▄▄▄  █▀▀▀ ▀ ▄▄▄ █▀▄█▄▄▀█▀▀▀ ▄▀█▄█ ▄▄▄ ▀█▀▀█
█ ▄▄▄▄▄ █▄ █ ▀▀▄▄▄▀ ▄▄▀████ █▄█  ▀ ▀  ▄ █▀▀ █▄▄▄█ █▄█ █▀███
█ █   █ █ ██▄█▄▄▄▀ ▄▄███▀▄  ▄▄ ▄ ▀▄█▄▄▀▄█▀█  ███ ▄  ▄ ▄▀█▄█
█ █▄▄▄█ █ █▄▀▀█▀▄ █▄▄█▀▄▀█▀▀▀█▀█▄██ ▀▄ ▄▀▀ ▀▄▄ ██▄ ██▀  ███
█▄▄▄▄▄▄▄█▄▄██▄█▄▄▄▄▄▄▄██▄█▄██▄█▄▄▄▄▄▄▄▄████▄▄██████▄████▄██

▄▄▄▄▄▄▄▄▄▄▄▄▄▄▄▄▄▄▄▄▄▄▄▄▄▄▄▄▄▄▄▄▄▄▄▄▄▄▄▄▄▄▄▄▄▄▄▄▄▄▄▄▄▄▄▄▄▄▄
█ ▄▄▄▄▄ █▀▀▀▄▀▀█▀▀█▄ █▀ ▀  ██▀ ▄ █▀█▄▄▄▀▄▄  ▄▀▄▄ ██ ▄▄▄▄▄ █
█ █   █ █▀ ▄█  ▄▄▄ ▀▄█▄█▀ ▀█▄█  ▀▄▀▀▄▀▄ ███▀▄▄ ▄ ██ █   █ █
█ █▄▄▄█ █▀ ▀▀▄█▀▄██▀▄ ▄█▀ █ ▄▄▄ ▄▀▄▀█  ▀▄▄▀▄█▄▀▀▄██ █▄▄▄█ █
█▄▄▄▄▄▄▄█▄█ ▀▄▀ ▀▄█ ▀ ▀▄█ █ █▄█ ▀▄█ ▀▄▀▄▀ ▀ ▀ █▄▀▄█▄▄▄▄▄▄▄█
█ ▄  ▄▀▄▄ ▄██  ▀ ▄▀▄▄▄▀▀▀▀▄▄▄▄  ▀█▀█▀  ▄▀█▀▀▄█▄▄ ▀ █▄▀▄▀ ▀█
█▀     ▄▄▄▄▀██▄ ▄ ▀ ▀▀▀ ▀▀▄▄ █▀▄▀█▄▄  █▄ ▄██▄▀█▀█████ ▀▀ ▀█
█▄█▀▄▀▄▄▄▄ ▄▄▀▄▄▀▄▀ ▀█▀▄▄▀ ▄▀█▀█▄█▄█  █▄█▀   ▀██▀▀ ▄▀▀▀ ███
█▀█▄▄█▄▄▀▀ ▄█▀▀█▄▄▀▄   ▄█▄▄▄▀██▄ █▀██▄ ▄▄▀█▀  ▀█▄▄▀ ▀ ▀ ▄██
█ ▀█  █▄▄█ █ █ █▄▄   ▄█▀▀▀▄▄▀  ▀▄█▀█  ▀█ ▀▀ ██▄█ ▀▄▄▀▀▀ █ █
█  ▀ ▀█▄▀█ ▄▄█▀██ █▄▄▄▀█▄▄ █▀ ▄▀▄██▄ ▀▀██▀ ▀█▄▄▀▄ ▄  █ ▀▄██
██▄█▀█ ▄█▀▄█▀▄▀█▄▀ ▄▄█▀▀▀▄▀▀▀▀  ▄███▄  █▄██  █▄█▄▀▀█▀▀▄▀ ▀█
█▀█▀ ▀▄▄▀▄▄██▀▀▀▄  ▄▄█  ▀█▀ █▀▀▄███ ▄ █▀▄▀ █▀▀▄▄ █▀█▀ ▀▀▀▀█
█  ▀▀▄▀▄▄▀▀ ▄█ ▀▄▄▄▄█▄▄▀ ▀██▀▀█ ▄  █ ▄▀▄██▀ ▄▀▄▄▀  █ ██▀▄ █
█▄ ▀█ ▄▄▄ ▀▀█ ▄ █▄▄█ ▀▄█▀▀▄ ▄▄▄   ▀ ███ ▄▀▄▄███▄  ▄▄▄ ▀  ▀█
█  ▀▄ █▄█ ▄▄▄█▄▀▄█▄▀█▄▄█ ▀▀ █▄█ ▀█▄█  ▀█▀▀▀ ▄██▄█ █▄█ ▀▄▀ █
█ ▄▀█▄ ▄▄▄▀ ▄ ▄▄▀ ██▄██▀  ▄  ▄ ▄ ▀█ █▄ ▄▄█▀▀█  █▀▄ ▄▄▄▀▀ ▀█
█▄█▄█  ▄  ██  ▄▄▄▄   ▄██  █ ▄█▀ ▄▀▀█   ▄▀█▄  █████▄▀▄▄▀  ▄█
█▀█▄██▄▄█▀▀▀▀  ▀ ▄▀▄ ▀█ ▀▀▀▄█▄▀  ▀  ▀▄  ██▄██▄▀█▀▀▄▀██▀▀▄██
██▀ ▄█▀▄▀ █  ▀ ▀▀█  ▀▀██▄ ▄▀▀███▀▀▄▄█▄ ▄▀█▀ ▄█▀▄▀▀▄█▄█▀ █ █
█▄█▄ ▄▀▄▄▄▀▄▀▀▀▄▀█▀█▀  ▄▄ █ ▀█   █▀██ █▀▀█▄█▀▄▀▄▀▄ █▄ ▀▀▄▄█
██▄▀ ▀█▄█▄▀▄ ▄  █▄▄ ▄▄▀▀ ▀█▀▀▄█▄▀█▀█▄ ▀█▀▀▄  ██▄█ ▄█▄█▄▀█▀█
█▀▄▀▀▄▄▄▀▀ ▀██▄█▄█▀  ▄▀ █▀▀▀▀▄ ▄▀▀▄█▀▀▀▄▄▀ ▀▄▀▀▄▄█ ▀ █▄ ███
█▀▀ ▀▀ ▄▀▄▄██▀█▄ ▄▀ ▀█▀▄  █▀▄▄ ▄ ██▄▄▄▄██▀▀ ▄▀█▄█▀███▄▄▀▄▀█
█ ▀ ▀▀▄▄▄▄▀▄█▄▄ ▀█▀▀ ▄▄█▄▄▄ █▄▄ ▀▀▄▀▀▀▀▄█▀▄▀  ▄▄█▄▀▀  ▀▀▀▀█
███████▄▄▀▀██▄▀▄▄█  ▀█▄▀ ▀▀ ▄▄▄ █▀▄█   █▀█▀▀█▀ ██ ▄▄▄  ▄▀▀█
█ ▄▄▄▄▄ █▄ █ ▀▀▄▀█▀ ▄▄▀████ █▄█  ▀ ▀▀▄▄ ▀ ▀  ██▄█ █▄█ █▀▀██
█ █   █ █ ██▄█▄▄▄▀ ▄▄███▀▄  ▄  ▄█▀▄█▀▄▀▄█▀█  ███ ▄  ▄ ▄▀▄▄█
█ █▄▄▄█ █ █▄▄  █▄ █▄▄█▀▄▀█▀▀▄█▀█▄▄█  █ ▄▀▀ ▀▄▄ ██▄ █▄▀  ███
█▄▄▄▄▄▄▄█▄▄██▄▄▄▄▄▄▄▄▄██▄█▄█▄▄█▄▄▄▄▄▄▄▄████▄▄██████▄████▄██

▄▄▄▄▄▄▄▄▄▄▄▄▄▄▄▄▄▄▄▄▄▄▄▄▄▄▄▄▄▄▄▄▄▄▄▄▄▄▄▄▄▄▄▄▄▄▄▄▄▄▄▄▄▄▄▄▄▄▄
█ ▄▄▄▄▄ █▀▀▀▄▀▀██▀▄██▀▀▀   ██▀ ▄ ██▀█▀ ▀ ▄  ▄▄▄▄ ██ ▄▄▄▄▄ █
█ █   █ █▀ ▄█  ▄▄▄ ▀▄█▄█▀ ▀█▄█   █▀▀▄▀▄ ███▀ ▄ ▄ ██ █   █ █
█ █▄▄▄█ █▀▄▀▀▀█▀▄██▀▄ ▄█▀ █ ▄▄▄ █ ▄▀ █ ▀ ▀▀▄▀█▀▀▄██ █▄▄▄█ █
█▄▄▄▄▄▄▄█▄█▄█ ▀ ▀▄█ ▀ ▀▄█ █ █▄█ ▀▄█ ▀▄▀▄▀ ▀ ▀ █▄▀▄█▄▄▄▄▄▄▄█
█ ▄   █▄   █   ▀ ▄▀▄▄▄▀▀▀▀ ▄▄▄  ▀█▀█▀  ▄▀█▀▀▄█▄▄   █ █▄▀ ▀█
█▀   ▀ ▄ ▀    ▄ ▄ ▀ ▀▀▀ ▀▀▀▄▄▀▀▄▀█ ▄  ▀▄ ▄▀▀▄▀██ ██▄▀▀▀▀ ▀█
█▄█▄ ▀▄▄█ ▄█▄▀▄▄▀▄▀ ▀█▀▄▄▀▀█ █▀█▄█▄▄  █▄█▀▀▀ ▀█▄   ▄ ▀█ ███
█▄▀█ █▄▄▀▀ ▄█▀▀█▄▄▄▄  ▄▀█▄▄▄ ▄█  █▄█▀▄▄  █▀▀ ▄▀█▀ ▀  ▀▀ ▄██
██▀█▄ █▄▄█ █ █ █▄█▄▄▀██▀  ▄▄▀   ▄█▀▄▀▄▀▄▀█▀▀▄▀▄█ ▀▄▄▀▀ ▀▀▄█
█ ▄▀█▀█▄▀█ ▄▄█▀████▄▄▄▀█ ▀ █▀ █ ▄▀█▄█▄▀▄██▀ ▄▄▄ ▄ ▄  █ ▀▄▀█
█▀██▀ █▄█▀▄█ ▄▀█▄▀ ▄▄█▀▀▀▄▀▀▀▀  ▄███▄▄ █▀▀█  █▄█▄▀ ▄▀▀▄▀ ▀█
█▀█▀ ▄ ▄█  █ ▀▄█▄  ▄▄█  ▀█▀ █▀▀▄█▄█ █▀█▀█▀ █  ▄▄ █▀█▀ ▀▀▀▀█
█  ▀▀▀ ▄█▄  ████▄▄▄▄█▄▄▀ ▀██▀▀█ ▄  █ ▄▀▄██▀ ▄▀▄▄█▀ █▀██▀▄ █
█▄ ▀█ ▄▄▄  █▄ ███▄▄█ ▀▄█▀▀▀ ▄▄▄   ▀▄███▄▄▀ ▄███▄▄ ▄▄▄ ▀  ▀█
█  ▄▀ █▄█  █▄█▀ ▄█▄▀█▄▄█ ▀▀ █▄█ ▀█▄▄  ██▀▀  ▄█▄█▀ █▄█ ▄▀▀ █
█▀▄▀█▄▄▄▄ ▀ ▄ ▄▄▀ ▄▀▄███  ▄▄ ▄ ▄ ▀▄ ▀ ▄ ▄█▀▀█  ▀ ▄▄   ▀  ▀█
█ ▀██  ▄ ▄██  ▄▄██ ▄▄▄█▀▀ █ ██▀ ▄▀▀█▄ ▀██▀█▀▄▀▄▄▀ ▄▀▄▄▀▀ ▄█
████▄█▄▄▄▀▀▀▀  ▀ ▀▀▄ ▄█ █▄▀▄█▄▀ ▄█  ▀▀ ▀▄▄▄███▀█▀▀▄▀  ▀▀▄██
█▀█ ▄█▀▄▀ █ ▄█ ▀▀█  ▀▀██▄ ▄▀▀█▀  █▄▄▄  ▄▀▀▀ ▄▀▀▄▀▀▄█▄█▀ █ █
█▄█▄ ▄▀▄▄▄▄█▀▀▄ ▀█▀█▀  ▄▄ █ ▀█▄ ▀█▀█▄ █▀ █▄█ █▀▄▀▄ █▄ ▀▀▄▄█
██▄▀  ▄▄█▄     ▄█▄▄ ▄▄▀▀ ▀█▀▀▄█▄▀█▀█▄ ▀█▀▀▄  ██▄█ ▄▀▄█▄██▀█
█▀▄▀▀██▄▀▀  █▄█▀▄█▀  ▄▀ █▀▀▀▀▄ ▄▀▀ █▀▀█▄▄▀▄▀▄▀▀ ▄█▀▀ █▀ ███
█▀▀▀  ▀▄▄▄▄▀█▀ █ ▄▀ ▀█▀▄  ▄▄▄▄ ▄ ██▄▄▄▀▄█▀ ▀▄▀██▀█▄▀▀▄█▄▄▀█
█ ▀ ▀▀▄▄▄ ▀▄█▄▄ ▀██▄ ▄█▀▄▄█ █▄▄ ▀▀█ ▀█ █▀▀▄█▄  ▀▀▀ █▀▄  ▀▀█
███████▄▄ ▀██▄▀▄██  ▀▄██  ▀ ▄▄▄ █▀▄█▀ ▀█ █▀ ▄█▄▄█ ▄▄▄  ▄▀██
█ ▄▄▄▄▄ █▄ █ ▀▀▄ ▀▀ ▀▄▀██▄█ █▄█ ▄▀ ▀███▀▄ ▀▀▀▀█▄█ █▄█ █▀▄██
█ █   █ █ ██▀▀▄▄▄▀ ▄▄███▀▄     ▄▄▀▄█ ▄▀▄▄▀█ █▀██▀▄  ▄▄▄▀▄▄█
█ █▄▄▄█ █  ██ ▄█▄ █▄▄█▀▄▀█▀▀██▀█▄██ ▀▄ ▄ ▀ ▀██ ██▄ █▀█  ███
█▄▄▄▄▄▄▄█▄█▄▄██▄▄▄▄▄▄▄██▄█▄█▄▄█▄▄▄▄▄▄▄▄████▄▄██████▄█▄██▄██

▄▄▄▄▄▄▄▄▄▄▄▄▄▄▄▄▄▄▄▄▄▄▄▄▄▄▄▄▄▄▄▄▄▄▄▄▄▄▄▄▄▄▄▄▄▄▄▄▄▄▄▄▄▄▄▄▄▄▄
█ ▄▄▄▄▄ █▀▀▀▄▀▀██▀█▄ █ ▀ ▄ ██▀ ▄ █▀█  ▀▀███▄▄ ▄▄ ██ ▄▄▄▄▄ █
█ █   █ █▀ ▄▀  ▄█▄ ▀▄█▄█▀ ▀█▄█   ▄▀▀▀ ▄ ▄▄█▀ ▄ ▄ ██ █   █ █
█ █▄▄▄█ █▀▄█ ▀█▀▄██▀▄ ▄█▀ █ ▄▄▄ ▄▄▄▀   ▀█▄▀▄▀█▀▀▄██ █▄▄▄█ █
█▄▄▄▄▄▄▄█▄█▄█ ▀ ▀▄█ ▀ ▀▄█ █ █▄█ ▀▄█ ▀▄▀▄▀ ▀ ▀ █▄▀▄█▄▄▄▄▄▄▄█
█ ▄   █▄ ▄▀▀▀  ▀ ▄▀▄▄▄▀▀▀▀▄▄▄▄  ▀█▀█▀  ▄▀█▀▀▄█▄▄▄▀ █ █▄▀ ▀█
█▀     ▄▄▀▄▀▀▀▄ ▄ ▀ ▀▀▀ ▀▀█▄ █▀▄▀█    ▀▄ ▄██▄▀▀▀  ▄█▀█▀▀ ▀█
█▄██ ▀▄▄▄█▀▄▄▀▄▄▀▄▀ ▀█▀▄▄▀ ▄▀█▀█▄██▄  █▄█▀   ▀▄▄   ▄▀▀█ ███
█▀█▄▄█▄▄▀  ▄█▀▀█▄▄▀▄  ▄ █▄▄▄▀██▄ █▀ █ ▄▄▄██▄▄ ▀  ▀▀     ▄██
██▀█  █▄▄█ █ █ █▄█▄▄ ▄▀▀ ▀▄▄▀ ▀ ▄█▀█ ▄ █▀▀ ▀▄███ ▀▄▄▀▀▀ ▀ █
██▄▄▄▀▀▄▀█ ▄▄█▀█▀▄█▄█▄▀██▀ █▀ ▄▀ ▀█▄▀▄▀██▀▀  ▀█ ▄    █ ▀▀██
█ ██▀▄█▄█▀▄██▀▀█▄▀ ▄▄█▀▀▀▄▀▀▀▀  ▄▀███▄ █▄▀█  ▀▄█▄▀▀▄▀▀▄▀ ▀█
█▀█▀   ▄█ ▀▄▄▀ ▀▄  ▄▄█  ▀█▀ █▀▀▄█▄█ ▄ █▀▄▀ █ ▀▄▄ █ █▀ ▀▀▀▀█
█  ▀▀▀█▄▀█▀▄▄ ▄▀▄▄▄▄█▄▄▀ ▀██▀▀█ ▄  █ ▄▀▄██▀ ▄▀▄▄  ▀█▀▀█▀▄ █
█▄ ▀█ ▄▄▄  ▀ ▀ ▄█▄▄█ ▀▄█▀▀  ▄▄▄   ▀▄███▄▄▀▄ ██▀▄▀ ▄▄▄ ▀  ▀█
█   ▀ █▄█ ▄▄▄█▀ ▄█▄▀█▄▄█ ▀▀ █▄█ ▀██▄  ▀▄▀▀ ▀▄█▄██ █▄█  █▀ █
█▄  ▄▄ ▄  ▀ ▄ ▄▄▀   ▄█▄   ▄  ▄ ▄ ▀▄▀▀  ▀▄███▀ ▀▄ ▄▄  ▄ ▀ ▀█
█▄ █▄  ▄  ██  ▄▄▄▄▄  ▄██▀▀█ ██▀ ▄▀▀█▄▄███▀ ▀██████▄▀██ ▀ ▄█
█▀▄▄ █▄▄  ▀▀▀  ▀ ▀▀▄███   ▀▄▄ ▀  ▀   ▀▀ ▀ █▄▄ ▀▄▀▀▄▀▄▄▀▀▄▀█
█ ▄ ▄█▀▄▀ █ ▄▀ ▀▀█  ▀▀██▄ ▄▀▀█▀▄ █▄▄ ▄ ▄█▀▀ ▄█▀▄▀▀▄█▄█▀ █ █
█▄█▄ ▄▀▄▄▄  █▀  ▀█▀█▀  ▄▄ █ ▀█  ▀█▀██▀█▀ █▄█ █▀▄▀▄ █▄ ▀▀▄▄█
██▄▀ ▄ ▄█▄▄▄█▀███▄▄ ▄▄▀▀ ▀█▀▀▄█▄▀█▀█▄ ▀█▀▀▄  ██▄█ █▀▄█ ▀█▀█
█▀▄▀▀▀█▄▀▀▄█▀▀▄ ▄█▀  ▄▀ █▀█▀▀▄ ▄▀▀▄█▀▀█▄▄▀▄█▄▀█▄ ▄▀▀ █ ▀███
█▀▀▀▄█ ▄  █▄█▀▄▀ ▄▀ ▀█▀▄  █▀▄▄ ▄ █▄▄▄▄▀▄█▀  ▄▀▄██▀ ▄▀▄  ▄▀█
█ ▀ ▀▀▄▄ ▄▀▄█▄▄ ▀█   ▄▄█▄▄▄ █▄▄ ▀▀▄▀███▀▀█ █▄  ▀██ █ ▄▀ ▀▀█
███████▄▄ ▀██▄▀▄▄▄▄  ▄▀▀▀▀▀ ▄▄▄ █▀▄█   ▄█▀▀▀▄█▄▄▀ ▄▄▄  ██▀█
█ ▄▄▄▄▄ █▄ █ ▀▀▄█ ▀  █▀█▀▀█ █▄█  ▀ ▀▄ █▀▄▀   ▀▄█  █▄█ █▀▄▀█
█ █   █ █ ██▄ ▄▄▄▀ ▄▄███▀▄     ▄▀▀▄█▄▄▀▄█▀█ ▀▀██▀▄  ▄▄▄▀▄▄█
█ █▄▄▄█ █ ▄▄▀ ██▄ █▄▄█▀▄▀█▀▀██▀████ ▀▄ ▄▀▀ ▀▄█ ██▄ █▀█  ███
█▄▄▄▄▄▄▄█▄█▄██▄▄▄▄▄▄▄▄██▄█▄█▄▄█▄▄▄▄▄▄▄▄████▄▄██████▄▄▄██▄██

▄▄▄▄▄▄▄▄▄▄▄▄▄▄▄▄▄▄▄▄▄▄▄▄▄▄▄▄▄▄▄▄▄▄▄▄▄▄▄▄▄▄▄▄▄▄▄▄▄▄▄▄▄▄▄▄▄▄▄
█ ▄▄▄▄▄ █▀▀▀▄▀▀█▀██▄▄█▀▀ ▄ ██▀ ▄ █▀▀▀▀▄▀▀   ▀▄▄▄ ██ ▄▄▄▄▄ █
█ █   █ █▀ ▄█  ▄██ ▀▄▄▄█▀ ▀█▄█  ▀▄▀▀  ▄ ▀▄█▀ ▄ ▄ ██ █   █ █
█ █▄▄▄█ █▀ █▄██▀▄██▀▄ ▄█▀ █ ▄▄▄  ▀▄▀▀▀ ▀ ▄▀▄ █▀▀▄██ █▄▄▄█ █
█▄▄▄▄▄▄▄█▄█ █▄▀ ▀▄█ ▀ ▀▄█ █ █▄█ ▀▄█ ▀▄▀▄▀ ▀ ▀ █▄▀▄█▄▄▄▄▄▄▄█
█ ▄  ▄█▄ ▄ ▄▄█ ▀ ▄▀▄▄▄▀▀▀▀  ▄▄  ▀█▀█▀  ▄▀█▀▀▄█▄▄  ▄█▄█▄▀ ▀█
█▀     ▄▄█▄█  ▄ ▄ ▀ ▀▀▀ ▀▀▀█ ▀▀▄▀█▄▄  ▀▄ ▄██▄▀▀▀▄▄▄▄  ▀▀ ▀█
█▄█▀▀▀▄▄▀█▄█▄▀▄▄▀▄▀ ▀█▀▄▄▀▀█▀█▀█▄█▄█   ██▀▀  ▀▄▄▀  ▄▀██▄███
█▄▀▀▄█▄▄▀▀ ▄█▀▀█▄▄▄   ▄▄█▄▄▄ █▀▄ █▄▄█▄▀▄ ▀██▄ ███▄▀ ▀▀▄▀▄██
█ █ █ █▄▄█ █ █ █▀▄  ▀█ ▀▄▀▄▄▀ ▄ ▄█▀▄   █▀▀█▀ ▀▄█ ▀▄▄▀▀ ▀█ █
█▄▀▄▄▀█▄▀█ ▄▄█▀█▄▄█▄█▀▀█   █▀ █▀▄▀█▄█▀ █ ▀ ▀█▀█ ▄ ▄▄ █ ▀ ██
█▀▀█▀ ▄▄█▀▄█▀▀▀█▄▀ ▄▄█▀▀▀▄▀▀▀▀   ███   ██▀█ ▄▀▄█▄▀█▄▀▀▄▀▀▀█
█▀█▀  ▀▄█▄ ▄  ▄█▄  ▄▄█  ▀█▀ █▀▀▄█▄█ ▄▀█▀█▀ █▀ ▄▄ █▄▄█ ▀▀▀▀█
█  ▀▀▄ ▄ █▀ ▄▀█▀▄▄▄▄█▄▄▀ ▀██▀▀█ ▄  █ ▄▀▄██▀ ▄▀▄▄ ▀ ▄█▀█▀▄ █
█▄ ▀█ ▄▄▄ ▄▀▄▄▄ █▄▄█ ▀▄█▀▀▄ ▄▄▄   ▀ ██▀ ▄▀▄ ███▄▄ ▄▄▄ ▀  ▀█
█  ▀▀ █▄█  ▄▄███▄█▄▀█▄▄█ ▀▀ █▄█ ▀█▀█  ▀▄▀▀ ▀▄█▄▄▀ █▄█ ██▀ █
█ ▄ █  ▄  ▀ ▄ ▄▄▀ ▀▄▄██   ▄▄ ▄ ▄ ▀▄ █▄▄█▄▀█▀█▄▀▀█▄ ▄▄▄▀  ▀█
█▀▄▄   ▄▄▀██  ▄▄▀▄ ▄▀█▀▀▄▀█ ██▀ ▄▀▀█ ▄ ▄▄█▀  █ █▀ ▄▀▄▄▀▀  █
█▄ ▀ █▄▄▀█▀▀▀  ▀█▀▀▄█▄█ ▀█▀▄▀▀▀ ▄█  █▄ ▀  ▄█▀▄▀▄▀▀▄▀▄▀▀▀▀██
██▄ ▄█▀▄▀ █ ▄█ ▀▀█  ▀▀██▄ ▄▀▀█ █▄▀▄▄▄▄ ▄██▀ ▄█▀▄▀▀▄█▄█▀ ▄▀█
█▄█▄ ▄▀▄▄▄▀▀▄ █▀▀█▀█▀  ▄▄ █ ▀██▄▀▄▀██ █▀▀█▄█▀▄▀▄▀▄ █▄ ▀▀▄▄█
██▄▀ █ ▄█▄█▀ ▄█ █▄▄ ▄▄▀▀ ▀█▀▀▄█▄▀█▀█▄ ▀█▀▀▄  ██▄█ ▄▀▄█▄▀█▀█
█▀▄▀▀  ▄▀▀  ▀▀█ ▄█▀  ▄▀ █▀▀▀▀▄ ▄▀▀▄▀▀▀▀▄▄▀ █▄▀▀▄▄▄ ▀ █▀▀███
█▀▀ ▀▀▀▄█▀ ▀█▀ ▄ ▄▀ ▀█▀▄  ██▄▄ ▄ ██▄▄▄███▀▀▀▄▀███  ▀▄█▀█▄▀█
█ ▀ ▀▀▄▄▀ ▀▄█▄▄ ▀██▀ ▄█ ▄▄█▄█▄▄ ▀▀█ █▀█▄▀▀▄▀ ▄▄███ █▄▀ ▀▀▀█
███████▄█▀▀██▄▀▄▄▄▀▄▀█ ▀▀▀▀ ▄▄▄ █▀▄█▄▄ ███▀  ████ ▄▄▄ ▀█▀██
█ ▄▄▄▄▄ █▄ █ ▀▀▄██▀ ▄ ▀██▄█ █▄█ ▄▀ ▀▀█▄▀█▄▀  ▄▄█▀ █▄█ █▀▄▀█
█ █   █ █ ██▀▄▄▄▄▀ ▄▄███▀▄  ▄  ▄ █▄█ ▄▀▄███ ▄███▀▄   ▄▄▀▄██
█ █▄▄▄█ █ ▀▀ █▄▀▄ █▄▄█▀▄▀█▀▀█▀▀████ ▀█ ▄   ▀▄█ ██▄ ██▀  ███
█▄▄▄▄▄▄▄█▄██▄▄▄█▄▄▄▄▄▄██▄█▄█▄▄█▄▄▄▄▄▄▄▄████▄▄██████▄▄███▄██

▄▄▄▄▄▄▄▄▄▄▄▄▄▄▄▄▄▄▄▄▄▄▄▄▄▄▄▄▄▄▄▄▄▄▄▄▄▄▄▄▄▄▄▄▄▄▄▄▄▄▄▄▄▄▄▄▄▄▄
█ ▄▄▄▄▄ █▀▀▀▄▀▀▄▀▀▄▄ █ ▀ ▄ ██▀ ▄ █▀█▄▄▄█▀▀▄ ▄▄▄▄ ██ ▄▄▄▄▄ █
█ █   █ █▀ ▄▀▄ ▄▄█ ▀█▄▄█▀▀▀█▄█  ▀▄▀▀▀ ▄ ▄██▀▀█ ▄ ██ █   █ █
█ █▄▄▄█ █▀▄▀█▀█▀▄██▀▄ ▄█▀ █ ▄▄▄ ▄█▄▀▄  ▀ ▄▀▄  ▀▀▄██ █▄▄▄█ █
█▄▄▄▄▄▄▄█▄█▄▀▄▀ ▀▄█ ▀ ▀▄█ █ █▄█ ▀▄█ ▀▄▀▄▀ ▀ ▀ █▄▀▄█▄▄▄▄▄▄▄█
█ ▄  ▄▀▄  ▀▄█▀ ▀ ▄▀▄▄▄▀▀▀▀▄ ▄▄  ▀█▀█▀  ▄▀█▀▀▄█▄▄▄▀ █ ▀▄▀ ▀█
█▀     ▄▄  ██▀▄ ▄ ▀ ▀▀▀ ▀▀ █▄▀▀▄▀█▄   ▀  ▄▀▀▄▀█▀ ▀██  ▀▀ ▀█
█▄█▀ ▀▄▄█▄▀█▄▀▄▄▀▄▀ ▀█▀▄▄▀▀▄▄▀▀█▄█▄█  ▀▄█▀   ▀▄▄▀▀ ▄███▄███
█ ▀▀▀█▄▄ ▀ ▄█▀▀█▄▄█▄    █▄▄▄ █▀  █▄▀▀  ▄▄▀▀█  ████▀ ▀ █ ▄██
█▄▄ ▀ █▄▄█ █ █ █▄█   █▀██▀▄▄▀ ▀ ▄█▀█ ▄ ▄ █▀▀▄███ ▀▄▄▀▀ ▀▀▄█
███▄█▀▀▄▀█ ▄▄█▀████▄▄ ▀█   █▀ ▄  ▀█▄ ▄ ██▀▀ ▄ █▀▄ ▄▄ █ ▀▄██
█ ▄█▀▀▀▄█▀▄██▀▀█▄▀ ▄▄█▀▀▀▄▀▀▀▀  █████▄ █▀▀█  █▄█▄▀ ▄▀▀▄▀ ▀█
█▀█▀ ▄▀▄▀▄▄▄  ▄█▄  ▄▄█  ▀█▀ █▀▀▄███ █ █▀▄▀ █▀▀▄▄ ███▀▄▀▀▀▀█
█  ▀▀█▀▄  ▄▀█  █▄▄▄▄█▄▄▀ ▀▀▀▀▀█ ▄  █ ▄▀▄██▀ ▄▀▄▄▀▀ ████▀▄ █
█▄ ▀█ ▄▄▄ ▄▄▄▀▄ █▄▄█ ▀▄█▀▀  ▄▄▄   █ ██▀▄▄▀▄▄██▀ ▀ ▄▄▄ ▀  ▀█
█   █ █▄█ █ ▄█▄▀▄█▄▀█▄▄█ ▀▀ █▄█ ▀█ ▄  ▄█▀▀▄▀▄█ ▄▄ █▄█  ▀▀ █
█▄ ▄  ▄▄  ▀ ▄ ▄▄▀ ██▄█▄▀  █▄ ▄ ▄ ▀█ ▀▄▄▄▄▀ ██ █▄▀▄▄ ▄▄▀▀ ▀█
█ █ ▀  ▄  ██  ▄▄▄▄▄▄▀█▄▀▀▀█ ▀▄▀ ▄▀▀█▄ █▄▄█▀▀ ▀ ██▄▄▀▄█   ▄█
█▀▀ ▀█▄▄  ▀▀▀  ▀▄ ▀▄▀▄█ █▄▀▄██▀  ▀   ▄  █▀▄▄ █▀▄▀▀▄▀ ▄▀▀▄▀█
██  ▄█▀▄▀ █ █  ▀▀█  ▀▀██▄ ▄▀▀█▀▄██▄▄█▄ ▄██▀ ▄▀▀▄▀▀▄█▄█▀ █ █
█▄█▄ ▄▀▄▄▄▄▀█▄▄ ▀█▀█▀  ▄▄ █ ▀█▀▄▀▄▀██ █▀ █▄█ ▄▀▄▀▄ █▄ ▀▀▄▄█
██▄▀ ▄▄▄█▄▄▀█ █▄█▄▄ ▄▄▀▀ ▀█▀▀▄█▄▀█▀█▄ ▀█▀▀▄  ██▄█  █▄█ ▀█▀█
█▀▄▀▀▀▀▄▀▀ ▀▄▄▄▀▄█▀  ▄▀ █▀█▀▀▄ ▄▀▀ █▀▀█▄▄▀ ▀▄▀█▄▄█ █ █▀▀███
█▀▀▀▄▄ ▄██▄ █▀▄▀ ▄▀ ▀█▀▄  ▄█▄▄ ▄ ███▄▄▀▄█▀▀ ▄▀██▀ ▀ ▄█▄█▄▀█
█ ▀ ▀▀▄▄ ▄▀▄█▄▄ ▀███ ▄█▀▄▄█▄█▄▄ ▀▀█▀▀▀ █▀█▀▀ ▄████▄█ ██ ▀▀█
███████▄▄▀▀██▄▀▄▄█ ▄ █▀█  ▀ ▄▄▄ █▀▄█▄  █▀█  ▄▀▄██ ▄▄▄  ████
█ ▄▄▄▄▄ █▄ █ ▀▀▄▄█▀  ▄▀█▀▄█ █▄█  █ ▀  █▀▀█  █▀██▄ █▄█ █▀▄▀█
█ █   █ █ ██▄ ▄▄▄▀ ▄▄███▀▄   ▄ ▄▄▀▄█  ▀▄█▀█ ▄███▀▄  ▄ ▄▀███
█ █▄▄▄█ █ █ ▄▀▀ ▄ █▄▄█▀▄▀█▀▀██▀████  ▄ ▄ ▀ ▀▄█ ██▄ ███  ███
█▄▄▄▄▄▄▄█▄▄▄▄█▄█▄▄▄▄▄▄██▄█▄█▄██▄▄▄▄▄▄▄▄████▄▄██████▄▄███▄██

▄▄▄▄▄▄▄▄▄▄▄▄▄▄▄▄▄▄▄▄▄▄▄▄▄▄▄▄▄▄▄▄▄▄▄▄▄▄▄▄▄▄▄▄▄▄▄▄▄▄▄▄▄▄▄▄▄▄▄
█ ▄▄▄▄▄ █▀▀▀▄▀▀▄▀██▄ █▀ ▀  ██▀ ▄ █▀███▄▀▄▀▄▄█ ▄▄ ██ ▄▄▄▄▄ █
█ █   █ █▀ ▄▀  ▄▄▄ ▀▄█▄█▀ ▀█▄█  ▀█▀▀ ▀▄ █▄█▀ █ ▄ ██ █   █ █
█ █▄▄▄█ █▀▄█▄▄█▀▄██▀▄ ▄█▀ █ ▄▄▄ ▄▄▄▀▄▄ ▀▀ ▀▄▄█▀▀▄██ █▄▄▄█ █
█▄▄▄▄▄▄▄█▄█▄▀ ▀ ▀▄█ ▀ ▀▄█ █ █▄█ ▀▄█ ▀▄▀▄▀ ▀ ▀ █▄▀▄█▄▄▄▄▄▄▄█
█ ▄   ▀▄▄▄▄▀▄  ▀ ▄▀▄▄▄▀▀▀▀▄ ▄▄  ▀█▀█▀  ▄▀█▀▀▄█▄▄▀  █ █▄▀ ▀█
█▀     ▄▀ ▄ ▀█▄ ▄ ▀ ▀▀▀ ▀▀ ▄ ▀▀▄▀█ ▄  █  ▄▀▀▄▀▀▀▄ ██ ▄▀▀ ▀█
█▄█ █▀▄▄▀ ▀▄▄▀▄▄▀▄▀ ▀█▀▄▄▀ ▄▀█▀█▄█▀█  ▀▄█▀█▀ ▀██▀▀ ▄▀▀█▄███
█▀▀ ▀█▄▄ ▀ ▄█▀▀█▄▄▄   ▄▄█▄▄▄ ██▄ ██ █▄█▄ █▀▀▄ █▄▄█▀  ▀▀▀▄██
█▀█ █ █▄▄█ █ █ ██▄▀▄▄▄██▀ ▄▄▀  ▀▄█▀█▄ █▄█▀ ▀▄▀▄█ ▀▄▄▀▀  ▀ █
██ ▀▀▀▀▄▀█ ▄▄█▀█ ▀█▄▀▄▀███ █▀ █  ▀█▄   ▄▀▀▀ ▀▀█ ▄ ▄  █ ▀▄██
█▀▀█▀▄▄▄█▀▄█▀▄▀█▄▀ ▄▄█▀▀▀▄▀▀▀▀  ████▄▄ ████ ▄█▄█▄▀ █▀▀▄▀  █
█▀█▀ ▄█▄▀ ██▄▀▄▄▄  ▄▄█  ▀█▀ █▀▀▄▄██ █▀█▀█▀ █▀▀▄▄ ██▄█▄▀▀▀▀█
█  ▀▀ █▄   ▀▀▄▄▄▄▄▄▄█▄▄▀ ▀██▀▀█ ▄  █ ▄▀▄██▀ ▄▀▄▄▀▀ █▀██▀▄ █
█▄ ▀█ ▄▄▄ ▀ ▀▀ ▀█▄▄█ ▀▄█▀▀▄ ▄▄▄   ▀ ██▀ ▄▀▄▄██▀▄  ▄▄▄ ▀  ▀█
█  ▀▄ █▄█ ▄█▄█  ▄█▄▀█▄▄█ ▀▀ █▄█ ▀███  ██▀▀ ▀▄█▄▄▄ █▄█ █▀▀ █
██ ▀▀  ▄ ▄▀ ▄ ▄▄▀ ▀▄▄█▄▀  █▄ ▄ ▄ ▀▄ █ ▀▄▄▀█▀▀   ▀▄   ▄▀  ▀█
██▀█▀  ▄ ▀██  ▄▄▄▄▄▄▀█ ▀ ▀█ ██▀ ▄▀▀█ ▄▀▄▄▀   ▀███▄▄▀▀▄▀ ▄ █
█ █ ▀█▄▄▄▄▀▀▀  ▀▄▀▀▄▀▄█ █▀▀▄▀█▀ ▄█  ▀▀▀▀▄ ▄▄  ▀▄ ▀▄▀▀ ▀▀▄██
█ █ ▄█▀▄▀ █ ▀▀ ▀▀█  ▀▀██▄ ▄▀▀█▄█▄█▄▄   ▄██▀ ▄█▀▄▀▀▄█▄█▀ █ █
█▄█▄ ▄▀▄▄▄█ █▀██▀█▀█▀  ▄▄ █ ▀█ ▄▀▄▀██ █▀▀▄▄█▀▄▀▄▀▄ █▄ ▀▀▄▄█
██▄▀ ▀▄▄█▄▄██▄▀██▄▄ ▄▄▀▀ ▀█▀▀▄█▄▀█▀█▄ ▀█▀▀▄  ██▄█   ▄█▄██▀█
█▀▄▀▀▄▄▄▀▀█▄ ▄▄ ▄█▀  ▄▀ █▀█▀▀▄ ▄▀▀▄▀▀▀█ ▄▀▄▀▄▀▀  █▄█ █▀ ███
█▀▀ █ ▀▄▀ █▄█▀▀█ ▄▀ ▀█▀▄  ▄█▄▄ ▄ █▀▄▄▄▄▄█▀ ▀▄▀▄█▀  ███▀▄▄▀█
█ ▀ ▀▀▄▄ ▄▀▄█▄▄ ▀█   ▄▄ ▄▄█ █▄▄ ▀▀█ ██▄▄▀█ ▀▄▄▀█▀▄▄▀▀▄ ▀▀▀█
███████▄█ ▀██▄▀▄▄▄ ▄▄▄█▀  ▀ ▄▄▄ █▀▄█   ▄▀█▄▀ ▀▀██ ▄▄▄  ▄███
█ ▄▄▄▄▄ █▄ █ ▀▀▄ ▀▀ ▀█▀█▄ █ █▄█  █ ▀▀ ▄  █ ▀ ▀█▄  █▄█ █▀▄▀█
█ █   █ █ ███▀▄▄▄▀ ▄▄███▀▄     ▄▄▀▄█▄▄▀▄▀▀█ ████▀▄   ▄▄▀▄██
█ █▄▄▄█ █ █ ▀ ▀█▄ █▄▄█▀▄▀█▀▀██▀████ ▀▄ ▄ ▀ ▀██ ██▄ ██▀  ███
█▄▄▄▄▄▄▄█▄▄█▄███▄▄▄▄▄▄██▄█▄█▄▄█▄▄▄▄▄▄▄▄████▄▄██████▄████▄██

▄▄▄▄▄▄▄▄▄▄▄▄▄▄▄▄▄▄▄▄▄▄▄▄▄▄▄▄▄▄▄▄▄▄▄▄▄▄▄▄▄▄▄▄▄▄▄▄▄▄▄▄▄▄▄▄▄▄▄
█ ▄▄▄▄▄ █▀▀▀▄▀ █▀▀██ ▀     ██▀ ▄ █▀██▄▀▀█▄▄  ▄▄▄ ██ ▄▄▄▄▄ █
█ █   █ █▀ ▄▀▄ ▄██ ▀▄█▄█  ▀█▄█  ▀▄▀▀  ▄ █▄█▀▀▄ ▄ ██ █   █ █
█ █▄▄▄█ █▀ ▀▄▀█▀▄██▀▄ ▄█▀ █ ▄▄▄  ▀▄▀▄▀ ▀▀█▀▄ ▄▀▀▄██ █▄▄▄█ █
█▄▄▄▄▄▄▄█▄█ █ ▀ ▀▄█ ▀ ▀▄█ █ █▄█ ▀▄█ ▀▄▀▄▀ ▀ ▀ █▄▀▄█▄▄▄▄▄▄▄█
█ ▄  ▄█▄  ▀▀██ ▀ ▄▀▄▄▄▀▀▀▀ ▄▄▄  ▀█▀█▀  ▄▀█▀▀▄█▄▄▀  █▄▀▄▀ ▀█
█▀   ▀ ▄██▄▄▀█▄ ▄ ▀ ▀▀▀ ▀▀ █▄▀▀▄▀█▄▄  █  ▄▀▀▄▀▀█▄ █▄ █▀▀ ▀█
█▄█▀▀▀▄▄█ █ ▄▀▄▄▀▄▀ ▀█▀▄▄▀ █ █▀█▄█▄▄  ▀██▀   ▀█▄ ▀ ▄█▀█▄███
█▀▄▀▀█▄▄▀▀ ▄█▀▀█▄▄ █    █▄▄▄▀█▀  █▄▄█▄▀█▄▀█▀▄▄▄█▀ ▀  ▀█ ▄██
█▄ ▄  █▄▄█ █ █ ███ ▄▄▄▀▀ ▀▄▄▀ ▀▀▄█▀█▄▄ ▄██▀▀▄▀██ ▀▄▄▀▀ ▀▀ █
█ ▀▀ █▀▄▀█ ▄▄█▀█▀▀█▄ ▄▀█▄  █▀ ▄▀▄██▄▀▄▀█▄▄▀▀▀▀▄ ▄  ▄ █ ▀█▀█
█▀▄█▀▀▄▄█▀▄█ ▀▀█▄▀ ▄▄█▀▀▀▄▀▀▀▀   ███▄  █▀▀█  █▄█▄▀▀█▀▀▄▀ ▀█
█▀█▀   ▄█▄▄▄   █▄  ▄▄█  ▀█▀ █▀▀▄███ █ █▀▄  █▀ ▄▄ ██▄▀▄▀▀▀▀█
█  ▀▀ ▄▄█  █ ▄██▄▄▄▄█▄▄▀ ▀█▀▀▀█ ▄  █ ▄▀▄██▀ ▄▀▄▄ ▀ █▀██▀▄ █
█▄ ▀█ ▄▄▄ █ ██ ▀█▄▄█ ▀▄█▀▀█ ▄▄▄   ▀▄██▀▄▄▀▄▄██▀ █ ▄▄▄ ▀  ▀█
█  ▀  █▄█ ▄█▄██▄▄█▄▀█▄▄█ ▀▀ █▄█ ▀██▄  ▀█▀▀▀ ▄███▀ █▄█  ▀▀ █
███▄▄▄ ▄▄▄▀ ▄ ▄▄▀ ▄▄▄█    █  ▄ ▄ ▀▄ ▀▄   █▀▄█ ▄   ▄▄▄▄█▀ ▀█
█▄█ ▀  ▄ ▄██  ▄▄█▄▄▄ ▄▀▀▄▀█ ██▀ ▄▀▀█  ▀▄█▀█▀ ▀█▄█▀▄▀██ ▀▄▄█
████▄█▄▄▄█▀▀▀  ▀▀▄▀▄ ▄█ ▀ ▀▄▀█▀ ▄▀    ▀ ▀█▄█▀▀▀▄▀▀▄▀█▄▀▀ ██
██▀ ▄█▀▄▀ █ ██ ▀▀█  ▀▀██▄ ▄▀▀██▄ █▄▄▄▄ ▄██▀  █▀▄▀▀▄█▄█▀ █ █
█▄█▄ ▄▀▄▄▄▀ ▀ ▀▀▀█▀█▀  ▄▄ █ ▀█▀▄▀▄▀██ █▀ █▄█▀▄▀▄▀▄ █▄ ▀▀▄▄█
██▄▀ ▄▀▄█▄▀ ██▀▀█▄▄ ▄▄▀▀ ▀█▀▀▄█▄▀█▀█▄ ▀█▀▀▄  ██▄█ ▄ ▄█▄▀█▀█
█▀▄▀▀▀▀▄▀▀▄ ▄▄ ▄▄█▀  ▄▀ █▀█▀▀▄ ▄▀▀ ▀▀▀▀▄▄▀ ▀▄▀▀ ▄▄▄▀ █▀ ███
█▀▀█▄▀▀▄▀▄▄ █▀█  ▄▀ ▀█▀▄  █▄▄▄ ▄ ██▄▄▄█▄█▀ ▀▄▀███ █▀██  ▄▀█
█ ▀ ▀▀▄▄▀▀▀▄█▄▄ ▀██▄ ▄▀▄▄▄▄▄█▄▄ ▀▀▄ ██  █▀█▄  ▀ █▄▀▀█▀ ▀▀▀█
███████▄▄ ▀██▄▀▄█▄ ▄▄▄▄▀ ▀▀ ▄▄▄ █▀▄█ ▄ ██▀▄  █▄▄▀ ▄▄▄ ▀▄█▀█
█ ▄▄▄▄▄ █▄ █ ▀▀▄▄█▀ ▄▄▀█▄▄█ █▄█  ▀ ▀ ▄█▀▄ ▀▀ █▄▄█ █▄█ █▀ ██
█ █   █ █ ██▄▄▄▄▄▀ ▄▄███▀▄  ▄  ▄▀█▄█▀ ▀▄█▀█  ███▀▄  ▄ ▄▀█▄█
█ █▄▄▄█ █  ▀█ ▀▄▄ █▄▄█▀▄▀█▀▀▀▀▀████ ▀█ ▄   ▀█▄ ██▄ █▄▀  ███
█▄▄▄▄▄▄▄█▄██▄▄█▄▄▄▄▄▄▄██▄█▄████▄▄▄▄▄▄▄▄████▄▄██████▄████▄██

▄▄▄▄▄▄▄▄▄▄▄▄▄▄▄▄▄▄▄▄▄▄▄▄▄▄▄▄▄▄▄▄▄▄▄▄▄▄▄▄▄▄▄▄▄▄▄▄▄▄▄▄▄▄▄▄▄▄▄
█ ▄▄▄▄▄ █ ▄▀▄▀▄  ▀███ ▄▀▄ █  ▀ ▄█ ▄██  ▄▄▄  ▄▄▀▄ ██ ▄▄▄▄▄ █
█ █   █ █  ▀▄▀ ▄▄ █▄██▄ ▄▄▀█▄ ███▄▀▄█▄▄ ▄  ▄▀▄ ▄ ██ █   █ █
█ █▄▄▄█ █▀████ ▄▀██▀▀█▀█▀   ▄▄▄ █ ▀▀ ▀█▄▄ ▀▄█ ▄▀▄██ █▄▄▄█ █
█▄▄▄▄▄▄▄█▄▀ ▀ ▀ ▀ ▀▄▀ ▀ ▀▄█ █▄█ ▀▄█▄█ ▀▄▀▄█▄▀ █ █ █▄▄▄▄▄▄▄█
█  ██ ▄▄▀▀▄▀█▄█▄█▄▀▄▀▀▄▀▀▀▀  ▄  ▄ ▄█▀ █▀▄█▀▀▀ ▀▄▀ █▀▄▀▄ ▄▄█
█▄   ▄█▄▀█▄▄▄▄▄ ▄█▄█▀▀▀█▄▄ ▄▄ ▄▀▀█ ▀███▄ ▀  ▄▀▀▄  ▄▄  ▄▄ ▀█
█▄ █ ▀▄▄    ▄▀▀▀▄▄▀ ▄ ▄▄▄▀█  ▀▀█▀ ▀▄  █  ▀▀▀█▄ █▄▀█▀ ██▄  █
█ ▄ ▀ ▀▄▀  ▀ ▄▀█▄▀     ▀ ▀▄▄ ▀▄▀ █▀█▄▀█ ▄▄▀█▄   ▀ ▀ ▀▄ ▄▄██
█ ▀▀█ █▄▀ ██ ██ ▀█▄▄█▀ ▀ ▀▀▀▄  ▀▀ ▄█▄ █▀██ ▀▀  █ ▀▀▀▄▀ ▀▄▀█
███▀▄▄ ▄▀█ ▀▀ ▀█▀▄ ▀██▀ ▀▀ █▀█▀█ ▀█▀▀█ █▀▄█▄██▄█▀█    █▄▄██
█▄█ ▄ ▄▄ ▄▀█▄▄▄ ▀▀ ▄▀ ▄▀▀▄▄▄▄▀  ▄  █ ▄█  ▀█ ▀▄▀█▄▀▄▀▄▀▄▀█▄█
█▄█▀ ▄▄▄█  █ ██ ▄██▀▄█ █▄ ▀ █▄▄▀▄███ ██▀█▄█  ▀▄▀█ ▄▄██▄▄▀▀█
█ █▄▄ █▄▄▀█▀ ▄█ ▀▄▄▄ ▀▀▀ ▀▄ ▄▀█ ▀███ ▄▄▀ █▀ ▀▄▀▄▀▀▀  ██▀▀██
█▀ ▀█ ▄▄▄ █▄  ▄▄█▀▀  ▀▄ ▄▄▀ ▄▄▄   ▀▀  ▀ ▄▄█████▀█ ▄▄▄ ▄█ ▀█
█ █▄  █▄█ ▄▄▄█ █▀█▄▀ ▀▀█ ▀▄ █▄█ ▄  ▄  █▀▄▀▄ ▀ ▄█  █▄█ ▀▀▄██
█ ▄▀▄ ▄▄ ▄▀█▀█▄▄▀█▀▄▄██ ██▄   ▄  ▀▄█ ▀██▄ █▄▀ █▀▄▄   ▄█▄ ▀█
█ ▀ ▄  ▄▄▀ █  ▀▀ ▄▄▄█▀▄▀▀  █▀█▀ ▀▄▄█  █  ▀  ▀▄▀██ ▀▄▄▄▀▀▀██
█▄▄▀  ▀▄▀█▀▄▄█ ▀ █▄▀▀▀███ ▀▄██▄█▄█ █▄▀  ▀ ▀▀▀   █▄▄▀▀ ▄▄ ▀█
█▀ █▀█▀▄▄█  ▀▄█▄▄█  ▄▄ █▄ ▀▄▄████ ▀▄▄▄█▀▄█▀ █▄▄▄▀▀▀ ▀█▀ ▀▄█
█▀█▄ ▀▄▄▄▄ ▀▄▄█▀▀ ▄ ▀  ▀▀██ ▀ ▀█▀▄▀  ██▀▀ ▀ ▀█▀▀▄▀ █▄█▄▄▄▄█
██▀▄█ █▄ ▀▄▀▀▄▀▄ ▄▄ ▀▀▄▀ ▀ ▄▄▄█▄▄ ▄█▄ ▄ ▄▀▄ █  ▄█ ▄ ▀█▄▀ ▄█
█▄▄▀▀█▀▄▀▀▀█▀ ▄█▄ ▄█ ▄▀█ ▄▀▀▀▀█▀▀▀  ▄▄▀ ▄▄█▄▄▀▀▀██▄█  ▄▄███
█▀▄  █▄▄▀██▄█▀███▄▀ ▄ ▄▄   ▄▀▄ ▄█ ▀▄▄▄█▀ ▀▄▀▀▄ ▄▀▄█▄ █▀ ▀▄█
█ ▀ ▀▀▄▄█ ▀▀ ▀▄ ▀ █  ▄ █▀▀█▄█▀▀█▀▀▄▄▄ ███▄█▄▄▄▄   ▄▀▄▀▀█▀▀█
███████▄█ ▄██▄▄▀ ▄▄▄▄▀█▀▀ ▄ ▄▄▄  ▄▀██ ▄▀ █ ▀▀ ▀██ ▄▄▄  █▄ █
█ ▄▄▄▄▄ █▀  █▄▀▄█ ▄█  ▀ █▄█ █▄█  ▀ ▄███▀▄▀▄█ ▀▄ ▄ █▄█  ▄▄▀█
█ █   █ █▄ ██ ▀▀▀▀ ▄▀  █▀▄█▄▄  ▄▄▄▀█ ▄▄▀ ▀█ ▀▄ █▀▄▄▄▄ ▄▀▀ █
█ █▄▄▄█ █▀█▄ ██▄▄█ ▀▄█▀▀▄ ▀▀█ ▄ █▄██▄  ▄ ▄█▄▄█   ▀ ██▄█████
█▄▄▄▄▄▄▄█▄▄▄▄▄▄▄█▄▄▄██▄█▄██▄▄██▄███▄▄▄█▄▄██▄█▄▄███▄█▄▄███▄█

▄▄▄▄▄▄▄▄▄▄▄▄▄▄▄▄▄▄▄▄▄▄▄▄▄▄▄▄▄▄▄▄▄▄▄▄▄▄▄▄▄▄▄▄▄▄▄▄▄▄▄▄▄▄▄▄▄▄▄
█ ▄▄▄▄▄ █ ▄▀▄▀█▀▀████▄▄▀ ▄█  ▀ ▄█ ▀▀▄█▄▄█ ▄▄▀█▀▄ ██ ▄▄▄▄▄ █
█ █   █ █  ▀ ▀ ▄▄ █▄▄▄▄ █▄▀█▄ ██▀▄▀▄▀▄▄ ▄  ▄▀█ ▄ ██ █   █ █
█ █▄▄▄█ █▀▀▀▀▄ ▄▀██▀▀█▀█▀   ▄▄▄ ▀▀▀▀█▀█▄▀▀▀▄█ ▄▀▄██ █▄▄▄█ █
█▄▄▄▄▄▄▄█▄█▄█▄▀ ▀ ▀▄▀ ▀ ▀▄█ █▄█ ▀▄█▄█ ▀▄▀▄█▄▀ █ █ █▄▄▄▄▄▄▄█
█  ██ ▄▄▀█▀▄▄██▄█▄▀▄▀▀▄▀▀▀▀  ▄  ▄ ▄█▀ █▀▄█▀▀▀ ▀▄▀ █▀ █▄ ▄▄█
█▄   █▄▄█▀▄██▀▄ ▄█▄█▀▀▀█▄▄ █▄ ▄▀▀█ ▀███▄ ▀▄ ▄▀█ ▀▄██▀ ▄▄ ▀█
█▄ ▀ ▀▄▄▀ ▀▀▄▀▀▀▄▄▀ ▄ ▄▄▄▀█▀▄▀▀█▀  █  ▄▀ ▀  █▄██▀ █▀ █▀   █
█▀█ ▀ ▀▄▀  ▀ ▄▀█▄▀▄█   █ ▀▄▄   █ ██▀ ▀█▀▄▄▄▄▄ ██▀▀▀  ▄█▄▄██
██ ▀▄ █▄▀ ██ ██  █▀▄▄ ▄██▀▀▀▄   ▀ ██▀ █ ▄█▀▀▄ ▀▄ ▀▀▀▄▀ ▀▄▀█
█ ▀▄▄▄ ▄▀█ ▀▀ ▀█▀█ ▀█ ▀ ▄▄ █▀█ █ ██▀▀  █ ███▀▄▄█▀█ ▄  █▄ ██
██▀ ▄ █▄ ▄▀█▀ ▄ ▀▀ ▄▀ ▄▀▀▄▄▄▄▀  █  █ ▄█  ██ █ ▀█▄▀▄▀▄▀▄▀▄██
█▄█▀   ▄█ ▀▀ ██ ▄██▀▄█ █▄ ▀ █▄▄▀▄▄██ ██▀▄██  ▀▄▀█ ▄ ██▄▄▀▀█
█ █▄▄▄▀▄▀▀▄▄  ▄▀▀▄▄▄ ▀▀▀ ▀  ▄▀█ ▀███ ▄▄▀ █▀ ▀▄▀▄   ▀ ██▀▀██
█▀ ▀█ ▄▄▄ █ █▀ ▀█▀▀  ▀▄ ▄▄  ▄▄▄   ▀█  █▄▄▄████▀█▀ ▄▄▄ ▄█ ▀█
█ █▄█ █▄█ ██▄█▄▀▀█▄▀ ▀▀█ ▀▄ █▄█ ▄ ▀█  ▄▀▄▀  ▀  █▄ █▄█ ▀▀▄██
█▄ ▀▄ ▄▄ ▄▀█▀█▄▄▀█ █▄█████▄   ▄  ▀▄▄ █▄▄▄ ▄▄█▄█▄█ ▄ ▄ ██ ▀█
███ ▀  ▄▄  █  ▀▀▀▄  ▄▀▀▀▄▀ █▀█▀ ▀▄▄█▄▄▄▀ █  ▀▄ █▀▀▀▄ █▀▀▀██
█▀█ ▀ ▀▄▄ ▀▄▄█ ▀▄▄▄▀▄███▄▄▀▄▀█▄█▄▀ █▄█▀  ▀▀ ▀▀ ▀▄▄▄▀▄ ▄▄▄██
██▄█▀█▀▄▄█   ▄█▄▄█  ▄▄ █▄ ▀▄▄█▄█▀ ▀▄  █▀ ▀▀ ▀ ▄▄▀▀▀ ▀█▀ ▀▄█
█▀█▄ ▀▄▄▄▄█▄█▀█▀▀ ▄ ▀  ▀▀██ ▀ ▀█ █▀  ▄█▀▀ ▀ ▀▄▀▀▄▀ █▄█▄▄▄▄█
██▀▄█▄█▄ ▀ ▄█▄▄█ ▄▄ ▀▀▄▀ ▀ ▄▄▄█▄▄ ▄█▄ ▄ ▄▀▄ █  ▄█ ▀▄▀█▄▀ ▄█
█▄▄▀▀▀█▄▀▀▀█▀  ▄▄ ▄█ ▄▀█ ▄▀▀▀▀█▀▀▀▄▄▄▄█▄▄▄▀▄▄▀█▀▀  █  ▄▄███
█▀▄ ▀▀ ▄█▄█ █▀█▄█▄▀ ▄ ▄▄  ▀ ▀▄ ▄█ █▄▄▄   ▀▄ ▀▄ ▄█▀██ ▄ ▄▀▄█
█ ▀ ▀▀▄▄ ▄▀▀ ▀▄ ▀ █▀ ▄ ▀▀▀▄ █▀▀█▀▀██ ▄ ▄█▄▀▄▄▄  ▀ ▀▀▄▄██▀▀█
███████▄▄ ▄██▄▄▀▀█▄ ▄▀▄▀▀ ▄ ▄▄▄  ▄▀█▄ ▄ █▀▀ █▄ ▄█ ▄▄▄ ▀▄  █
█ ▄▄▄▄▄ █▀  █▄▀▄██▄█ ▄▀ ▄██ █▄█  ▀ ▄▄ █ ██▄█▀██▀▀ █▄█  ▄ ██
█ █   █ █▄ █▄█▀▀▀▀ ▄▀  █▀▄█▄▄  ▄▄ ▀█▄▄▄▀███ █  █ ▄▄▄▄ ▄▀▀ █
█ █▄▄▄█ █▀██ ▀ █▄█ ▀▄█▀▀▄ ▀▀  ▄ █████▀ ▄ ▄█▄█▄   ▀ █▀▄█████
█▄▄▄▄▄▄▄█▄▄▄▄██▄█▄▄▄██▄█▄██▄▄██▄███▄▄▄█▄▄██▄█▄▄███▄██████▄█

▄▄▄▄▄▄▄▄▄▄▄▄▄▄▄▄▄▄▄▄▄▄▄▄▄▄▄▄▄▄▄▄▄▄▄▄▄▄▄▄▄▄▄▄▄▄▄▄▄▄▄▄▄▄▄▄▄▄▄
█ ▄▄▄▄▄ █▀▀▀▄▀▀▄███▄▄█     ██▀ ▄ █▀█▄▀ ▀▀▀ ▄  ▄▄ ██ ▄▄▄▄▄ █
█ █   █ █▀ ▄█  ▄▄█ ▀██▄█ ▀▀█▄█   █▀▀▀▀▄ ███▀▀█ ▄ ██ █   █ █
█ █▄▄▄█ █▀ ▀ ▀█▀▄██▀▄ ▄█▀ █ ▄▄▄ █▄▄▀▄▄ ▀▀█▀▄▀█▀▀▄██ █▄▄▄█ █
█▄▄▄▄▄▄▄█▄▀▄▀ ▀ ▀▄█ ▀ ▀▄█ █ █▄█ ▀▄█ ▀▄▀▄▀ ▀ ▀ █▄▀▄█▄▄▄▄▄▄▄█
█ ▄   █▄  ▄▀▀█ ▀ ▄▀▄▄▄▀▀▀▀▄ ▄▄  ▀█▀█▀  ▄▀█▀▀▄█▄▄▀▀ █ █▄▀ ▀█
█▀     ▄ ▄██  ▄ ▄ ▀ ▀▀▀ ▀▀▀█ █▀▄▀█ ▄  █▄ ▄▀▀▄▀▀██▀▄█▀▀▀▀ ▀█
█▄█▀▄▀▄▄▀  ▄▄▀▄▄▀▄▀ ▀█▀▄▄▀▀▄▀█▀█▄███  ▀▄█▀▀  ▀▄█▄▀ ▄█▀█ ███
█▄ ███▄▄ ▀ ▄█▀▀█▄▄▄▀  ▄▄█▄▄▄▀██▄ █ ▄█▄██ █▀ ▄ ▄  ▀▀     ▄██
█▄ ▀▄ █▄▄█ █ █ ███▄▄ █▀█▀ ▄▄▀ ▀▀▄█▀█ ▄██▀█ ▀▀██▄ ▀▄▄▀▀ ▀▀▄█
█▀█▀ ██▄▀█ ▄▄█▀█▄██▄█▀▀█   █▀ ▄ ▄▀█▄▀▄ ▄▄   █▄█ ▄ ▄▄ █ ▀ ▀█
█ ▀█▀█ ▄█▀▄█ ▄▀█▄▀ ▄▄█▀▀▀▄▀▀▀▀  ▄███▄▄ █▄▀█ ▄▀▄█▄▀▀▄▀▀▄▀▀▀█
█▀█▀  █▄█▄ ▀█▄█▄▄  ▄▄█  ▀█▀ █▀▀▄█▄█ ▄▀█▀█▀ █ ▀▄▄ █▄██ ▀▀▀▀█
█  ▀▀▀▀▄ ▀▀█ ▄█▄▄▄▄▄█▄▄▀ ▀█▀▀▀█ ▄  █ ▄▀▄██▀ ▄▀▄▄  ▄█▄██▀▄ █
█▄ ▀█ ▄▄▄ ▀█▀▄▄▀█▄▄█ ▀▄█▀▀█ ▄▄▄   █ ██▀ ▄▀▄▄██▀ ▀ ▄▄▄ ▀  ▀█
█   █ █▄█ ▀▀▄█▄█▄█▄▀█▄▄█ ▀▀ █▄█ ▀███  ▀█▀▀  ▄█ ██ █▄█ ▄▀▀ █
█▄█ ▀ ▄▄  ▀ ▄ ▄▄▀ ▄ ▄█▀▀  █▄ ▄ ▄ ▀█ ▀▄█ ▄▀█ █▄▀▄▀▄  ▄▄ ▀ ▀█
█▄▀▄█  ▄▀ ██  ▄▄▄▄▄▄ ▄█▀▄▀█ ██▀ ▄▀▀██▄▀█▀▀▀  █▄▄██▄▀▄█ ▀▄▄█
█  ▀██▄▄█▄▀▀▀  ▀ ▀▀▄▄▀█  ▄▀▄██▀  ▀  █▀▀▀▀ ██▄█▀▄▀▀▄▀▀▀▀▀▄▀█
█ ▄ ▄█▀▄▀ █  ▄ ▀▀█  ▀▀██▄ ▄▀▀█  ▀█▄▄▄  ▄█▀▀ ▄▀▀▄▀▀▄█▄█▀ ▄▀█
█▄█▄ ▄▀▄▄▄ ▄▀█ █▀█▀█▀  ▄▄ █ ▀█▄ ▀▄▀██▀█▀ █▄█ █▀▄▀▄ █▄ ▀▀▄▄█
██▄▀ █▀▄█▄█▀ ████▄▄ ▄▄▀▀ ▀█▀▀▄█▄▀█▀█▄ ▀█▀▀▄  ██▄█  ▀▄█▄▀█▀█
█▀▄▀▀▀▄▄▀▀▀█ ▄ ▀▄█▀  ▄▀ █▀▀▀▀▄ ▄▀▀ █▀▀█ ▄▀ █▄▀▀  ▀▄▀ █  ███
█▀▀   ▀▄█ ▀▀█▀ █ ▄▀ ▀█▀▄  █▄▄▄ ▄ █▄█▄▄ ██▀▀▀▄▀▄█▀ ███▄▀ ▄▀█
█ ▀ ▀▀▄▄██▀▄█▄▄ ▀█▀▄ ▄█▀▄▄▄▄█▄▄ ▀▀▄ ▀█ █▀█ ▄     ▀ ▀█▄▄ ▀▀█
███████▄▄▀▀██▄▀▄▄▄▄▄ ███▀ ▀ ▄▄▄ █▀▄█ ▄ ▄▀▀ ▀▀█ ▄▀ ▄▄▄  █▀██
█ ▄▄▄▄▄ █▄ █ ▀▀▄▀▄▀ ██▀█▄▄█ █▄█ ▄▀ ▀▀▄▄▀▀▀▀ ▄██▄  █▄█ █▀ ▀█
█ █   █ █ ██▄█▄▄▄▀ ▄▄███▀▄   ▄ ▄▄▀▄██▄▀▄▀██  ▀██▀▄  ▄ ▄▀█▄█
█ █▄▄▄█ █ ▄ ▄▄▀█▄ █▄▄█▀▄▀█▀▀██▀██▄█  ▄ ▄▀▀ ▀▄▄ ██▄ █▄▀  ███
█▄▄▄▄▄▄▄█▄██████▄▄▄▄▄▄██▄█▄████▄▄▄▄▄▄▄▄████▄▄██████▄▄▄██▄██

▄▄▄▄▄▄▄▄▄▄▄▄▄▄▄▄▄▄▄▄▄▄▄▄▄▄▄▄▄▄▄▄▄▄▄▄▄▄▄▄▄▄▄▄▄▄▄▄▄▄▄▄▄▄▄▄▄▄▄
█ ▄▄▄▄▄ █▄█▀ █▀▀██▀▀▄█▄ ▄▄ ▀▀▀▄  ▀██ ▄ █▀█  ▄▄ ▄ ██ ▄▄▄▄▄ █
█ █   █ █ ▀███▀▄██  ███▄ ▀ ██▄ ▀▀█   ▀█ ▀██ ▀▄▀▄ ██ █   █ █
█ █▄▄▄█ █▄██▄▀▀ ▀▀▄▄ ▀▀▀ █▀ ▄▄▄ ██▀█ █▄ ▄█ ▀▀▄▄▀▄██ █▄▄▄█ █
█▄▄▄▄▄▄▄█▄▀▄█ ▀▄█▄▀▄▀▄█▄▀▄█ █▄█ ▀ ▀ █ ▀ █ █▄▀▄▀▄█ █▄▄▄▄▄▄▄█
█ ▄  ██▄█▄▄▄▄ ▀▀▀█▀██▄  ▀ ▀ ▄▄   █ ▄▀▀▀▄ ▄▀ ████▄  █▀▄▄ ▀ █
█▄▄▀██ ▄ ▄▀▀██ ▀▀▄ ██ ▄▄ ▄▄██▀ ▀█▄█ ▀█▀▀█ ▄▄   ▀▄█▀█▄▄ ▄▄ █
█ █▄▀▀ ▄█▄▄▀ █▄ █▄█▄▀▀█▄ █▀▀▀██▀▄▀▀▄▄▄  ▀▀▄▄ █ ██▄  ██▀ █▀█
█▀█  ▄▄▄▀ ▀██  ████▄▀ ▄▀███▄▀██▀▀█▀▀▀▀█▀▀ ▀██▄▀▄▀     ▀ ███
█ █  ▄▄▄ ▄█▀▀ ▄▄  █▀ █▀█▀█ █▄▄ ▄ ▄▄▀▀▀██▄█ █▄▄▀▀▀▄ █▄█ ████
█▄  ▄██▄▀▀▄▄ ▀▀▀█▄▀ ▄███▄▄ ▀█ ▀█▄▀▀▄█▄ ▀▀▄█▄▀▄▀▀ ▄▄ ▄█▄█▄▀█
██▄█ ▄█▄▄▀█▄██ ██  ███  ▀█ ▀   ▀▀█▄▄▄█▀█▄▄█▀▄▀█▄▄ ▀▄  ▄ ▀ █
█▄▀ █ ▄▄▀▀█▄ ▀█▄▀▄▀▀ ▄█▄  █▀ █ ▀ ▄ ▄▄█▀ ▀▄▀ █▀▀ ▀ ▀▀▄  ▄█ █
█▄ ██ █▄ ▀█ ▀█▄  ▄  █  ▀▄█▀██▀▀▄▄▄▄█▄ ▀ ▀██▄▄█ ▄ █  ▀█▀█▄▄█
██▀▀▄ ▄▄▄  ▄▄█ ▀▄█▄▄▀▀█▄▀   ▄▄▄ ▀  ▀█▄▄ █  ▀▄█ ▀█ ▄▄▄ █▀▀▀█
██▄ ▄ █▄█ ▀██ ▀▀▀▀█▄▀█▀▀▀▄█ █▄█ █▄▄▀▀███▄█ █ ▄  ▀ █▄█ █▄█▀█
█▀ ▀▀  ▄  █  ▄▄ █  ▀▄▀▄█▄▄█ ▄▄▄  █▀ █ █▀▄▀▀█▀ ▄██    ▄ █ ██
███ ▄▀ ▄██▄▄ ▀█▄ █ █ █ ▄ ▀▄ ▄▄▀▀█▀ ▄▄▀▄▄▄ ▄▀▀▀▄▄▀▀█▀██▀ █ █
██▄▀▄▀█▄▀ ▄█ █▄ ▄  ▀ ▄ ▄ ███ ▄ █ ▄█▄ ▀▄▀▄██   █▀ ▄  ▄  ▄▄▄█
█ █▄ ██▄▀▄▀ ██ ███▄▄▀█▀█ ▄▄███▄█▄█ ▄ ▄  █▀█▄ ██▄██▄▀ ██▄█▄█
██▄▄▀█▀▄█▄▀█▀ █▄ ▄▀▄  ▀█▄▀▄  ▄▄█ █ ▄█▀▄▀▀▄▄▄ █ █▀█▀██▀▀ █▄█
█   ██ ▄▀█ ▄ ▄▄   ██ █▄█▀▄▀ ▄ ▄▀█▄▄▀███▄▄███▄▄  ▄█▄▀▀▀▀▄▀ █
██▄██ ▀▄▀█▄  ▄ █ ██▄  █ ▀█▀██▄▄ ▀█▄████▄ ▀ ▀▄█▀▄▄ ▄▀▄████▀█
█  █▄█▀▄▀█ ▄█ ▀ ▀█▀▀ █ █ ▀█▄██ █▀█▄▄▄█▀█▄   █▀█▄▀▀ █▄█▀▄█▀█
█ ▀ ▀▀▄▄▀█▄ ▄▀ ▀▄▀▄▄▄██▄█▀ ▀  ███ ▀█  ▀▀▄███▄▀▀ ▀ ▄ ▄ ▀▄█ █
███████▄▄▀██▀ ▀ █▄   ▀█▀▄▄▀ ▄▄▄ ██ ██▄ ▀▀█▄▄ ▀▀▄▀ ▄▄▄ █ ▀▀█
█ ▄▄▄▄▄ ██▀▄   ▄█ ▀▀   ▄▀ ▄ █▄█ ▀█▀ ▀▀▄▀█▄▀▀▀▀██  █▄█ █ ▀▀█
█ █   █ █▀ ▀▄█ █▀█▀▀ ▄ ▀ ▀▄ ▄▄    ▀▀█▀██ ▀▄█   ▀  ▄  ▄█▄ ▄█
█ █▄▄▄█ █ █ ▄▄▄█  ▀ ▄▀█▄█▀▀█ ██▀█ ▀ █▀  █▀▄█▄▀▄█▀  ▀ ▀▄▄█▀█
█▄▄▄▄▄▄▄█▄▄▄▄█████▄██▄▄▄▄▄███▄███▄██▄███▄▄████▄▄█▄▄▄▄██▄███

▄▄▄▄▄▄▄▄▄▄▄▄▄▄▄▄▄▄▄▄▄▄▄▄▄▄▄▄▄▄▄▄▄▄▄▄▄▄▄▄▄▄▄▄▄▄▄▄▄▄▄▄▄▄▄▄▄▄▄
█ ▄▄▄▄▄ █▀▀▀▄▀ ▄▀█▄▄ █▀▀   ██▀ ▄ █▀█ ▀▀▀ █  █▀▄▄ ██ ▄▄▄▄▄ █
█ █   █ █▀ ▄▀▄ ▄▄▄ ▀▄█▄█▀▀▀█▄█  ▀▄▀▀▄▀▄ ▀▄█▀▀▄ ▄ ██ █   █ █
█ █▄▄▄█ █▀ ▀█▀█▀▄██▀▄ ▄█▀ █ ▄▄▄ █▄▄▀   ▀▄█▀▄█ ▀▀▄██ █▄▄▄█ █
█▄▄▄▄▄▄▄█▄▀ ▀ ▀ ▀▄█ ▀ ▀▄█ █ █▄█ ▀▄█ ▀▄▀▄▀ ▀ ▀ █▄▀▄█▄▄▄▄▄▄▄█
█ ▄  ▄█▄▄▄▀▄▄  ▀ ▄▀▄▄▄▀▀▀▀▄▄▄▄  ▀█▀█▀  ▄▀█▀▀▄█▄▄ ▀ █▄█▄▀ ▀█
█▀    ▀▄█▄█▄▀▄▄ ▄ ▀ ▀▀▀ ▀▀ ▄▄▀▀▄▀█▄▄  █  ▄██▄▀▀█▄▀██▄▄▀▀ ▀█
█▄█ █▀▄▄▄ ██▄▀▄▄▀▄▀ ▀█▀▄▄▀▀██▀▀█▄█▄▄   ██▀ ▀ ▀██▄▀ ▄███ ███
█▄████▄▄   ▄█▀▀█▄▄▀   ███▄▄▄▀█▀▄ █▄██▄██▄▀▄█ ▄  █▀▀ ▀▀▄▀▄██
█▀    █▄▄█ █ █ ██▄ ▄▀█▄▀▀ ▄▄▀ ▄ ▄█▀█   ▄▀▀   ▀▄▄ ▀▄▄▀▀ ▀▀ █
█▀█ ██▀▄▀█ ▄▄█▀█▀ █▄  ▀██▀ █▀ ▄▀ ██▄▄▄▀▄▄█▀▀▄ █▀▄ ▄  █ ▀▄▀█
█ ▀█▀▀▄▄█▀▄█▀▀▀█▄▀ ▄▄█▀▀▀▄▀▀▀▀   ▀██▄▄ █▀██  ▀▄█▄▀▀▄▀▀▄▀ ▀█
█▀█▀ ▄ ▄█▄█▄█ ▀▄▄  ▄▄█  ▀█▀ █▀▀▄█▄█ █ █▀█▀ █  ▄▄ █▀ ▀▄▀▀▀▀█
█  ▀▀▄ ▄▄▀█▄█ █▄▄▄▄▄█▄▄▀ ▀▀▀▀▀█ ▄  █ ▄▀▄██▀ ▄▀▄▄   █▀██▀▄ █
█▄ ▀█ ▄▄▄ ▀███▄▀█▄▄█ ▀▄█▀▀█ ▄▄▄   ▀▄███▄▄▀▄ ██▀   ▄▄▄ ▀  ▀█
█  █▄ █▄█  ▀▄█ ▀▄█▄▀█▄▄█ ▀▀ █▄█ ▀█▄▄   █▀▀▀▀▄█▄▄  █▄█ ▀ ▀ █
██▀ ▄  ▄  ▀ ▄ ▄▄▀ ██▄█▀█  █▄ ▄ ▄ ▀█▀▀▄▀▄▄█▀██  ▄▀▄▄    ▀ ▀█
██▀█▄  ▄█ ██  ▄▄▄█▄ ▀█▀▀ ▀█ ▀▄▀ ▄▀▀█ ▄▀▄▀▀ ▀▀████▄▄▀▀▄   ▄█
██▀█ █▄▄▄▀▀▀▀  ▀▄ ▀▄█▀█ █▄▀▄▀ ▀ ▄▀  ▀   ▀█▄▄█▄ █▀▀▄▀▀▀▀▀▄██
█▄█ ▄█▀▄▀ █ ▄█ ▀▀█  ▀▀██▄ ▄▀▀█▀▀ █▄▄▄  ▄▀▀▀ ▄█▀▄▀▀▄█▄█▀ ▄ █
█▄█▄ ▄▀▄▄▄▄ ▄█▄ ▀█▀█▀  ▄▄ █ ▀█▀▄ ▄▀█▄ █▀▀█▄█▀█▀▄▀▄ █▄ ▀▀▄▄█
██▄▀ ▄▀▄█▄▀   ▀██▄▄ ▄▄▀▀ ▀█▀▀▄█▄▀█▀█▄ ▀█▀▀▄  ██▄█ ▄ ▄█ ██▀█
█▀▄▀▀▀ ▄▀▀█▀▄ ▄█▄█▀  ▄▀ █▀█▀▀▄ ▄▀▀▄█▀▀█▄▄▀▄█▄▀█  ▄▄▀ █▄▀███
█▀▀▄▀▄ ▄█▀ ▀█▀▄▄ ▄▀ ▀█▀▄  █ ▄▄ ▄ ██▄▄▄▀▄█▀▀ ▄▀███▄▄▀██▄▀▄▀█
█ ▀ ▀▀▄▄█ ▀▄█▄▄ ▀██▀ ▄▀▀▄▄█▄█▄▄ ▀▀▄ █▀█ ▀▀██▄ ██ ▄▄█▀█  ▀▀█
███████▄▄ ▀██▄▀▄▄▄▄  ███▀ ▀ ▄▄▄ █▀▄█ ▄ █▀█▀▀▄▀█▄▀ ▄▄▄ ▀▄███
█ ▄▄▄▄▄ █▄ █ ▀▀▄█▄▀ ▄█▀█▄▄█ █▄█ ▄█ ▀ ▄▄▀█▀  ▀▄▄▄  █▄█ █▀ ▀█
█ █   █ █ ██ █▄▄▄▀ ▄▄███▀▄   ▄ ▄▄▀▄█▄▄▀▄█▀█  ███ ▄   ▄▄▀▄██
█ █▄▄▄█ █ ▀▄▄██▄▄ █▄▄█▀▄▀█▀▀█▀▀█▄██  █ ▄   ▀▄█ ██▄ ██▀  ███
█▄▄▄▄▄▄▄█▄█▄█▄▄▄▄▄▄▄▄▄██▄█▄████▄▄▄▄▄▄▄▄████▄▄██████▄▄███▄██

▄▄▄▄▄▄▄▄▄▄▄▄▄▄▄▄▄▄▄▄▄▄▄▄▄▄▄▄▄▄▄▄▄▄▄▄▄▄▄▄▄▄▄▄▄▄▄▄▄▄▄▄▄▄▄▄▄▄▄
█ ▄▄▄▄▄ █▄█▀ █ ▀█▀▀▀ ██▀   ▀▀▀▄  ▀██ ▄▄▀█▀▄▄█  ▄ ██ ▄▄▄▄▄ █
█ █   █ █ ▀██▀▀▄██  █▄█▄ ▀ ██▄ ▀ █  ▀▀█ ▄██  █▀▄ ██ █   █ █
█ █▄▄▄█ █▄██▀█▀ ▀▀▄▄ ▀▀▀ █▀ ▄▄▄ ██▀█▀ ▄  ▀ ▀▀▄▄▀▄██ █▄▄▄█ █
█▄▄▄▄▄▄▄█▄█▄▀ ▀▄█▄▀▄▀▄█▄▀▄█ █▄█ ▀ ▀ █ ▀ █ █▄▀▄▀▄█ █▄▄▄▄▄▄▄█
█ ▄  ██▄█▄▄█▄▀▀▀▀█▀██▄  ▀ ▀▄▄▄   █ ▄▀▀▀▄ ▄▀ ████▀ ▄█▀ ▄ ▀ █
█▄▄▀██▀▄▄▄█▄▀█ ▀▀▄ ██ ▄▄ ▄███▀ ▀█▄▀ ▀█▀▀█  ▄  ▄███ █▄▄ ▄▄ █
█ █▀█▀ ▄█▄▄▄ █▄ █▄█▄▀▀█▄ █  ███▀▄▀ ▄▄▄▀▀▀▀▄█ █▀▄██  ██▀ █▀█
████ ▄▄▄  ▀██  ████▄▀ ▄ ███▄▀█▀█▀█▄▄▀▀  █ ▄▀█ ▄▀ ▄  ▀▀▀▀███
█▄ ▄▀▄▄▄ ▄█▀▀ ▄▄▀▀▀▀█▄ ▀▀▄ █▄▄ █ ▄▄▀█▀██▄██▄   ▀▀▄ █▄█▀▄▀██
██   █▀▄▀▀▄▄ ▀▀▀ █▀  ▀██▄█ ▀█ ▀▄ ▀▀▄ █▀ ▄█▄█ █▀  ▄▄▄▄█▄█ ▀█
█ ██ ▄█▄▄▀█▄ █ ██  ███  ▀█ ▀   ▀▀█▄▄▄▀▀█ ▄█▀█▀█▄▄ ▀█  ▄ ▀ █
█▄▀ █▄▀▄█▀ ▀█▀ ▄▀▄▀▀ ▄█▄  █▀ █ ▀▀▄ ▄▄█▀ ▀█▀ █▀▀ ▀   ▄  ▄█ █
█▄ ██▀█▄▄██ █ ██ ▄  █  ▀▄██▀█▀▀▄▄▄▄█▄ ▀ ▀██▄▄█ ▄▄▄█▀█▀▀█▄▄█
██▀▀▄ ▄▄▄ █ █  ▄▄█▄▄▀▀█▄▀ ▀ ▄▄▄ ▀  ██▄ ▄█  ▀▄█▄██ ▄▄▄ ▀▀▀▀█
██▄▀  █▄█ ▄▄█  ▄▀▀█▄▀█▀▀▀▄█ █▄█ █▄ ▀▀█▄▄▄█ █ ▄  █ █▄█ ▄▀█▀█
█▄▄▀▀▄ ▄  █  ▄▄ █ █▄▄▀ ▄▄▄▄ ▄▄▄  █ ▀▀▄█▄ █▀▀█ ▀▄█  ▄▄▄ ▄ ██
█ █▄▄▀ ▄▄ ▄▄ ▀█▄ █▄█▀█ ▄▀ ▄  █▀▀█▀ ▄ ▀▀▄   ▀▀▀▀██▄█▀▄▄  █▄█
██▀█ ▀█▄▄▀▄█ █▄ ▀▀ ▀█▀ ▄▀▀██▀▄ █  █▄  ▄▀ ▀█▀▄ ▄  ▄  ▄  ▄▄ █
█▀▄▄ ██▄▀▄▀ ▄▄ ███▄▄▀█▀█ ▄▄███ █ █ ▄▄   ███▄▄▀█▄██▄▀ ██▄▄██
██▄▄▀█▀▄█▄█▀ ▀ ▀ ▄▀▄  ▀█▄▀▄  ▄▄▀ ▄ ▄▄▀▄▀▀▄▄▄▀▄ █▀█▀██▀▀ █▄█
█   █▄▀▄▀█ ▀▀ ▀▄  ██ █▄█▀▄▀ ▄ ▄▀█▄▄▀███▄▄███▄▄  ▄██ ▀▀▀▄▀ █
██▄██ ▀▄▀█▄█▀██  ██▄  █ ▀████▄▄ ▀█ ████  ▀ █▄█▀▄▄▀▄█▄████▀█
█  ▀ █▄▄█▄ ▄█  ▄▀█▀▀ █ █ ▀█▀██ █▀█▄▄▄█▀█▄ █ █▀▄██▀▀▀██▀ █▀█
█ ▀ ▀▀▄▄ █▄ ▄▀ ▀▄▀▄ ▄█ ▄█▀ █  ███  ▄   ▄▄██▄▄▀█ ▀ ▄ ▄█▀██ █
███████▄█▀██▀ ▀  █  ▀▀█▀█▄▀ ▄▄▄ ██ ██  ▀█▀▄█ █▀██ ▄▄▄ ▄ ▀██
█ ▄▄▄▄▄ ██▀▄   ▄ ▄▀▀▀▄ ▄▀ ▄ █▄█ █▀▀ ▀█▄ ▄ ▀ ▄▀█▄█ █▄█ █ ▀██
█ █   █ █▀ ▀█▄ █▀█▀▀ ▄ ▀ ▀▄ ▄   ▄▄▀▀█▀██ ▀▄█▄▄ ▀▀ ▄  ▄█▄▀██
█ █▄▄▄█ █ ▄  ▀ ▄  ▀ ▄▀█▄█▀▀█▀██▀█ ▀ █   █▀▄█▄ ▄█▀  ▀▄▀▄▄█▀█
█▄▄▄▄▄▄▄█▄▄█▄█████▄██▄▄▄▄▄██▄████▄██▄███▄▄████▄▄█▄▄▄███▄███

▄▄▄▄▄▄▄▄▄▄▄▄▄▄▄▄▄▄▄▄▄▄▄▄▄▄▄▄▄▄▄▄▄▄▄▄▄▄▄▄▄▄▄▄▄▄▄▄▄▄▄▄▄▄▄▄▄▄▄
█ ▄▄▄▄▄ █▀ ▄ █▀█ ▄▀▀▄  ██  ▄▄▄▄  ▄█▄▄▄ ▄▀▀  ▀▄█▄ ██ ▄▄▄▄▄ █
█ █   █ █▄▀█▄ ▄▄█▄██▀▄█▄█▄███▄█▄▀▄  ▄▄  ▄▄ ██▄▀▄ ██ █   █ █
█ █▄▄▄█ █ ▀▀ ▀ ▄████▀███▀▄  ▄▄▄ ▀▄█▀▄ █▄██▀ █▀ ▀▄██ █▄▄▄█ █
█▄▄▄▄▄▄▄█ █ ▀▄▀ ▀ ▀▄▀ ▀ ▀▄█ █▄█ ▀▄█▄█ ▀▄▀▄█▄▀ █ █ █▄▄▄▄▄▄▄█
█▄ ▀ ▀█▄ ▀█▀██▄▀▀█▄  ▄  ▄█ ▄▄▄▄▄██ ▄▄▄▄▄ ▄▄█ ███▄▄█▄▄▄▀▄▄▀█
████▀▀ ▄▄ ▀▀██▀██ ▀▄▄▄  ▀█ ▀██▀ ▄ ▀  ▄▄▀▀▄█▀▀▄ ▀▀  ▀▀ ▀██▄█
█ █▄ ▄ ▄▀  ▄ █▄█ ▀█▄▀▄ ▀ █ █▄▄█▀▄▄█ ▄▄ ▄▄▄▄▄  █  █ █  █▄█▄█
██▀▀ ▄▀▄▄▀▀█ ██████▄▄      ▄▀█  ▄█ ▀ ▄▀██▄ ▄  █████   █▄ ██
█▄▀▄  █▄▀ ▀█ ▀█ ▄▄▄▄▄▀ █▄█▀▀   █▀ ▀█ ▄█  █▄█▀ █▄ █▀▀ ▀▀▄▄▀█
███ ▄▄▀▄▀▄▀▀ ▀▀▄█▀▀ ▀▀     ▄ █▀▄  ▄▀█▄ █▄█▄█  █▄ ▄ ▀▀ ▄█ ▄█
█▄██ ▀▀▄▀▀█▄▄▄███ █  █  ▄ █▀  █▄██▄▄█ ▄█▀  ▄█▀█▄▀█ █  ▀██▀█
██ ▄▀▄▄▄ ▀ █ ▄█▀█   ▀ ▀ ▀▀▄█▄▀▀   ▄ █▄ ▄█  ▀▄▄█▄ ▀▀█ ▄▀█▄▄█
█▄    ▀▄ ▄██▄  ▄█▀  ███▄▄██  ▄▀▄▄▀▀ ▄ ▀█▄ █▄▄ █▀██ █ ▄▀█▄▀█
█ ▄▀▄ ▄▄▄ ▀  █ ▄▄█▀▀▄▀█▄▄██ ▄▄▄ ▄  █ ▀█ █ ▀▄▀█ ▀▀ ▄▄▄ ▄▄▄▀█
█▄█ █ █▄█ ▄ ▄▀█ ██▄█ ▀██ █▄ █▄█ ▄ ▄▄ ▄█▀ ▀ ▄▀ ██  █▄█ ▀▄▄██
█   ▄▄ ▄▄  █ ▄▄█ █ █▄▄▄ ▄▄█   ▄   ▄██▄█▀▀▄▄▄▀▀▀█▄▄ ▄▄ ▄█  █
█▀▄▀▄▀█▄ ▀▄▄█▄ ▄█▄▀ █▄▄ ▄█▀ ██▄▄ ▀ ▄█▄█▄▄ ██▄▀█▄ ▄ ▀▄▄██ ▄█
█▀▀▄▄█▄▄██ ▀▀▄█▄▀▀▀ ▀ ▄ ▀▄▄▀▄▀▀▄█▄▀ ▀ ▄▄▄██ ▄  ▄ █▀▄██▀██▄█
█▀ ▀█ █▄▀▀▄█ ▄    ▄▄▀ ▄  ▄▄   ▄▀▄ █▀▄▄ █ ▄█▄   ▀██▄▄█ █▄█ █
█ ▀▄▀█▄▄ ▄█▀▀▀██ ▄▄▀█ ▀█▀▄▀  ▄▀▄▄█ ▄▀█▀▀▀▄▀▀▄▄ █▄ ▄██▀▄█ ▄█
█▀▀▄▀▄█▄ ▀▄  ▄▀█▄▄▄▄▀▀ ▀ █ ▄ ▄█ ▄  █▄▄▄  ▀▄▄█ ▄▄█▄▀▄██ ▀ ▄█
██▄  ▄▄▄▀  ▀▄█▄ █ █▄ █ █▀██  ▀▄ ▀ ▀ ███▀█▄ █▄ ▄█  ▄ ▀ ▄██▄█
███  ▀▄▄███  █▄ ▀█▄▄██ ██▄▀ ███ ▄███▀ ██▄ ▄█ ▀█▄ ██▀██▄█ ▀█
█ ▀ ▀▀▄▄▄█ ▄█ ▀█ █▄██▀█▄▄ ▀▀▄▄▄▄▄▄█ █▀█  ▀▀ ▀█▀  ██▄  ▀▄▄▄█
███████▄▄▀  ▀ ▀█▄  ▄▀▄▄  █▀ ▄▄▄ █ █  ▄▀█▄▄██▄▄█ ▀ ▄▄▄ █▀▀ █
█ ▄▄▄▄▄ █▄▀▄███▄█▄▄▄██ ▄▀▄▀ █▄█ ▄█▀  ▀▀ ▀▄▄█▀█▄▄  █▄█  █▀██
█ █   █ █▀▄█▄█▀▀█▀  ▀ ▄█▀ █▄ ▄  ▀▄██ ▄▄▀ ▀█▄█ ▄█  ▄▄▄▄▄█▀ █
█ █▄▄▄█ █▀█ █ ▀ ██▀ ▄▄ ▀█▀▀  ▄█▀█▄▄██▀ █▀▄▄██▄▀ ▀  ▄▄ ▄▄█▄█
█▄▄▄▄▄▄▄█▄▄█▄█▄████▄▄▄▄▄██▄█▄█▄▄▄▄███▄▄█▄▄▄▄▄█▄▄▄██▄▄▄▄█▄██

▄▄▄▄▄▄▄▄▄▄▄▄▄▄▄▄▄▄▄▄▄▄▄▄▄▄▄▄▄▄▄▄▄▄▄▄▄▄▄▄▄▄▄▄▄▄▄▄▄▄▄▄▄▄▄▄▄▄▄
█ ▄▄▄▄▄ █▀▀▀▄▀▀▄▀██▄▄█   ▄ ██▀ ▄ ██▀ █▄█▀█▄ █▀▄▄ ██ ▄▄▄▄▄ █
█ █   █ █▀ ▄▀▄ ▄▄▄ ▀▄█▄█ ▀▀█▄█  ▀█▀▀▄▀▄ ███▀ ▄ ▄ ██ █   █ █
█ █▄▄▄█ █▀▄▀█▀█▀▄██▀▄ ▄█▀ █ ▄▄▄ ▄▀▄▀▄▄ ▀█ ▀▄ █▀▀▄██ █▄▄▄█ █
█▄▄▄▄▄▄▄█▄█▄▀▄▀ ▀▄█ ▀ ▀▄█ █ █▄█ ▀▄█ ▀▄▀▄▀ ▀ ▀ █▄▀▄█▄▄▄▄▄▄▄█
█ ▄  ▄▀▄ ▄▀▄█▀ ▀ ▄▀▄▄▄▀▀▀▀  ▄▄  ▀█▀█▀  ▄▀█▀▀▄█▄▄   █▄▀▄▀ ▀█
█▀    ▀▄▀▄█▀▀█▄ ▄ ▀ ▀▀▀ ▀▀ ▄ █▀▄▀█ ▄  █▄ ▄▀▀▄▀██▀▀███▀▀▀ ▀█
█▄█▀ ▀▄▄▀▀  ▄▀▄▄▀▄▀ ▀█▀▄▄▀▀██▀▀█▄█▄▄  ▀██▀▀  ▀▄▄ ▀ ▄ ██ ███
█▄▀ ██▄▄▀  ▄█▀▀█▄▄▄▄  █▀█▄▄▄ ▄▀▄ █▄▄█▄▀▄ ▀█▀  ██▀▀▀ ▀ ▀▀▄██
█▄▀▄▀ █▄▄█ █ █ █▀▄▄▄▀█▄▀▀▀▄▄▀ ▀ ▄█▀▄ ▄ █▀▀█▀▄██▄ ▀▄▄▀▀▀▀▀▄█
██ ██▀▀▄▀█ ▄▄█▀█ ▄█▄ █▀█▄▄ █▀ █ ▄▀█▄▀▄▀█▀█ ▀▄▄█▀▄ ▄▄ █ ▀▄▀█
█▀ █▀██▄█▀▄█ █▀█▄▀ ▄▄█▀▀▀▄▀▀▀▀  ▄▀██▀▄ ██▀█ ▄█▄█▄▀▄▄▀▀▄▀▀ █
█▀█▀ ▄█▄█ ▀  ▄█ ▄  ▄▄█  ▀█▀ █▀▀▄█▄█ ▄▀█▀▄▀ █▀ ▄▄ █▄ █▄▀▀▀▀█
█  ▀▀█▄▄ ▀█▀▄▀▀▄▄▄▄▄█▄▄▀ ▀██▀▀█ ▄  █ ▄▀▄██▀ ▄▀▄▄▄▀ ██▀█▀▄ █
█▄ ▀█ ▄▄▄  ▀█ ███▄▄█ ▀▄█▀▀▄ ▄▄▄   ▀ ██▀ ▄▀▄ ███▄▀ ▄▄▄ ▀  ▀█
█  ▀▄ █▄█  █▄█▀▀▄█▄▀█▄▄█ ▀█ █▄█ ▀███  ▀█▀▀▀▀▄█▄▄▄ █▄█ █▄▀ █
█▄ █   ▄▄▄▀ ▄ ▄▄▀ ▄▄▄█ ▄  ▄▄ ▄ ▄ ▀█▀█ ██▄▀▀▀█ ▀▄█▄▄  ▄ ▀ ▀█
█▄ ▀▄  ▄█ ██  ▄▄█▄▄  ▄▀▀▀▀█ ▄█▀ ▄▀▀█ ▄ █▄█   ▀▄█▀█▄▀▄█ ▀ ▄█
██▄█ █▄▄█ ▀▀▀  ▀▀█▀▄▀▀█  █▀▄▄▀▀  ▀  ▄  ▀▄▀█▄▀▀▀█▀▀▄▀  ▀▀▄▀█
█▀▀ ▄█▀▄▀ █ █▄ ▀▀█  ▀▀██▄ ▄▀▀█▄▄▄▀▄▄▄▄ ▄ █▀  ▀▀▄▀▀▄█▄█▀ ▄▀█
█▄█▄ ▄▀▄▄▄█   █▀▀█▀█▀  ▄▄ █ ▀█▄ ▀█▀█▄ █▀ ▄▄█ █▀▄▀▄ █▄ ▀▀▄▄█
██▄▀ ▀▀▄█▄▀█▀█▀██▄▄ ▄▄▀▀ ▀█▀▀▄█▄▀█▀█▄ ▀█▀▀▄  ██▄█  █▄█▄██▀█
█▀▄▀▀█▀▄▀▀▄█ ▀██▄█▀  ▄▀ █▀▀▀▀▄ ▄▀▀ █▀▀▀ ▄▀ █▄▀█▄ █▄█ █ ▀███
█▀▀▄▀ █▄▄▀ ██▀ ▄ ▄▀ ▀█▀▄  ▄▀▄▄ ▄ ██▄▄▄▀▄█▀  ▄▀▀▄▀█ ▀▄▄▄ ▄▀█
█ ▀ ▀▀▄▄▄█▀▄█▄▄ ▀█   ▄ ▄▄▄▄ █▄▄ ▀▀█▀███▄▀▀▄▀ ▄█▄▄▄▄▀ ▄█▀▀▀█
███████▄█ ▀██▄▀▄▄▄▄▄▀██▀▀▀▀ ▄▄▄ █▀▄█  ▀█▀▀ ▀ █ █▀ ▄▄▄  ████
█ ▄▄▄▄▄ █▄ █ ▀▀▄▀▄▀ ▄▀▀██▄█ █▄█ ▄█ ▀▄▄█▀▄ ▀ ▄██▄  █▄█ █▀ ▀█
█ █   █ █ ██▄▄▄▄▄▀ ▄▄███▀▄     ▄▄█▄█▄ ▀▄▄▀█  ███▀▄   ▄▄▀███
█ █▄▄▄█ █ ▀█▄█▀▀▄ █▄▄█▀▄▀█▀▀█▀▀██▄█  ▄ ▄▀▀ ▀█▄ ██▄ █▀▀  ███
█▄▄▄▄▄▄▄█▄▄▄██▄█▄▄▄▄▄▄██▄█▄██▄█▄▄▄▄▄▄▄▄████▄▄██████▄▄███▄██

▄▄▄▄▄▄▄▄▄▄▄▄▄▄▄▄▄▄▄▄▄▄▄▄▄▄▄▄▄▄▄▄▄▄▄▄▄▄▄▄▄▄▄▄▄▄▄▄▄▄▄▄▄▄▄▄▄▄▄
█ ▄▄▄▄▄ █ ▄▀▄▀▄ ▄██▄█ █ ▄▄█  ▀ ▄█ ▄▀█ ▀▄█▀▄▄ ▀▀▄ ██ ▄▄▄▄▄ █
█ █   █ █  ▀ █ ▄▄ █▄██▄ ▄█▀█▄ ██▀▄▀▄▄█▄ █  ▄ ▄ ▄ ██ █   █ █
█ █▄▄▄█ █▀▀█ ▄ ▄▀██▀▀█▀█▀   ▄▄▄  ▀▀▀▄▄█▄▄▀▀▄▀▄▄▀▄██ █▄▄▄█ █
█▄▄▄▄▄▄▄█▄▀▄█▄▀ ▀ ▀▄▀ ▀ ▀▄█ █▄█ ▀▄█▄█ ▀▄▀▄█▄▀ █ █ █▄▄▄▄▄▄▄█
█  ██ ▄▄█▀██  █▄█▄▀▄▀▀▄▀▀▀█  ▄  ▄ ▄█▀ █▀▄█▀▀▀ ▀▄▀▀█▀ ▀▄ ▄▄█
█▄   ▄█▄▄ ▄▀██▄ ▄█▄█▀▀▀█▄▄▄▄▄ ▄▀▀█▄▀██▀▄ ▀▄▄▄▀▀ █▄▄█▀█▄▄ ▀█
█▄  ▀▀▄▄▄ █ ▄▀▀▀▄▄▀ ▄ ▄▄▄▀▄▀ █▀█▀  █  █▀ ▀  █▄ █ ▀█▀ ██▄  █
█▄▄▀▀ ▀▄▀  ▀ ▄▀█▄▀█▄  ▀  ▀▄▄▀▀ █ █▀▄▄▀  ▄▄█▄  ██ ▀▀  ██▄▄██
█▀▄█▀ █▄▀ ██ ██  ▄▀▄▄ █▀▀ ▀▀▄   ▀ ▄▄▄▄▄ ██▀▀ ▄▀█ ▀▀▀▄▀   ▀█
██▀▄█ ▄▄▀█ ▀▀ ▀█▀▄ ▀▄▄▀  ▀ █▀█ ▄ ▀█▀█▀▀█▀███ ▀█▄▀█▄▄  █▄▄▀█
█▀▄ ▄  ▄ ▄▀█  ▄ ▀▀ ▄▀ ▄▀▀▄▄▄▄▀  ▀▄ ██▄█ ▄██  ▄▀█▄▀▄▀▄▀▄▀▄▄█
█▄█▀  ▀▄▀ ▀▀▄▀ ▄▄██▀▄█ █▄ ▀ █▄▄▀▄███▀██▀▄██ ▀▀▄▀█ ▀█▀▀▄▄▀▀█
█ █▄▄ ▀▄ ▀▀█ ▀ █▀▄▄▄ ▀▀▀ ▀▄▄▄▀█ ▀███ ▄▄▀ █▀ ▀▄▀▄ ▀ ▀ ██▀▀██
█▀ ▀█ ▄▄▄  █▄▀ ▀█▀▀  ▀▄ ▄▄  ▄▄▄   █▀  █▄▄▄▀▀██▀▀▄ ▄▄▄ ▄█ ▀█
█ █ ▀ █▄█   ▄█▄▄▀█▄▀ ▀▀█ ▀▄ █▄█ ▄ ▀▄  █▀▄▀▀ ▀ ▀▄▀ █▄█ ▄▀▄██
██▄    ▄▄▄▀█▀█▄▄▀█ ▀▄█▄████▄  ▄  ▀▄▄▄▀█▀ ▄  ▀▄█▀█▄▄ ▄  ▄ ▀█
█ █▄█  ▄▀▀ █  ▀▀▄▄▀▄█▀▄▀▀▀ █▀█▀ ▀▄▄█  █ ▄█▀▀█ ▄█▀▄▀▄▀█ ▀▀▀█
█▀  ▄ ▀▄▀▀▀▄▄█ ▀ ▀▄▀▄▀██ ▄▀▄ ▄▄█ ▀ █ █▀▀█▄ ▀█▄▀▀▄▄▄▀ █▄▄ ▀█
████▀█▀▄▄█  ▀ █▄▄█  ▄▄ █▄ ▀▄▄█ ▄█▄▀▄▄▄█▀▀█▀ █▄▄▄▀▀▀ ▀█▀ ▀▄█
█▀█▄ ▀▄▄▄▄▀ ▀▀▄ ▀ ▄ ▀  ▀▀██ ▀ ██ ▄▀  ▄█▀ ▀▀  █▀▀▄▀ █▄█▄▄▄▄█
██▀▄█ ▄▄ ▀▄▄▄█▄▄ ▄▄ ▀▀▄▀ ▀ ▄▄▄█▄▄ ▄█▄ ▄ ▄▀▄ █  ▄█ █▀▀█▄█ ▄█
█▄▄▀▀▀ ▄▀▀▄▄█▀█▄▄ ▄█ ▄▀█ ▄▀▀▀▀█▀▀▀▄ ▄▄▀ ▄▄█▄▄▀▀██ ▄▀   ▄███
█▀▄▀  ▄▄ ▀█▄█▀█ █▄▀ ▄ ▄▄  ▀▀▀▄ ▄█ █▄▄▄▄▀ ▀  ▀▄█▄▀█▄█▀▄▄▀▀▄█
█ ▀ ▀▀▄▄▄█▀▀ ▀▄ ▀ ▄█ ▄▀█▀▀█▄█▀▀█▀▀██▄ █▀█ █▀ ▄▀▀█▄▄▀▀ ▀▄▀▀█
███████▄█ ▄██▄▄▀▀█▄▄█▀▄▀▀ ▄ ▄▄▄  ▄▀█▀ ▄▀▄▀█▀█▄██▀ ▄▄▄  █▄▄█
█ ▄▄▄▄▄ █▀  █▄▀▄ ▀▄█▄▄▀ ▄██ █▄█ ▄█ ▄▄▄▄ ▄ █▄█▀█▀█ █▄█  ▄▀▀█
█ █   █ █▄ █▀▄▀▀▀▀ ▄▀  █▀▄█▄   ▄▀ ▀█ ▄▄▀▄▀█ ▀  █▀▄▄▄ ▄▄▀▀ █
█ █▄▄▄█ █▀▄ ▀  █▄█ ▀▄█▀▀▄ ▀▀ ▄▄ █████  ▄ ▄█▄▄█   ▀ █▀▄█████
█▄▄▄▄▄▄▄█▄██▄█▄██▄▄▄██▄█▄██▄▄██▄███▄▄▄█▄▄██▄█▄▄███▄█▄████▄█

▄▄▄▄▄▄▄▄▄▄▄▄▄▄▄▄▄▄▄▄▄▄▄▄▄▄▄▄▄▄▄▄▄▄▄▄▄▄▄▄▄▄▄▄▄▄▄▄▄▄▄▄▄▄▄▄▄▄▄
█ ▄▄▄▄▄ █▄█▀ █▀▀█▀   ██▀   ▀▀▀▄  ▀█▀▄█▀██   ▀▀ ▄ ██ ▄▄▄▄▄ █
█ █   █ █ ▀█▀▀▀▄▄█  ▄██▄   ██▄ ▀█▄    █ ███ █▄▀▄ ██ █   █ █
█ █▄▄▄█ █▄▀▀▄ ▀ ▀▀▄▄ ▀▀▀ █▀ ▄▄▄ █▄▀██ ▄ ██ ▀▄▄▄▀▄██ █▄▄▄█ █
█▄▄▄▄▄▄▄█▄█ ▀▄▀▄█▄▀▄▀▄█▄▀▄█ █▄█ ▀ ▀ █ ▀ █ █▄▀▄▀▄█ █▄▄▄▄▄▄▄█
█ ▄  ▀▀▄█▄ ▄▄▄▀▀▀█▀██▄  ▀ █ ▄▄   █ ▄▀▀▀▄ ▄▀ ████   ██ ▄ ▀ █
█▄▄▀██▀▄▄▀██▀█ ▀▀▄ ██ ▄▄ ▄▄▄▀█ ▀█▄▀ ▀█▀██  ▄   ▀ █▀█▀█ ▄▄ █
█ █▄▀▀ ▄▀  ▄ █▄ █▄█▄▀▀█▄ █▀ ▄▀█▀▄▀ █▄▄▄▀▀▀██ █▀██▄   ▀█▄█▀█
█  ▀▄▄▄▄ ▀▀██  ████▀▀ ▄▄███▄▀▄█▀▀██ ▀██▄▀ ▄▄▀▄▀▀▄█   ▀▀ ███
█▀█▀█▄▄▄ ▄█▀▀ ▄▄▀ ███▄▄▀ ▄ █▄▄▀█ ▄▄ ██ ▄██ █▄ ▀▀▀▄ █▄█▀█▀██
█▀ ▄▀▀▀▄▀▀▄▄ ▀▀▀▄█▀ █▄██▄▄ ▀█ ▀▄▄▀▀▄▀▀  ▄ ██▀█▀  ▄▄▄▄█▄█ ▀█
█ ▄█   ▄▄▀█▄▄█ ██  ███  ▀█ ▀   ▀██▄▄ ▀▀█▄ █▀ ▀█▄▄  █  ▄   █
█▄▀ █▄▀▄█▀█ ▀ █ ▀▄▀▀ ▄█▄  █▀ █ ▀ ▄ ▄▄▄▀ ▀▄▀ █ ▀ ▀ █▀ ▄ ▄█ █
█▄ ██ █▄▄█▀▀ ▄   ▄  █  ▀▄█▀▀█▀▀▄▄▄▄█▄ ▀ ▀██▄▄█ ▄▄█▄ ▀█▀█▄▄█
██▀▀▄ ▄▄▄ █▄█▄█▀▄█▄▄▀▀█▄▀ █ ▄▄▄ ▀  ██▄▄▄█ ▄█▄█▄▀▀ ▄▄▄ ▀▀▀▀█
██▄▀▀ █▄█ ▀ █ ▄▄▀▀█▄▀█▀▀▀▄█ █▄█ █▄ ▀▀█▄█▄█ █ ▄  ▄ █▄█ ▀▄█▀█
█▀▄▄█  ▄  █  ▄▄ █  ▀▄▀█▀▄▄▄ ▄▄▄  █ ▀█ █▀ █▀▀█▄█▄█  ▄▄  ▄ ██
██▀ ▀▀ ▄  ▄▄ ▀█▄▄▄ █ ▄▄▄▀ ▄ █▄▀▀█▀ ▄▀▀▀█▄▄▀▀▀▀▄█▀ █▀▀█  █▄█
█▄▄▀▀▀█▄█▄▄█ █▄    ▀ █ ▄▀▀██▄  █▄ █▄▀██▀▄█▄▀▀▄▄  ▄  ██ ▄  █
█ ▄▄ ██▄▀▄▀  █ ███▄▄▀█▀█ ▄▄███▄█ ▀ ▄ ▄  ▄██▄ ▀█▄██▄▀ ██▄███
██▄▄▀█▀▄█▄ ██▄█▄ ▄▀▄  ▀█▄▀▄  ▄▄█ ▄ ▄▄▀▄▀ ▄▄▄ █ █▀█▀██▀▀ █▄█
█   █▄▄▄▀█▄▀▄▀▀▄  ██ █▄█▀▄▀ ▄ ▄▀█▄▄▀███▄▄███▄▄  ▄█ ▀▀▀█▄▀ █
██▄██▄█▄▀█▄█ ▄ ▀ ██▄  █ ▀████▄▄ ▀█ ████▄ ▀▄▀▄██▄▄ ▄▀▄█▄▄█▀█
█  █ ▄▄▄ ██▀█ █ ▀█▀▀ █ █ ▀█ ██ █▀█▀▄▄█▀█▄ ▀▀█▀ ▄█▄▄▀▄▄█▄█▀█
█ ▀ ▀▀▄▄▄▀▄ ▄▀ ▀▄▀█▀▄█ ██▀    ███  ▄▄ █▀ █▄  ▀  ▄ ▄▄ ▄▀██ █
███████▄█▀██▀ ▀ ▀█ ▄  ▀██▄▀ ▄▄▄ ██ █▄ ▄  ▀██▄▀▀▄█ ▄▄▄ █▀█▀█
█ ▄▄▄▄▄ ██▀▄   ▄▄ ▀▀█▄ ▄▀▀▄ █▄█ █▀▀ ███  █▀▀▀█▄▄  █▄█ █ █▀█
█ █   █ █▀ ▀▀▀ █▀█▀▀ ▄ ▀ ▀▄  ▄   ▄▀▀█▀██▄▀▄█   ▀▀ ▄  ▄█▄ ▄█
█ █▄▄▄█ █  ▄▀▀█   ▀ ▄▀█▄█▀▀█▀██▀█ ▀ ▄   ▄ ▄██▀▄█▀  ▀█▀▄▄█▀█
█▄▄▄▄▄▄▄█▄█▄█▄▄███▄██▄▄▄▄▄██▄████▄██▄███▄▄████▄▄█▄▄▄█▄█▄███

▄▄▄▄▄▄▄▄▄▄▄▄▄▄▄▄▄▄▄▄▄▄▄▄▄▄▄▄▄▄▄▄▄▄▄▄▄▄▄▄▄▄▄▄▄▄▄▄▄▄▄▄▄▄▄▄▄▄▄
█ ▄▄▄▄▄ █▀▀▀▄▀▀▄▀▀█▄▄█▀ ▄▄ ██▀ ▄ █▄▀ █▄█▄█▄▄▄ ▄▄ ██ ▄▄▄▄▄ █
█ █   █ █▀ ▄▀  ▄█▄ ▀▄█▄█▀ ▀█▄█  ▀▄▀▀▀ ▄ ▄▄█▀ ▄ ▄ ██ █   █ █
█ █▄▄▄█ █▀▄▀█▄█▀▄██▀▄ ▄█▀ █ ▄▄▄ ▄ ▄▀ ▀ ▀▄▄▀▄ ▀▀▀▄██ █▄▄▄█ █
█▄▄▄▄▄▄▄█▄█ ▀ ▀ ▀▄█ ▀ ▀▄█ █ █▄█ ▀▄█ ▀▄▀▄▀ ▀ ▀ █▄▀▄█▄▄▄▄▄▄▄█
█ ▄   ▀▄▄▄▀███ ▀ ▄▀▄▄▄▀▀▀▀ ▄▄▄  ▀█▀█▀  ▄▀█▀▀▄█▄▄▄▀ █▄▀▄▀ ▀█
█▀   ▀▀▄▀█▀  █▄ ▄ ▀ ▀▀▀ ▀▀ ▄▄▀▀▄▀█▄▄  ▀  ▄▀▀▄▀██▀██▄  ▀▀ ▀█
█▄█ ▀▀▄▄▀ █▄▄▀▄▄▀▄▀ ▀█▀▄▄▀▀▄█▀▀█▄██▄  █▄█▀ ▀ ▀▄▄   ▄▀▀▀ ███
█▀▄▀▀█▄▄▀▀ ▄█▀▀█▄▄ █  ▀▀█▄▄▄▀██▄ █▄██▄  ▄▀▀█▄ ▀ ▄▄▀ ▀▀▄▀▄██
█▀ ▀  █▄▄█ █ █ █▄▄ ▄▀█ ▀  ▄▄▀ ▀▀▄█ ██▄▀▄ █▀▀████ ▀▄▄▀▀ ▀█▄█
█ █▄ █▀▄▀█ ▄▄█▀█▀ █▄ █▀█ ▄ █▀ ▄ ▄▀█▄█▀▀▄█▄ ▀█ ▄ ▄  ▄ █ ▀▄██
█ ██▀▀ ▄█▀▄██▄▀█▄▀ ▄▄█▀▀▀▄▀▀▀▀  █▀██ ▄ █▀▀█ ▄▀▄█▄▀██▀▀▄▀▀ █
█▀█▀ ▀▀▄█▄▄▄▄ █▀▄  ▄▄█  ▀█▀ █▀▀▄▄▄█ █ █▀▄▀ █▀ ▄▄ █  ▀ ▀▀▀▀█
█  ▀▀██▄▀▀▄▀ ██▄▄▄▄▄█▄▄▀ ▀█▀▀▀█ ▄  █ ▄▀▄██▀ ▄▀▄▄▀▀ █▄██▀▄ █
█▄ ▀█ ▄▄▄ ▄█▄▄ ██▄▄█ ▀▄█▀▀▄ ▄▄▄   █ ██▀▄▄▀▄ ██▀▄▀ ▄▄▄ ▀  ▀█
█  ▄▀ █▄█ ▄ ▄█▄ ▄█▄▀█▄▄█ ▀▀ █▄█ ▀█▄▄   ▄▀▀▀▀▄█ █▄ █▄█   ▀ █
█ ▄▄  ▄▄  ▀ ▄ ▄▄▀ █▄▄██   ▄  ▄ ▄ ▀▄ █▄▀▀ █▄█▀ ▀▄ ▄▄      ▀█
█ ██▀  ▄█▀██  ▄▄ ▄  ▀▄██▀ █ ▄▄▀ ▄▀▀█  ▀▄██▀▀█▀▀█▀ ▄▀▄█ ▀  █
█▄ ▄██▄▄▀█▀▀▀  ▀▀▄▀▄▀██ ▀ ▀▄ █▀ ▄█  ██ ▀ ▄█▄██▀▄ ▀▄▀▄▄▀▀ ██
██▀ ▄█▀▄▀ █  ▄ ▀▀█  ▀▀██▄ ▄▀▀█  ▄█▄▄▄  ▄██▀  █▀▄▀▀▄█▄█▀ █▀█
█▄█▄ ▄▀▄▄▄▄▄▄█▄ ▀█▀█▀  ▄▄ █ ▀█▄▄ ▄▀██ █▀ ▄▄█▀▄▀▄▀▄ █▄ ▀▀▄▄█
██▄▀ ▀▄▄█▄██▄▄███▄▄ ▄▄▀▀ ▀█▀▀▄█▄▀█▀█▄ ▀█▀▀▄  ██▄█ █▀▄█▄▀█▀█
█▀▄▀▀▀█▄▀▀ ███▄▀▄█▀  ▄▀ █▀█▀▀▄ ▄▀▀▄█▀▀▀ ▄▀ ▀▄▀▀▄ ▀▀▀ █▀▀███
█▀▀▀▄  ▄█▀▀██▀█▄ ▄▀ ▀█▀▄  ▄▀▄▄ ▄ █ ▄▄▄▀██▀▀▀▄▀█▄▀▀▄▀▄▄▀▀▄▀█
█ ▀ ▀▀▄▄ ▄▀▄█▄▄ ▀█▀▄ ▄ ▀▄▄▄▀█▄▄ ▀▀█ █▀███▀█▄▄▄ ▀ ▄▄███ ▀▀▀█
███████▄█▀▀██▄▀▄▄█▄ ▀▄▀█ ▀▀ ▄▄▄ █▀▄█ ▄█▄▄▀█▀▄█▄██ ▄▄▄ ▀▄▀██
█ ▄▄▄▄▄ █▄ █ ▀▀▄▄█▀ ▀█▀█▀▀█ █▄█ ▄▀ ▀  ▄  ▀ ▀█▀██▀ █▄█ █▀ ██
█ █   █ █ ██▀▄▄▄▄▀ ▄▄███▀▄  ▄▄ ▄ ▀▄█▄ ▀▄█▀█  ▀██▀▄  ▄ ▄▀▄██
█ █▄▄▄█ █ █▄▀▄█▄▄ █▄▄█▀▄▀█▀▀▀█▀█▄██ ▀█ ▄▀  ▀▄█ ██▄ █▀▀  ███
█▄▄▄▄▄▄▄█▄▄▄██▄█▄▄▄▄▄▄██▄█▄█▄▄█▄▄▄▄▄▄▄▄████▄▄██████▄▄▄██▄██

▄▄▄▄▄▄▄▄▄▄▄▄▄▄▄▄▄▄▄▄▄▄▄▄▄▄▄▄▄▄▄▄▄▄▄▄▄▄▄▄▄▄▄▄▄▄▄▄▄▄▄▄▄▄▄▄▄▄▄
█ ▄▄▄▄▄ █▀▀▀▄▀ ██▀▄▄ █▀ ▀  ██▀ ▄ ████▀ █▀▄▄ ▄█▄▄ ██ ▄▄▄▄▄ █
█ █   █ █▀ ▄▀▄ ▄█▄ ▀██▄█ ▀▀█▄█   ▄▀▀▀ ▄ ▄██▀ █ ▄ ██ █   █ █
█ █▄▄▄█ █▀ ▀ ▄█▀▄██▀▄ ▄█▀ █ ▄▄▄  ▄▄▀▄█ ▀ ▄▀▄▀█▀▀▄██ █▄▄▄█ █
█▄▄▄▄▄▄▄█▄█▄█ ▀ ▀▄█ ▀ ▀▄█ █ █▄█ ▀▄█ ▀▄▀▄▀ ▀ ▀ █▄▀▄█▄▄▄▄▄▄▄█
█ ▄  ▄█▄▄  █   ▀ ▄▀▄▄▄▀▀▀▀ ▄▄▄  ▀█▀█▀  ▄▀█▀▀▄█▄▄▀▀▄█ █▄▀ ▀█
█▀    ▀▄██ ▄▀▀▄ ▄ ▀ ▀▀▀ ▀▀ ▄▄▀▀▄▀█▄▄  ▀▄ ▄▀▀▄▀███ ▄▄██▀▀ ▀█
█▄█▄ ▀▄▄▄▀▄▀▄▀▄▄▀▄▀ ▀█▀▄▄▀ ▄▄▀▀█▄█▄▄  ▄▄█▀▀▀ ▀▀█▀▀ ▄█▀▀ ███
██ █▄█▄▄   ▄█▀▀█▄▄ ▄  ███▄▄▄ ▄█▄ ███▀ ▄  █▀█  █▄▄▀▀ ▀▀▀ ▄██
█ ▀▄▀ █▄▄█ █ █ █ ▄▄▄ ▄▄▀▀▀▄▄▀ ▀▀▄█▀█▄▄▀███▀  ▀▄█ ▀▄▄▀▀▀ ▀ █
█▀▀▀▀▀▀▄▀█ ▄▄█▀█▄▄█▄▄▀▀█▀▄ █▀ █▀ ▀█▄▄▄▀█▄█▀▀█ ▄▀▄  ▄ █ ▀█▀█
█▀ █▀█▄▄█▀▄█▄▀▀█▄▀ ▄▄█▀▀▀▄▀▀▀▀   ▀███  █▀██  ▀▄█▄▀▀█▀▀▄▀▀▀█
█▀█▀ ▀█▄█▄▀ ▀▀ ▀▄  ▄▄█  ▀█▀ █▀▀▄▄██ ▄▀█▀▄▀ █  ▄▄ █ ██ ▀▀▀▀█
█  ▀▀▀▄▄▀▄▄▄▄█▀█▄▄▄▄█▄▄▀ ▀█▀▀▀█ ▄  █ ▄▀▄██▀ ▄▀▄▄ ▀ ▄███▀▄ █
█▄ ▀█ ▄▄▄ ▄█▄▄▀▀█▄▄█ ▀▄█▀▀▄ ▄▄▄   ▀▄██▀▄▄▀▄▄███▄█ ▄▄▄ ▀  ▀█
█  █▀ █▄█ ▀▄▄█ ▄▄█▄▀█▄▄█ ▀▀ █▄█ ▀███   ▄▀▀  ▄█▄█▀ █▄█ ▄ ▀ █
██▀██ ▄▄▄▄▀ ▄ ▄▄▀ █▄▄█▄▀  █▄ ▄ ▄ ▀▄▀▀ ▀█▄█▄ █  █ ▄ ▄▄▄▀▀ ▀█
█   ▄  ▄ ███  ▄▄▀▄█▄ ▄██▀ █ ▄█▀ ▄▀▀█▄  █▀█ ▀▀██▄▀▄▄▀█▄▀   █
█▀██▀█▄▄█▄▀▀▀  ▀▄█▀▄▄██ ▀▀▀▄ ▄▀ ▄█  ██ ▀█ ███ ▀▄▀▀▄▀██▀▀█▀█
█ █ ▄█▀▄▀ █ ▄▀ ▀▀█  ▀▀██▄ ▄▀▀█▀▄ ▀▄▄ ▄ ▄ ▀▀ ▄█▀▄▀▀▄█▄█▀ ▄ █
█▄█▄ ▄▀▄▄▄█▀▀  ▄▀█▀█▀  ▄▄ █ ▀█▄▄▀▄▀██ █▀ ▄▄█ █▀▄▀▄ █▄ ▀▀▄▄█
██▄▀ ▄▀▄█▄▀▀▀▀█▀█▄▄ ▄▄▀▀ ▀█▀▀▄█▄▀█▀█▄ ▀█▀▀▄  ██▄█ ▀▄▄█▄██▀█
█▀▄▀▀▄█▄▀▀█▄▀ ▄ ▄█▀  ▄▀ █▀█▀▀▄ ▄▀▀ ▀▀▀▀▄▄▀▄█▄▀█▄▄▄▄█ █▀ ███
█▀▀█▄▄█▄▄ ▀▀█▀ █ ▄▀ ▀█▀▄  ▄█▄▄ ▄ █▄█▄▄▀▄█▀▄ ▄▀▄▄▀▀█▀██▀▀▄▀█
█ ▀ ▀▀▄▄▀█▀▄█▄▄ ▀█ █ ▄█▀▄▄█▄█▄▄ ▀▀▄ ▀█▀▄▀▀▄▀ ▄▄▄▀█ █▄▀▀ ▀▀█
███████▄█▀▀██▄▀▄▀▄▄  ▄▀█▄▀▀ ▄▄▄ █▀▄█▀  ▄██   ███▀ ▄▄▄ ▀████
█ ▄▄▄▄▄ █▄ █ ▀▀▄▄ ▀ ▀▄▀█▄▄█ █▄█ ▄▀ ▀▀██  ▀▀▀ ▀▄█▄ █▄█ █▀ ██
█ █   █ █ ███▀▄▄▄▀ ▄▄███▀▄  ▄  ▄▄▀▄█▄▄▀▄███ ▀▀██ ▄  ▄▄▄▀▄██
█ █▄▄▄█ █ ▀█ ▀▀▀▄ █▄▄█▀▄▀█▀▀▄█▀█▄▄█  ▄ ▄▀▀ ▀██ ██▄ ██▀  ███
█▄▄▄▄▄▄▄█▄▄█▄██▄▄▄▄▄▄▄██▄█▄█▄██▄▄▄▄▄▄▄▄████▄▄██████▄████▄██

▄▄▄▄▄▄▄▄▄▄▄▄▄▄▄▄▄▄▄▄▄▄▄▄▄▄▄▄▄▄▄▄▄▄▄▄▄▄▄▄▄▄▄▄▄▄▄▄▄▄▄▄▄▄▄▄▄▄▄
█ ▄▄▄▄▄ █▀▀▀▄▀ ▄ ██▄▄█  █  ██▀ ▄ ██▀█▀▄▀▀▀  ▄▀▄▄ ██ ▄▄▄▄▄ █
█ █   █ █▀ ▄█  ▄██ ▀▄▄▄█  ▀█▄█   █▀▀ ▀▄ ███▀▀▄ ▄ ██ █   █ █
█ █▄▄▄█ █▀ ▀█ █▀▄██▀▄ ▄█▀ █ ▄▄▄ █▀▄▀▄  ▀▄▄▀▄▀▄▀▀▄██ █▄▄▄█ █
█▄▄▄▄▄▄▄█▄█▄▀▄▀ ▀▄█ ▀ ▀▄█ █ █▄█ ▀▄█ ▀▄▀▄▀ ▀ ▀ █▄▀▄█▄▄▄▄▄▄▄█
█ ▄  ▄▀▄ ▄▄▀▄▀ ▀ ▄▀▄▄▄▀▀▀▀▄▄▄▄  ▀█▀█▀  ▄▀█▀▀▄█▄▄▄▀▄█▄▀▄▀ ▀█
█▀   ▀ ▄█▀▀▄▀▄▄ ▄ ▀ ▀▀▀ ▀▀▄▄ ▀▀▄▀█ ▄  ▀▄ ▄██▄▀▀▀▄▄▄▄▄▀▀▀ ▀█
█▄█ █▀▄▄ ▄ █▄▀▄▄▀▄▀ ▀█▀▄▄▀ ▄▀█▀█▄█▄▄  ▀██▀ ▀ ▀█▄▀▀ ▄▄█▀ ███
█▀ █▄█▄▄ ▀ ▄█▀▀█▄▄▄█  █ █▄▄▄ ██  █▄█▀▄█▄ ▀█  ▄  █ ▀ ▀▀▄ ▄██
█▄▄█▀ █▄▄█ █ █ █▀▄▄▄▀▄██  ▄▄▀ █ ▄█▀▄█▄ █▀▀▀  ▀██ ▀▄▄▀▀ ▀█ █
██▀█▀▀▀▄▀█ ▄▄█▀█▄██▄█▀▀█▄▄ █▀ ▄▀▄██▄▀█ █▄█ ▀  ▄▀▄ ▄  █ ▀▄▀█
█▄ █▀▄▄▄█▀▄█ █▀█▄▀ ▄▄█▀▀▀▄▀▀▀▀  ▄███▀▄ █▀▀█  █▄█▄▀ █▀▀▄▀▀▀█
█▀█▀   ▄█▄▄█▄▄▀▄▄  ▄▄█  ▀█▀ █▀▀▄█▄█ ▄ █▀▄▀ █▀ ▄▄ █ ▄▀▄▀▀▀▀█
█  ▀▀▀█▄▄█▄▀█ █ ▄▄▄▄█▄▄▀ ▀██▀▀█ ▄  █ ▄▀▄██▀ ▄▀▄▄▄▀ ████▀▄ █
█▄ ▀█ ▄▄▄ ▄█ █▀▀█▄▄█ ▀▄█▀▀█ ▄▄▄   ▀ ██▀ ▄▀  ██▀▄▄ ▄▄▄ █  ▀█
█  █▀ █▄█ █ ▄█ ▀▄█▄▀█▄▄█ ▀█ █▄█ ▀█▄█   ▄▀▀  ▄█▀█▄ █▄█ ▄▀▀ █
█  █ ▄▄▄▄ ▀ ▄ ▄▄▀   ▄█ ▀  ▄  ▄ ▄ ▀▄ █ ▄▄▄▀▄▀█ █▄▄▄▄▄▄▄ ▀ ▀█
█▀█▀▄  ▄▀ ██  ▄▄▀▄  ▀▄▀█▄▀█ █▄▀ ▄▀▀█ ▄█▄▄█ ▀█▀█▄█ ▄▀██▀▀▄▄█
█▀▀▄ █▄▄█ ▀▀▀  ▀▀▄▀▄ ▄█ ▄▀▀▄▀▄▀  █  ▀ ▀ ▀▀▄▄█▀▀▄▀▀▄▀██▀▀ ▀█
██  ▄█▀▄▀ █ █  ▀▀█  ▀▀██▄ ▄▀▀█▀ ▄▀▄▄ ▄ ▄██▀ ▄█▀▄▀▀▄█▄█▀ █▀█
█▄█▄ ▄▀▄▄▄█▄    ▀█▀█▀  ▄▄ █ ▀█▀▄▀▄▀██▀█▀▀█▄█ █▀▄▀▄ █▄ ▀▀▄▄█
██▄▀ ▄ ▄█▄███▄▄▀█▄▄ ▄▄▀▀ ▀█▀▀▄█▄▀█▀█▄ ▀█▀▀▄  ██▄█ █▀▄█▄▀█▀█
█▀▄▀▀▄█▄▀▀▄████▄▄█▀  ▄▀ █▀█▀▀▄ ▄▀▀ █▀▀▀▄▄▀▄█▄▀▀▄▄▄▄▀ █ ▀███
█▀▀▀▄▀▄▄ ▄▄▀█▀█  ▄▀ ▀█▀▄  ▄█▄▄ ▄ █▄▄▄▄ ██▀▀▀▄▀▄██ ▄▀▄█ ▄▄▀█
█ ▀ ▀▀▄▄  ▀▄█▄▄ ▀██  ▄▄▀▄▄█▄█▄▄ ▀▀▄ █▀█ █▀▀      █▀▀█ ▀▀▀▀█
███████▄█▀▀██▄▀▄▄▄   ▄█▀▄▀▀ ▄▄▄ █▀▄█▄▄ ▄██▀▀██▄██ ▄▄▄ ▀████
█ ▄▄▄▄▄ █▄ █ ▀▀▄▀█▀  █▀█ ▄█ █▄█  ▀ ▀██▄ ▄ ▀▀█ ▄█▄ █▄█ █▀ ▀█
█ █   █ █ ██ ▀▄▄▄▀ ▄▄███▀▄  ▄  ▄ ▀▄██▄▀▄█▀█  ███ ▄  ▄ ▄▀▄██
█ █▄▄▄█ █ ▄ ▀▀█▀▄ █▄▄█▀▄▀█▀▀ █▀██▄█ ▀▄ ▄   ▀██ ██▄ █ ▀  ███
█▄▄▄▄▄▄▄█▄██▄▄▄▄▄▄▄▄▄▄██▄█▄████▄▄▄▄▄▄▄▄████▄▄██████▄▄███▄██

▄▄▄▄▄▄▄▄▄▄▄▄▄▄▄▄▄▄▄▄▄▄▄▄▄▄▄▄▄▄▄▄▄▄▄▄▄▄▄▄▄▄▄▄▄▄▄▄▄▄▄▄▄▄▄▄▄▄▄
█ ▄▄▄▄▄ █▀▀▀▄▀ ▄▄▀▄▄ █     ██▀ ▄ ███▀▀▀▀█▄ ▄ █▄▄ ██ ▄▄▄▄▄ █
█ █   █ █▀ ▄▀  ▄█▄ ▀▄█▄█  ▀█▄█  ▀█▀▀▀ ▄ ▀▄█▀ █ ▄ ██ █   █ █
█ █▄▄▄█ █▀ ▀▀██▀▄██▀▄ ▄█▀ █ ▄▄▄ █▄▄▀▄  ▀ ▄▀▄█▀▀▀▄██ █▄▄▄█ █
█▄▄▄▄▄▄▄█▄▀ █▄▀ ▀▄█ ▀ ▀▄█ █ █▄█ ▀▄█ ▀▄▀▄▀ ▀ ▀ █▄▀▄█▄▄▄▄▄▄▄█
█ ▄  ▄▀▄▄▄▀  ▄ ▀ ▄▀▄▄▄▀▀▀▀▄▄▄▄  ▀█▀█▀  ▄▀█▀▀▄█▄▄▄▀ █▄█▄▀ ▀█
█▀    ▀▄▄█ ▄ ▄▄ ▄ ▀ ▀▀▀ ▀▀▄▄▄▀▀▄▀█▄   █▄ ▄██▄▀▀███▄██▀▀▀ ▀█
█▄█▄█▀▄▄▄▄█▀▄▀▄▄▀▄▀ ▀█▀▄▄▀ ▄▄█▀█▄█ █  ▀██▀▀  ▀█▄ ▀ ▄ ██ ███
█▄▀█▀█▄▄▀  ▄█▀▀█▄▄▀▀  ▀▄█▄▄▄▀█▀  ██▄▀ ▄ ▄▀█    ▀ ▀▀ ▀▀▀ ▄██
██ ▄  █▄▄█ █ █ █ ▄  ▄▄██▄▀▄▄▀ █ ▄█▀█ ▄▄███▀▀▄▀▄█ ▀▄▄▀▀▀ ▀ █
█ ▄▄█▀▀▄▀█ ▄▄█▀████▄▄▄▀█▄█ █▀ ▄▀ ██▄█▀ ▄▄▄ ▀  █ ▄  ▄ █ ▀█▀█
████▀▀▀▄█▀▄█▀▀▀█▄▀ ▄▄█▀▀▀▄▀▀▀▀  ▄███▄  ████  █▄█▄▀▀▄▀▀▄▀▀▀█
█▀█▀ ▀▄▄▀▄ ▄▄▄▀▀▄  ▄▄█  ▀█▀ █▀▀▄███ █▀█▀▄▀ █▀▀▄▄ █▀▄▀ ▀▀▀▀█
█  ▀▀▄█▄▀ ▀▄▀▄█▄▄▄▄▄█▄▄▀ ▀▀█▀▀█ ▄  █ ▄▀▄██▀ ▄▀▄▄▀▀ ▄███▀▄ █
█▄ ▀█ ▄▄▄ ▀▄▄▄ ██▄▄█ ▀▄█▀▀  ▄▄▄   ▀▄███▄▄▀▄ ███ ▄ ▄▄▄ ▀  ▀█
█  ▀▄ █▄█ ▀█▄█▀ ▄█▄▀█▄▄█ ▀▀ █▄█ ▀█▀▄   ▄▀▀  ▄██▄▄ █▄█ ▀ ▀ █
█▀▀▀▄▄▄▄▄▄▀ ▄ ▄▄▀ ██▄█▀█  █▄ ▄ ▄ ▀█ █ █▄ ▀█ █▄▄▄ ▄▄ ▄▄▀▀ ▀█
█▄▀    ▄  ██  ▄▄██▄ ▀▄▀█▀▀█ █▄▀ ▄▀▀█ ▄▄█▀██  ▀█▄█▀▄▀█▄    █
██▀▀▄█▄▄ ▀▀▀▀  ▀▄ ▀▄▄▀█ ▀▄▀▄▀▄▀  ▀  █ ▀ ████▀▄▀▄ ▀▄▀ █▀▀▀██
█▀█ ▄█▀▄▀ █ ▄▀ ▀▀█  ▀▀██▄ ▄▀▀██▄▄▀▄▄ ▄ ▄█▀▀ ▄▀▀▄▀▀▄█▄█▀ █ █
█▄█▄ ▄▀▄▄▄  ▀█▄▄▀█▀█▀  ▄▄ █ ▀█▄  █▀█▄ █▀ █▄█▀▄▀▄▀▄ █▄ ▀▀▄▄█
██▄▀ ▄█▄█▄█▄ █▄▀█▄▄ ▄▄▀▀ ▀█▀▀▄█▄▀█▀█▄ ▀█▀▀▄  ██▄█ ▄█▄█ ██▀█
█▀▄▀▀▀ ▄▀▀   █▄ ▄█▀  ▄▀ █▀▀▀▀▄ ▄▀▀ █▀▀▀ ▄▀▄▀▄▀█▄▄▄▄▀ █  ███
█▀▀▀█ ▄▄█▀ ▀█▀█▄ ▄▀ ▀█▀▄  ▄▄▄▄ ▄ █▄▄▄▄ ██▀  ▄▀▄▄▀▄  ██▀▀▄▀█
█ ▀ ▀▀▄▄ █▀▄█▄▄ ▀██▀ ▄██▄▄▄██▄▄ ▀▀█▀▀█▄▀█▀▄▄▄  ▀▀▄▄██▄▀▀▀▀█
███████▄▄▀▀██▄▀▄▄█   ▄▄▀▀▀▀ ▄▄▄ █▀▄█▀▄▄▄▀▀ ▀▀▀ ▄▀ ▄▄▄  █▀▀█
█ ▄▄▄▄▄ █▄ █ ▀▀▄▄█▀  ▄▀█▄██ █▄█  █ ▀▀▄▄ ▀▄▀ ███▄█ █▄█ █▀▀▀█
█ █   █ █ ██▀▄▄▄▄▀ ▄▄███▀▄  ▄  ▄ █▄██▄▀▄███ ▄▀██▀▄  ▄ ▄▀▄██
█ █▄▄▄█ █ ▄▄  ▄ ▄ █▄▄█▀▄▀█▀▀▄█▀█▄██ ▀█ ▄▀▀ ▀▄▄ ██▄ █▄█  ███
█▄▄▄▄▄▄▄█▄▄▄▄▄██▄▄▄▄▄▄██▄█▄████▄▄▄▄▄▄▄▄████▄▄██████▄█▄██▄██

▄▄▄▄▄▄▄▄▄▄▄▄▄▄▄▄▄▄▄▄▄▄▄▄▄▄▄▄▄▄▄▄▄▄▄▄▄▄▄▄▄▄▄▄▄▄▄▄▄▄▄▄▄▄▄▄▄▄▄
█ ▄▄▄▄▄ █▄█▀ █▀▀█▀   ██ ▄▄ ▀▀▀▄  ▀██ ▄ ▀█▀▄▄▄  ▄ ██ ▄▄▄▄▄ █
█ █   █ █ ▀█▀█▀▄▄▄  ▄██▄ ▀ ██▄ ▀▀█  ▀▀█ █▄█  ▄▀▄ ██ █   █ █
█ █▄▄▄█ █▄▀▀▄ ▀ ▀▀▄▄ ▀▀▀ █▀ ▄▄▄ ▀▀▀█▀ ▄ ▄▄ ▀█▄▄▀▄██ █▄▄▄█ █
█▄▄▄▄▄▄▄█▄█ ▀ ▀▄█▄▀▄▀▄█▄▀▄█ █▄█ ▀ ▀ █ ▀ █ █▄▀▄▀▄█ █▄▄▄▄▄▄▄█
█ ▄  █▀▄█▄   █▀▀▀█▀██▄  ▀ ▀▄▄▄   █ ▄▀▀▀▄ ▄▀ ████▄  █▀▄▄ ▀ █
█▄▄▀██ ▄█▄▀█▄▄ ▀▀▄ ██ ▄▄ ▄██▀▀ ▀█▄▀▄▀██▀█     ▄▀▄▄ ▄ ▀ ▄▄ █
█ ██ ▀ ▄  █▄ █▄ █▄█▄▀▀█▄ █▀▀▀▀█▀▄▀ ▄▄▄ ▀▀▀▄▄ █▀▄ █  ▀█▀▄█▀█
██▀▄█▄▄▄▀▀▀██  ███▄▀▀ ▄ ███▄ █▀▀▀█  ▀▀ ▄█ ▄▀█▄█▄ ▀  ▀   ███
█  ▄▀▄▄▄ ▄█▀▀ ▄▄  ▀▀█▄▄█▀█ █▄▄ █ ▄▄▀▀█▄▄██▀█▄▄▀▀▀▄ █▄█▀█▀██
█▄▄  ▀▀▄▀▀▄▄ ▀▀▀█ ▀  ███ █ ▀█ ▀█ ▀▀▄▀ ▀▀█▄██ █ ▀ ▄▄▄▄█▄█▄██
█▀██ ▀▄▄▄▀█▄▄▀ ██  ███  ▀█ ▀   ▀█▀▄▄▄▀▀█  █▀▀▀█▄▄ ▀█  ▄  ▀█
█▄▀ ██▀▄█▀█▀▀   ▀▄▀▀ ▄█▄  █▀ █ ▀ █ ▄██▀ ▀█▀ █ ▀ ▀  █ ▄ ▄█ █
█▄ ██ ▄▄█▄ ▄▀██▄ ▄  █  ▀▄██▀█▀▀▄▄▄▄█▄ ▀ ▀██▄▄█ ▄█▄ ▀▀▀▀█▄▄█
██▀▀▄ ▄▄▄  █▄▄▀▄▄█▄▄▀▀█▄▀ █ ▄▄▄ ▀  ██▄  █ ▄█▄█▄▀▀ ▄▄▄ █▀▀▀█
██▄▀▀ █▄█ ███  █▀▀█▄▀█▀▀▀▄█ █▄█ █▄█▀▀█▄█▄█▄█ ▄█ ▄ █▄█ ▄▄█▀█
█  ▀  ▄▄  █  ▄▄ █ ██▄▀█▄▄▄▄ ▄▄▄  █▀ ▀ ▄█▄▀▄██ █▄▀ ▄▄ ▄█▄ ██
█ █▄█▀ ▄█▀▄▄ ▀█▄█▄ ▀ ▄▄ ▀ ▄ ██▀▀█▀ ▄▄█▄▄    ██▄▄▀██▀██▀▀▀▄█
██▄▀▀▀█▄▄▄▄█ █▄ ▀▀ ▀▀  ▄█ ███  █ ▄█▄▀ ▄▀▀█▄▀▄ █▀ ▄  ▄  ▄ ▄█
█▄▄▄ ██▄▀▄▀ ▄▀ ███▄▄▀█▀█ ▄▄█████ █ ▄▀▄  ▀██▄▀██▄██▄▀ ██▄█▄█
██▄▄▀█▀▄█▄▀▄  ▀▀ ▄▀▄  ▀█▄▀▄  ▄▄▀▀█ ▄█ ▄▀ ▄▄▄ █ █▀█▀██▀▀ █▄█
█   █  ▄▀█▀ ▀ ██  ██ █▄█▀▄▀ ▄ ▄▀█▄▄▀███▄▄███▄▄  ▄█▀▀▀▀▀ ▀ █
██▄██▀ ▄▀█▀ ▄ ▄▄ ██▄  █ ▀████▄▄ ▀█▄███▀  ▀ █▄██   ▄█▄█ ██▀█
█  ▀  █▄ ▀▀ █ ▄█▀█▀▀ █ █ ▀█▀██ █▀█▄▄▄█ █▄ █▀█▀▄▄██ ▄ █▄ █▀█
█ ▀ ▀▀▄▄ ▀▄ ▄▀ ▀▄▀▄ ▄██ █▀▀▀  ███ ▀▄▄▄ ▄ █▀  ▀▀▄▄▀▄ ██▀▄█ █
███████▄█▀██▀ ▀ ▀█    ▀▀▀█▀ ▄▄▄ ██ █▄▄  ▀▀▄▄ █ ▄▀ ▄▄▄ ▄ ▀▀█
█ ▄▄▄▄▄ ██▀▄   ▄▄▄▀▀▀▄ ▄█ ▄ █▄█ ▀▀▀  ██▀▄▄ ▀█▀██  █▄█ █ ███
█ █   █ █▀ ▀█▄ █▀█▀▀ ▄ ▀ ▀▄ ▄▄  █ ▀▀▄▀██▄▀▄█   ▀  ▄  ▄█▄▀██
█ █▄▄▄█ █ ▄▀▀▄ █  ▀ ▄▀█▄█▀▀█▀██▀▄ ▀ ▄   ▄▀▄█▄▀▄█▀  ▀█▀▄▄█▀█
█▄▄▄▄▄▄▄█▄██▄▄█▄██▄██▄▄▄▄▄███████▄██▄███▄▄████▄▄█▄▄▄▄▄█▄███

▄▄▄▄▄▄▄▄▄▄▄▄▄▄▄▄▄▄▄▄▄▄▄▄▄▄▄▄▄▄▄▄▄▄▄▄▄▄▄▄▄▄▄▄▄▄▄▄▄▄▄▄▄▄▄▄▄▄▄
█ ▄▄▄▄▄ █▄█▀ █ ▀█▀ ▀▄▀▄ ▀▄ ▀▀▀▄  ▀▀▀▀ ▄▀▄▄▄▄█▄ ▄ ██ ▄▄▄▄▄ █
█ █   █ █ ▀█▀▀▀▄▄█  ▄▄█▄ ▀ ██▄ ▀ █  ▀ █ █▄█  ▄▀▄ ██ █   █ █
█ █▄▄▄█ █▄▀█ █▀ ▀▀▄▄ ▀▀▀ █▀ ▄▄▄ █ ▀█ ▄▄    ▀██▄▀▄██ █▄▄▄█ █
█▄▄▄▄▄▄▄█▄█▄▀▄▀▄█▄▀▄▀▄█▄▀▄█ █▄█ ▀ ▀ █ ▀ █ █▄▀▄▀▄█ █▄▄▄▄▄▄▄█
█ ▄  █▀▄▀▄ ▀▀█▀▀▀█▀██▄  ▀ ▀▄▄▄   █ ▄▀▀▀▄ ▄▀ ████   ██ ▄ ▀ █
█▄▄▀█▄ ▄ ███▄▄ ▀▀▄ ██ ▄▄ ▄▄█▀▀ ▀█▄█▄▀████ ▄▄  ▄▀▄▄ ▄▄  ▄▄ █
█ █▄▀▀ ▄▀ █▄ █▄ █▄█▄▀▀█▄ █ ▀▀▀█▀▄▀▀█▄▄ ▀▀▀▄▄ █▀▄▄█  ▀█▀ █▀█
██▀▀█▄▄▄ ▀▀██  ███▀ ▀ █▀███▄ ▄▀█▀██▄▀█ ▀█  ▀▀ ▀▄▄     ▀ ███
█ ▄ ▀▄▄▄ ▄█▀▀ ▄▄▀ ▀█▄▄ █▀▄ █▄▄ ▄ ▄▄ ▄▀█▄▀▀█▄   ▀▀▄ █▄█ ▄▀██
██ ▀▄██▄▀▀▄▄ ▀▀▀▀ ▀ ▀▀██▀█ ▀█ ▀█▄█▀▄▀▄ ▀ ▄▄██▄ ▀ ▄  ▄█▄█ ██
█▄██ ▄ ▄▄▀█▄█▄ ██  ███  ▀█ ▀   ▀█▀▄▄ █▀█ ▄█▀███▄▄ ▄█  ▄ ▀▀█
█▄▀ █▄▀▄▀█▀▀ ▀▄█▀▄▀▀ ▄█▄  █▀ █ ▀ ▄ ▄██▀ ▀█▀ █▀▀ ▀  ▀▄  ▄█ █
█▄ ██▄█▄▀▄█▀▄▀▀▄ ▄  █  ▀▄█▀▀█▀▀▄▄▄▄█▄ ▀ ▀██▄▄█ ▄█▄▀▀█▀▀█▄▄█
██▀▀▄ ▄▄▄ ▄▄▄█▄▀▄█▄▄▀▀█▄▀ ▀ ▄▄▄ ▀ ▄▀█▄▄ █ ▄▀▄█▄▀  ▄▄▄ ▀▀▀▀█
██▄▀█ █▄█ ▀ █ ▀ ▀▀█▄▀█▀▀▀▄█ █▄█ █▄  ▀█ █▄█ ▄ ▄  █ █▄█  ▄█▀█
█▀█▄▄ ▄▄ ▄█  ▄▄ █ ▄▄▄▀▄▄▄▄▄▄▄▄▄  █▀ █ ▄  ▀▀█▀ ▄▀▀   ▄ ██ ██
██▀█▀▀ ▄  ▄▄ ▀█▄█▄ ▀ █▄  ▀▄ █▄▀▀█▀ ▄▄█▀█▀ ▀▀█▀█▄▀▄█▀██ ▀▀▄█
█▀██▄▀█▄  ▄█ █▄ ▀  ▀██ ▄████   █▄ █▄▀▄█▀▀██ ▄██▀ ▄  █▀ ▄▄▄█
██ ▄ ██▄▀▄▀ █  ███▄▄▀█▀█ ▄▄███ ▀▄█ ▄     ██▄ ▀█▄██▄▀ ██▄▄██
██▄▄▀█▀▄█▄▀█▀█▀█ ▄▀▄  ▀█▄▀▄  ▄▄▀▀▄ ▄█ ▄▀ ▄▄▄ █ █▀█▀██▀▀ █▄█
█   █▄▀▄▀█ █▀▄▄   ██ █▄█▀▄▀ ▄ ▄▀█▄▄▀███▄▄███▄▄  ▄█▄▄▀▀▀ ▀ █
██▄██▀▀▄▀█ ▀ ▄█▄ ██▄  █ ▀█▀██▄▄ ▀█ ████  ▀▄▀▄█▀▄▄▀▄█▄█ ██▀█
█  ▄▀▄▄▄▀▀▀ █ █▄▀█▀▀ █ █ ▀▄███ █▀█▄▄▄█ ▄▄ █▀█▀▄▄▀▄▀▀▄█▄ █▀█
█ ▀ ▀▀▄▄██▄ ▄▀ ▀▄▀▄▀▄██▀█▀▀▀  ███ ▀█▄▄ ▀ ██  ▀ ▄▄▀▄ ██ ██ █
███████▄█ ██▀ ▀ ▀█▄  ▀██▄█▀ ▄▄▄ ██ █▄▄▄ ▀█▀▄▄▀ ██ ▄▄▄ ▄ ▀██
█ ▄▄▄▄▄ ██▀▄   ▄ ▄▀▀██ ▄█ ▄ █▄█ ██▀  ▀█ █▀    ▄██ █▄█ █  ██
█ █   █ █▀ ▀ ▄ █▀█▀▀ ▄ ▀ ▀▄  ▄   ▄▀▀▀███▄█▄█▄  ▀  ▄  ▄█▄▀▄█
█ █▄▄▄█ █ ████▄▀  ▀ ▄▀█▄█▀▀█▀██▀▄ ▀ ▄   █▀▄██▀▄█▀  ▀ ▀▄▄█▀█
█▄▄▄▄▄▄▄█▄████████▄██▄▄▄▄▄██▄████▄██▄███▄▄████▄▄█▄▄▄▄▄█▄███

▄▄▄▄▄▄▄▄▄▄▄▄▄▄▄▄▄▄▄▄▄▄▄▄▄▄▄▄▄▄▄▄▄▄▄▄▄▄▄▄▄▄▄▄▄▄▄▄▄▄▄▄▄▄▄▄▄▄▄
█ ▄▄▄▄▄ █▀▀▀▄▀ █▀███ ▀ ▀▄▄ ██▀ ▄ █▀█ ▀▄█▀▀ ▄▀▄▄▄ ██ ▄▄▄▄▄ █
█ █   █ █▀ ▄█▄ ▄▄█ ▀█▄▄█  ▀█▄█  ▄▄▀▀  ▄ ███▀▄▄ ▄ ██ █   █ █
█ █▄▄▄█ █▀ █▀▄█▀▄██▀▄ ▄█▀ █ ▄▄▄  █▄▀ ▀ ▀ █▀▄ █▀▀▄██ █▄▄▄█ █
█▄▄▄▄▄▄▄█▄▀ ▀▄▀ ▀▄█ ▀ ▀▄█ █ █▄█ ▀▄█ ▀▄▀▄▀ ▀ ▀ █▄▀▄█▄▄▄▄▄▄▄█
█ ▄  ▄█▄ ▄▄▄▄▀ ▀ ▄▀▄▄▄▀▀▀▀  ▄▄  ▀█▀█▀  ▄▀█▀▀▄█▄▄ ▀ █▄█▄▀ ▀█
█▀   ▀ ▄█  █ █▄ ▄ ▀ ▀▀▀ ▀▀██ █▀▄▀█▄▄  █▄ ▄██▄▀▀█ ██▄▄▀▀▀ ▀█
█▄█▀▀▀▄▄█ ▀▄▄▀▄▄▀▄▀ ▀█▀▄▄▀ ▄▀▀▀█▄█▄█   ██▀▀  ▀█▄▀  ▄▄██ ███
█    █▄▄▀  ▄█▀▀█▄▄█▀  █▄█▄▄▄ █▀  █▄ █▄▀▄▄▀█  ▄▄▄█▄▀ ▀▀  ▄██
█ ▀   █▄▄█ █ █ █▀▄▄▄█▄▀█ ▀▄▄▀ ▀ ▄█▀█ ▄ █ █  ▄█▄█ ▀▄▄▀▀▀▀▀ █
███ ▄▀█▄▀█ ▄▄█▀█▄▄█▄ ▄▀█▄█ █▀ █▀▄▀█▄▀  ▄█ ▀▀█ █▀▄  ▄ █ ▀▄▀█
█▀▄█▀  ▄█▀▄█▄▄▀█▄▀ ▄▄█▀▀▀▄▀▀▀▀   ███   ██▀█ ▄▀▄█▄▀▀█▀▀▄▀ ▀█
█▀█▀ ▀▄▄▀  ▄▄ █ ▄  ▄▄█  ▀█▀ █▀▀▄▄██ █▀█▀▄▀ █▀ ▄▄ █▀ ▀▄▀▀▀▀█
█  ▀▀▀█▄█▄█▀▀ ▀▄▄▄▄▄█▄▄▀ ▀██▀▀█ ▄  █ ▄▀▄██▀ ▄▀▄▄▀▀▀▄█▀█▀▄ █
█▄ ▀█ ▄▄▄ ▀▄▀▄▀ █▄▄█ ▀▄█▀▀▄ ▄▄▄   ▀ ██▀ ▄▀  ███ ▄ ▄▄▄ ▀  ▀█
█  ▄█ █▄█ ▀▄▄███▄█▄▀█▄▄█ ▀▀ █▄█ ▀███   █▀▀▀ ▄█▄▄▀ █▄█ █▄▀ █
█▄ ▄▀ ▄▄ ▄▀ ▄ ▄▄▀ ▀▄▄█ ▀  █▄ ▄ ▄ ▀▄▀█▄█  ▀▀▀▀  ▀▄▄▄▄▄▄▀  ▀█
█▄▀▀   ▄▄▀██  ▄▄▄▄▀▄▀▄█▀▀ █ ▄█▀ ▄▀▀█ ▄ █▀▀   █▄▄▀ ▄▀█▄ ▀ ▄█
██▀ ▄█▄▄▄█▀▀▀  ▀█▄▀▄▀▄█ ▄█▀▄ ▄▀  ▀  ▀█▀ ▄▄█▄██▀█▀▀▄▀▀▄▀▀▄▀█
██▀ ▄█▀▄▀ █ ▄█ ▀▀█  ▀▀██▄ ▄▀▀█▄▀▀█▄▄   ▄█▀▀  ▀▀▄▀▀▄█▄█▀ █▀█
█▄█▄ ▄▀▄▄▄█▀▄  ▀▀█▀█▀  ▄▄ █ ▀█▀▄ █▀█▄▀█▀▀▄▄█ █▀▄▀▄ █▄ ▀▀▄▄█
██▄▀ ▀▄▄█▄▀  ▀▀▄█▄▄ ▄▄▀▀ ▀█▀▀▄█▄▀█▀█▄ ▀█▀▀▄  ██▄█ ▀█▄█ ██▀█
█▀▄▀▀▄▄▄▀▀  ▄▄▄ ▄█▀  ▄▀ █▀█▀▀▄ ▄▀▀ ▀▀▀▀ ▄▀ ▀▄▀█▄▄▄▄▀ ██▀███
█▀▀▄▀▄▄▄▀█  █▀▀▄ ▄▀ ▀█▀▄  ▄▀▄▄ ▄ █▄▄▄▄▄██▀ ▀▄▀ ▄██▄▀█▄ ▀▄▀█
█ ▀ ▀▀▄▄██▀▄█▄▄ ▀█   ▄ █▄▄▄▄█▄▄ ▀▀█ ██▀▄███▀▄ ▀  █▄█▀█▀▀▀▀█
███████▄█▀▀██▄▀▄▄▄ ▄ ██▀▀ ▀ ▄▄▄ █▀▄██  ███ ▀ ▀▄██ ▄▄▄  ▄▀▀█
█ ▄▄▄▄▄ █▄ █ ▀▀▄  ▀ ▄▄▀█ ██ █▄█ ▄█ ▀▄▄█ ▀▄▀▀█ ▄▄█ █▄█ █▀▄██
█ █   █ █ ██ ▄▄▄▄▀ ▄▄███▀▄     ▄ █▄█ ▄▀▄█▀█  ███ ▄  ▄▄▄▀█▄█
█ █▄▄▄█ █ ▀▄ █  ▄ █▄▄█▀▄▀█▀▀▀▀▀█▄██ ▀█ ▄▀  ▀██ ██▄ █▀▀  ███
█▄▄▄▄▄▄▄█▄█▄▄█▄█▄▄▄▄▄▄██▄█▄█▄██▄▄▄▄▄▄▄▄████▄▄██████▄▄███▄██

